file,replicate,time,border_l,border_r,offset_l,offset_r,displacement,zoom
aerobicyeast_001.datx,A,0.611111111111111,1711,4777,0,0,1717,10
aerobicyeast_004.datx,A,0.851111111111111,1707,4776,0,0,1715,10
aerobicyeast_007.datx,A,1.09111111111111,1709,4778,0,0,1715,10
aerobicyeast_010.datx,A,1.32944444444444,1709,4778,0,0,1715,10
aerobicyeast_013.datx,A,1.56944444444444,1707,4779,0,0,1714,10
aerobicyeast_016.datx,A,1.80944444444444,1708,4780,0,0,1714,10
aerobicyeast_019.datx,A,2.04888888888889,1707,4785,0,0,1711,10
aerobicyeast_022.datx,A,2.28944444444444,1707,4787,0,0,1710,10
aerobicyeast_025.datx,A,2.52888888888889,1706,4787,0,0,1709,10
aerobicyeast_028.datx,A,2.76833333333333,1703,4789,0,0,1707,10
aerobicyeast_031.datx,A,3.00666666666667,1705,4792,0,0,1706,10
aerobicyeast_034.datx,A,3.24611111111111,1703,4794,0,0,1704,10
aerobicyeast_037.datx,A,3.48611111111111,1702,4795,0,0,1703,10
aerobicyeast_040.datx,A,3.72555555555556,1703,4799,0,0,1702,10
aerobicyeast_043.datx,A,3.965,1700,4799,0,0,1700,10
aerobicyeast_046.datx,A,4.20555555555556,1699,4804,0,0,1697,10
aerobicyeast_049.datx,A,4.445,1698,4806,0,0,1696,10
aerobicyeast_052.datx,A,4.68333333333333,1699,4807,0,0,1696,10
aerobicyeast_055.datx,A,4.92277777777778,1698,4815,0,0,1691,10
aerobicyeast_058.datx,A,5.16277777777778,1694,4815,0,0,1689,10
aerobicyeast_061.datx,A,5.45388888888889,1692,4818,0,0,1687,10
aerobicyeast_064.datx,A,5.69333333333333,1691,4820,0,0,1685,10
aerobicyeast_067.datx,A,5.93277777777778,1689,4823,0,0,1683,10
aerobicyeast_070.datx,A,6.17277777777778,1689,4830,0,0,1679,10
aerobicyeast_073.datx,A,6.41222222222222,1686,4832,0,0,1677,10
aerobicyeast_076.datx,A,6.65166666666667,1683,4835,0,0,1674,10
aerobicyeast_079.datx,A,6.89,1679,4836,0,0,1671,10
aerobicyeast_082.datx,A,7.13055555555556,1675,4842,0,0,1666,10
aerobicyeast_085.datx,A,7.37055555555556,1675,4846,0,0,1664,10
aerobicyeast_088.datx,A,7.61,1672,4852,0,0,1660,10
aerobicyeast_091.datx,A,7.84944444444444,1668,4855,0,0,1656,10
aerobicyeast_094.datx,A,8.08944444444444,1674,4845,0,0,1664,10
aerobicyeast_097.datx,A,8.32888888888889,1667,4852,0,0,1657,10
aerobicyeast_100.datx,A,8.56777777777778,1663,4857,0,0,1653,10
aerobicyeast_103.datx,A,8.80722222222222,1659,4771,0,37,1694,10
aerobicyeast_106.datx,A,9.04666666666667,1655,4865,0,0,1645,10
aerobicyeast_109.datx,A,9.28666666666667,1651,4869,0,0,1641,10
aerobicyeast_112.datx,A,9.52611111111111,1645,4873,0,0,1636,10
aerobicyeast_115.datx,A,9.93388888888889,1638,4885,0,0,1626,10
aerobicyeast_118.datx,A,10.3405555555556,1629,4894,0,0,1617,10
aerobicyeast_121.datx,A,10.7455555555556,1619,4903,0,0,1608,10
aerobicyeast_124.datx,A,11.1516666666667,1609,4914,0,0,1597,10
aerobicyeast_127.datx,A,11.5583333333333,1598,4926,0,0,1586,10
aerobicyeast_130.datx,A,11.965,1587,4937,0,0,1575,10
aerobicyeast_133.datx,A,12.3727777777778,1573,4946,0,0,1563,10
aerobicyeast_136.datx,A,12.7794444444444,1550,4980,0,0,1535,10
aerobicyeast_139.datx,A,13.1866666666667,1550,4971,0,0,1539,10
aerobicyeast_142.datx,A,13.6033333333333,1534,4974,0,0,1530,10
aerobicyeast_145.datx,A,14.0094444444444,1521,4987,0,0,1517,10
aerobicyeast_148.datx,A,14.4166666666667,1506,5001,0,60,1502,10
aerobicyeast_151.datx,A,14.8238888888889,1495,5016,0,30,1489,10
aerobicyeast_154.datx,A,15.2311111111111,1481,5032,0,0,1474,10
aerobicyeast_157.datx,A,15.6388888888889,1460,5047,0,-80,1456,10
aerobicyeast_160.datx,A,16.0466666666667,1440,5100,0,-90,1420,10
aerobicyeast_163.datx,A,16.4527777777778,1323,5094,0,-13,1364,10
aerobicyeast_166.datx,A,16.8627777777778,1415,5112,0,0,1401,10
aerobicyeast_169.datx,A,17.2711111111111,1405,5127,0,0,1389,10
aerobicyeast_172.datx,A,17.6794444444444,1392,5143,0,0,1374,10
aerobicyeast_175.datx,A,18.0894444444444,1378,5157,0,0,1360,10
aerobicyeast_178.datx,A,18.515,1364,5170,0,0,1347,10
aerobicyeast_181.datx,A,18.8872222222222,1352,5184,0,0,1334,10
aerobicyeast_184.datx,A,19.2583333333333,1340,5197,0,0,1321,10
aerobicyeast_187.datx,A,19.6283333333333,1328,5210,0,0,1309,10
aerobicyeast_190.datx,A,19.9988888888889,1316,5200,60,0,1308,10
aerobicyeast_193.datx,A,20.3694444444444,1305,5200,60,0,1302,10
aerobicyeast_196.datx,A,20.74,1293,5250,-370,0,1271,10
aerobicyeast_199.datx,A,21.1111111111111,1282,5250,85,0,1266,10
aerobicyeast_202.datx,A,21.4822222222222,1270,5250,830,0,1260,10
aerobicyeast_205.datx,A,21.8533333333333,1259,5250,50,0,1254,10
aerobicyeast_208.datx,A,22.2233333333333,1247,5270,190,0,1238,10
aerobicyeast_211.datx,A,22.5955555555556,1237,5270,80,0,1233,10
aerobicyeast_214.datx,A,22.9677777777778,1225,5290,90,0,1217,10
aerobicyeast_217.datx,A,23.3444444444444,1215,5290,0,0,1212,10
aerobicyeast_220.datx,A,23.6483333333333,1206,5315,30,0,1195,10
aerobicyeast_223.datx,A,23.9516666666667,1198,5352,0,0,1173,10
aerobicyeast_226.datx,A,24.2555555555556,1190,5414,0,0,1138,10
aerobicyeast_229.datx,A,24.5605555555556,1181,5369,0,0,1156,10
aerobicyeast_232.datx,A,24.8638888888889,1172,5385,0,0,1143,10
aerobicyeast_235.datx,A,25.1705555555556,1163,5389,0,0,1137,10
aerobicyeast_238.datx,A,25.4755555555556,1155,5400,0,0,1127,10
aerobicyeast_241.datx,A,25.7805555555556,1146,5410,0,0,1118,10
aerobicyeast_244.datx,A,26.0866666666667,1138,5424,0,0,1107,10
aerobicyeast_247.datx,A,26.3938888888889,1130,5438,0,0,1096,10
aerobicyeast_250.datx,A,26.6983333333333,1121,5447,0,0,1087,10
aerobicyeast_253.datx,A,27.0038888888889,1113,5468,0,0,1072,10
aerobicyeast_256.datx,A,27.31,1101,5469,0,0,1066,10
aerobicyeast_259.datx,A,27.6161111111111,1092,5450,30,0,1071,10
aerobicyeast_262.datx,A,27.9222222222222,1084,5481,0,0,1051,10
aerobicyeast_265.datx,A,28.2288888888889,1080,5505,0,0,1037,10
aerobicyeast_268.datx,A,28.535,1070,5504,0,0,1033,10
aerobicyeast_271.datx,A,28.8422222222222,1055,5510,0,0,1022,10
aerobicyeast_274.datx,A,29.1477777777778,1050,5493,0,0,1028,10
aerobicyeast_277.datx,A,29.455,1040,5502,0,0,1019,10
aerobicyeast_280.datx,A,29.7627777777778,1040,5509,0,0,1015,10
aerobicyeast_283.datx,A,30.0688888888889,1030,5518,0,0,1006,10
aerobicyeast_286.datx,A,30.3744444444444,1025,5536,0,0,994,10
aerobicyeast_289.datx,A,30.6805555555556,1020,4960,0,500,980,10
aerobicyeast_292.datx,A,30.9861111111111,1012,4960,0,505,976,10
aerobicyeast_295.datx,A,31.2972222222222,1005,5544,0,0,980,10
aerobicyeast_298.datx,A,31.6194444444444,996,5554,0,0,971,10
aerobicyeast_301.datx,A,31.9416666666667,987,5562,0,0,962,10
aerobicyeast_304.datx,A,32.2638888888889,978,5568,0,0,955,10
aerobicyeast_307.datx,A,32.5866666666667,965,5578,0,0,943,10
aerobicyeast_310.datx,A,32.91,960,5600,5,5,930,10
aerobicyeast_313.datx,A,33.2327777777778,950,5593,0,0,928,10
aerobicyeast_316.datx,A,33.5566666666667,947,5601,0,0,923,10
aerobicyeast_319.datx,A,33.8816666666667,939,5582,0,0,928,10
aerobicyeast_322.datx,A,34.2088888888889,930,5614,0,0,908,10
aerobicyeast_325.datx,A,34.5322222222222,920,5621,0,0,899,10
aerobicyeast_328.datx,A,34.8555555555556,916,5628,0,0,894,10
aerobicyeast_331.datx,A,35.1794444444444,910,5625,0,10,892,10
aerobicyeast_334.datx,A,35.5033333333333,900,5619,0,-5,892,10
aerobicyeast_337.datx,A,35.8255555555556,890,5625,0,0,886,10
aerobicyeast_340.datx,A,36.15,880,5945,0,5,833,10
aerobicyeast_343.datx,A,36.4744444444444,880,6385,0,20,855,10
aerobicyeast_346.datx,A,36.7994444444444,870,5003,0,595,793,10
aerobicyeast_349.datx,A,37.1255555555556,865,4988,0,610,800,10
aerobicyeast_352.datx,A,37.4516666666667,855,4989,0,610,797,10
aerobicyeast_355.datx,A,37.7766666666667,850,5011,0,610,785,10
aerobicyeast_358.datx,A,38.1033333333333,845,5028,0,610,776,10
aerobicyeast_361.datx,A,38.43,835,5029,0,610,773,10
aerobicyeast_364.datx,A,38.7566666666667,825,5022,0,620,773,10
aerobicyeast_367.datx,A,39.1022222222222,815,4979,0,620,792,10
aerobicyeast_370.datx,A,39.5127777777778,815,5041,0,630,763,10
aerobicyeast_373.datx,A,39.9227777777778,805,5038,0,630,761,10
aerobicyeast_376.datx,A,40.3333333333333,800,5035,0,620,762,10
aerobicyeast_379.datx,A,40.7438888888889,785,5025,0,620,762,10
aerobicyeast_382.datx,A,41.1566666666667,775,5047,0,610,748,10
aerobicyeast_385.datx,A,41.5694444444444,770,5035,0,590,753,10
aerobicyeast_388.datx,A,41.9822222222222,760,5031,0,610,752,10
aerobicyeast_391.datx,A,42.395,755,5072,0,630,731,10
aerobicyeast_394.datx,A,42.8083333333333,715,5083,0,600,708,10
aerobicyeast_397.datx,A,43.2205555555556,715,5122,0,610,690,10
aerobicyeast_400.datx,A,43.635,715,5121,0,615,693,10
aerobicyeast_403.datx,A,44.0505555555556,725,5168,0,595,676,10
aerobicyeast_406.datx,A,44.5466666666667,715,5196,0,600,659,10
aerobicyeast_409.datx,A,45.0433333333333,705,5188,0,600,660,10
aerobicyeast_412.datx,A,45.5405555555556,700,5220,0,600,644,10
aerobicyeast_415.datx,A,46.0383333333333,695,5213,0,600,647,10
aerobicyeast_418.datx,A,46.5338888888889,685,5230,0,550,635,10
aerobicyeast_421.datx,A,47.0311111111111,680,5261,0,530,619,10
aerobicyeast_424.datx,A,47.53,670,5265,0,520,614,10
aerobicyeast_427.datx,A,48.0283333333333,670,5384,0,450,557,10
aerobicyeast_430.datx,A,48.3166666666667,670,5822,0,0,540,10
aerobicyeast_002.datx,B,0.636666666666667,1711,5622,0,0,1494,10
aerobicyeast_005.datx,B,0.876111111111111,1717,5624,0,0,1496,10
aerobicyeast_008.datx,B,1.11611111111111,1716,5627,0,0,1494,10
aerobicyeast_011.datx,B,1.35611111111111,1718,5628,0,0,1495,10
aerobicyeast_014.datx,B,1.59611111111111,1715,5629,0,0,1493,10
aerobicyeast_017.datx,B,1.83444444444444,1716,5631,0,0,1492,10
aerobicyeast_020.datx,B,2.07444444444444,1715,5633,0,0,1491,10
aerobicyeast_023.datx,B,2.31444444444444,1716,5636,0,0,1490,10
aerobicyeast_026.datx,B,2.55388888888889,1715,5636,0,0,1489,10
aerobicyeast_029.datx,B,2.79388888888889,1714,5639,0,0,1487,10
aerobicyeast_032.datx,B,3.03333333333333,1712,5639,0,0,1486,10
aerobicyeast_035.datx,B,3.27277777777778,1712,5642,0,0,1485,10
aerobicyeast_038.datx,B,3.51111111111111,1711,5644,0,0,1483,10
aerobicyeast_041.datx,B,3.75055555555556,1711,5648,0,0,1481,10
aerobicyeast_044.datx,B,3.99055555555556,1710,5649,0,0,1480,10
aerobicyeast_047.datx,B,4.23055555555556,1707,5651,0,0,1478,10
aerobicyeast_050.datx,B,4.47,1705,5654,0,0,1475,10
aerobicyeast_053.datx,B,4.71,1703,5656,0,0,1473,10
aerobicyeast_056.datx,B,4.94944444444444,1703,5659,0,0,1472,10
aerobicyeast_059.datx,B,5.18777777777778,1701,5662,0,0,1469,10
aerobicyeast_062.datx,B,5.48,1699,5667,0,0,1466,10
aerobicyeast_065.datx,B,5.72,1696,5669,0,0,1463,10
aerobicyeast_068.datx,B,5.95833333333333,1692,5676,0,0,1458,10
aerobicyeast_071.datx,B,6.19777777777778,1690,5677,0,0,1456,10
aerobicyeast_074.datx,B,6.43722222222222,1685,5681,0,0,1452,10
aerobicyeast_077.datx,B,6.67722222222222,1684,5685,0,0,1449,10
aerobicyeast_080.datx,B,6.91666666666667,1681,5691,0,0,1445,10
aerobicyeast_083.datx,B,7.15722222222222,1678,5693,0,0,1442,10
aerobicyeast_086.datx,B,7.39555555555556,1673,5697,0,0,1438,10
aerobicyeast_089.datx,B,7.63555555555556,1669,5702,0,0,1433,10
aerobicyeast_092.datx,B,7.875,1663,5706,0,0,1428,10
aerobicyeast_095.datx,B,8.11444444444444,1663,5703,0,0,1430,10
aerobicyeast_098.datx,B,8.35444444444445,1658,5709,0,0,1424,10
aerobicyeast_101.datx,B,8.59388888888889,1765,5714,51,0,1525,10
aerobicyeast_104.datx,B,8.83388888888889,1656,5721,0,0,1417,10
aerobicyeast_107.datx,B,9.07222222222222,1644,5726,0,0,1409,10
aerobicyeast_110.datx,B,9.31166666666667,1637,5732,0,0,1402,10
aerobicyeast_113.datx,B,9.55166666666667,1639,5738,0,0,1400,10
aerobicyeast_116.datx,B,9.95944444444445,1633,5751,0,0,1391,10
aerobicyeast_119.datx,B,10.3655555555556,1609,5613,0,85,1388,10
aerobicyeast_122.datx,B,10.7722222222222,1596,5777,0,0,1359,10
aerobicyeast_125.datx,B,11.1783333333333,1583,5774,0,0,1354,10
aerobicyeast_128.datx,B,11.5838888888889,1580,5788,0,-120,1346,10
aerobicyeast_131.datx,B,11.9916666666667,1558,5796,0,0,1331,10
aerobicyeast_134.datx,B,12.3983333333333,1542,5816,0,0,1313,10
aerobicyeast_137.datx,B,12.805,1528,5831,0,0,1298,10
aerobicyeast_140.datx,B,13.2122222222222,1516,5844,0,0,1286,10
aerobicyeast_143.datx,B,13.6288888888889,1497,5860,0,0,1268,10
aerobicyeast_146.datx,B,14.0361111111111,1496,5895,0,0,1250,10
aerobicyeast_149.datx,B,14.4433333333333,1467,5909,0,0,1229,10
aerobicyeast_152.datx,B,14.8494444444444,1460,5926,0,0,1217,10
aerobicyeast_155.datx,B,15.2566666666667,1439,5943,0,0,1198,10
aerobicyeast_158.datx,B,15.665,1430,5959,0,0,1185,10
aerobicyeast_161.datx,B,16.0722222222222,1420,5972,0,0,1174,10
aerobicyeast_164.datx,B,16.48,1410,5988,0,0,1161,10
aerobicyeast_167.datx,B,16.89,1395,6002,0,0,1146,10
aerobicyeast_170.datx,B,17.2972222222222,1380,6017,0,0,1131,10
aerobicyeast_173.datx,B,17.7061111111111,1365,6070,0,0,1097,10
aerobicyeast_176.datx,B,18.1161111111111,1350,6725,0,40,1062,10
aerobicyeast_179.datx,B,18.5572222222222,1335,6010,40,0,1112,10
aerobicyeast_182.datx,B,18.9294444444444,1330,6020,120,20,1105,10
aerobicyeast_185.datx,B,19.3005555555556,1305,6040,0,0,1082,10
aerobicyeast_188.datx,B,19.6716666666667,1296,6045,110,0,1075,10
aerobicyeast_191.datx,B,20.0416666666667,1282,6060,70,0,1061,10
aerobicyeast_194.datx,B,20.4116666666667,1271,6070,30,0,1050,10
aerobicyeast_197.datx,B,20.7822222222222,1273,6100,40,-40,1036,10
aerobicyeast_200.datx,B,21.1533333333333,1258,6105,50,0,1026,10
aerobicyeast_203.datx,B,21.5244444444444,1250,6125,-130,0,1012,10
aerobicyeast_206.datx,B,21.8961111111111,1240,6140,0,0,1000,10
aerobicyeast_209.datx,B,22.2672222222222,1225,6150,0,0,987,10
aerobicyeast_212.datx,B,22.64,1210,6160,10,0,975,10
aerobicyeast_215.datx,B,23.0105555555556,1205,6175,35,0,965,10
aerobicyeast_218.datx,B,23.3927777777778,1195,6185,435,0,955,10
aerobicyeast_221.datx,B,23.6966666666667,1185,6195,10,0,945,10
aerobicyeast_224.datx,B,24,1178,6205,25,0,936,10
aerobicyeast_227.datx,B,24.3044444444444,1171,6215,55,0,928,10
aerobicyeast_230.datx,B,24.6088888888889,1161,6225,-275,0,918,10
aerobicyeast_233.datx,B,24.9155555555556,1151,6235,20,0,908,10
aerobicyeast_236.datx,B,25.2205555555556,1141,6245,50,0,898,10
aerobicyeast_239.datx,B,25.5244444444444,1131,6255,60,0,888,10
aerobicyeast_242.datx,B,25.8294444444444,1124,6260,0,0,882,10
aerobicyeast_245.datx,B,26.1372222222222,1117,6298,0,0,859,10
aerobicyeast_248.datx,B,26.4427777777778,1107,6308,0,0,849,10
aerobicyeast_251.datx,B,26.7483333333333,1097,6318,0,0,839,10
aerobicyeast_254.datx,B,27.0544444444444,1087,6300,70,0,843,10
aerobicyeast_257.datx,B,27.3594444444444,1077,6305,90,0,836,10
aerobicyeast_260.datx,B,27.6655555555556,1067,6315,40,0,826,10
aerobicyeast_263.datx,B,27.9716666666667,1062,6325,570,0,818,10
aerobicyeast_266.datx,B,28.2783333333333,1055,6335,80,0,810,10
aerobicyeast_269.datx,B,28.5844444444444,1045,6370,0,0,787,10
aerobicyeast_272.datx,B,28.8916666666667,1035,6350,110,0,792,10
aerobicyeast_275.datx,B,29.1983333333333,1025,6385,0,0,770,10
aerobicyeast_278.datx,B,29.5061111111111,1020,6380,0,0,770,10
aerobicyeast_281.datx,B,29.8111111111111,1010,6385,0,10,762,10
aerobicyeast_284.datx,B,30.1177777777778,1000,6395,0,0,752,10
aerobicyeast_287.datx,B,30.4233333333333,990,6405,0,-40,742,10
aerobicyeast_290.datx,B,30.7294444444444,986,6409,0,20,738,10
aerobicyeast_293.datx,B,31.0361111111111,976,6421,20,130,727,10
aerobicyeast_296.datx,B,31.3527777777778,971,6426,0,0,722,10
aerobicyeast_299.datx,B,31.6744444444444,961,6431,0,20,715,10
aerobicyeast_302.datx,B,31.9961111111111,953,6456,0,70,698,10
aerobicyeast_305.datx,B,32.3183333333333,945,6451,0,0,697,10
aerobicyeast_308.datx,B,32.6416666666667,937,6486,10,-40,675,10
aerobicyeast_311.datx,B,32.965,927,6467,0,100,680,10
aerobicyeast_314.datx,B,33.2883333333333,917,6472,0,30,672,10
aerobicyeast_317.datx,B,33.6127777777778,907,6490,0,0,658,10
aerobicyeast_320.datx,B,33.9383333333333,897,5805,0,580,626,10
aerobicyeast_323.datx,B,34.2638888888889,887,6505,0,50,641,10
aerobicyeast_326.datx,B,34.5872222222222,877,6511,0,0,633,10
aerobicyeast_329.datx,B,34.9105555555556,872,6524,0,0,624,10
aerobicyeast_332.datx,B,35.235,867,6527,0,0,620,10
aerobicyeast_335.datx,B,35.5583333333333,857,6540,0,0,608,10
aerobicyeast_338.datx,B,35.8816666666667,847,6542,0,0,602,10
aerobicyeast_341.datx,B,36.2066666666667,837,6550,0,0,593,10
aerobicyeast_344.datx,B,36.53,834,6561,0,0,586,10
aerobicyeast_347.datx,B,36.855,826,6568,0,0,579,10
aerobicyeast_350.datx,B,37.1811111111111,818,6578,0,0,570,10
aerobicyeast_353.datx,B,37.5072222222222,810,6584,0,0,563,10
aerobicyeast_356.datx,B,37.8338888888889,802,6592,0,0,555,10
aerobicyeast_359.datx,B,38.16,792,6602,0,0,545,10
aerobicyeast_362.datx,B,38.4855555555556,782,6608,0,0,537,10
aerobicyeast_365.datx,B,38.8122222222222,777,6618,0,0,529,10
aerobicyeast_368.datx,B,39.1583333333333,769,6626,0,0,521,10
aerobicyeast_371.datx,B,39.5688888888889,761,6720,0,0,470,10
aerobicyeast_374.datx,B,39.9788888888889,751,5874,0,580,468,10
aerobicyeast_377.datx,B,40.39,738,5863,0,600,467,10
aerobicyeast_380.datx,B,40.8027777777778,725,5868,0,600,458,10
aerobicyeast_383.datx,B,41.2144444444444,720,5873,0,605,453,10
aerobicyeast_386.datx,B,41.6266666666667,710,5873,0,610,448,10
aerobicyeast_389.datx,B,42.0394444444444,700,5870,0,620,445,10
aerobicyeast_392.datx,B,42.4527777777778,690,5860,0,630,445,10
aerobicyeast_395.datx,B,42.8661111111111,680,5882,0,630,429,10
aerobicyeast_398.datx,B,43.28,670,5884,0,640,423,10
aerobicyeast_401.datx,B,43.6933333333333,660,5910,0,630,405,10
aerobicyeast_404.datx,B,44.1077777777778,650,5906,0,630,402,10
aerobicyeast_407.datx,B,44.6033333333333,640,5904,0,635,398,10
aerobicyeast_410.datx,B,45.1005555555556,630,5903,0,640,393,10
aerobicyeast_413.datx,B,45.5977777777778,620,5922,0,640,379,10
aerobicyeast_416.datx,B,46.095,607,5919,0,630,374,10
aerobicyeast_419.datx,B,46.5922222222222,594,5922,0,640,366,10
aerobicyeast_422.datx,B,47.09,586,5961,0,640,342,10
aerobicyeast_425.datx,B,47.5872222222222,574,5959,0,630,337,10
aerobicyeast_428.datx,B,48.0861111111111,562,5964,-50,630,329,10
aerobicyeast_431.datx,B,48.4222222222222,557,6818,0,0,319,10
aerobicyeast_003.datx,C,0.66,1833,5430,0,0,1201,10
aerobicyeast_006.datx,C,0.899444444444444,1836,5440,0,0,1196,10
aerobicyeast_009.datx,C,1.13944444444444,1835,5440,0,0,1193,10
aerobicyeast_012.datx,C,1.37944444444444,1835,5440,0,0,1191,10
aerobicyeast_015.datx,C,1.61888888888889,1834,5440,0,0,1189,10
aerobicyeast_018.datx,C,1.85888888888889,1834,5440,0,0,1187,10
aerobicyeast_021.datx,C,2.09833333333333,1833,5439,0,0,1185,10
aerobicyeast_024.datx,C,2.33777777777778,1832,5440,0,0,1182,10
aerobicyeast_027.datx,C,2.57722222222222,1830,5441,0,0,1178,10
aerobicyeast_030.datx,C,2.81666666666667,1828,5440,0,0,1176,10
aerobicyeast_033.datx,C,3.05611111111111,1830,5445,0,0,1172,10
aerobicyeast_036.datx,C,3.29611111111111,1825,5445,0,0,1168,10
aerobicyeast_039.datx,C,3.53555555555556,1825,5445,0,0,1166,10
aerobicyeast_042.datx,C,3.775,1823,5445,0,0,1163,10
aerobicyeast_045.datx,C,4.01333333333333,1819,5445,0,0,1159,10
aerobicyeast_048.datx,C,4.25388888888889,1817,5450,0,0,1153,10
aerobicyeast_051.datx,C,4.49333333333333,1815,5450,0,0,1150,10
aerobicyeast_054.datx,C,4.73277777777778,1814,5450,0,0,1148,10
aerobicyeast_057.datx,C,4.97277777777778,1812,5450,0,0,1145,10
aerobicyeast_060.datx,C,5.21277777777778,1808,5450,0,0,1141,10
aerobicyeast_063.datx,C,5.50333333333333,1804,5450,0,0,1137,10
aerobicyeast_066.datx,C,5.74277777777778,1801,5450,0,0,1133,10
aerobicyeast_069.datx,C,5.98277777777778,1797,5450,0,0,1129,10
aerobicyeast_072.datx,C,6.22222222222222,1795,5410,0,0,1146,10
aerobicyeast_075.datx,C,6.46055555555556,1791,5450,0,0,1122,10
aerobicyeast_078.datx,C,6.7,1787,5450,0,0,1118,10
aerobicyeast_081.datx,C,6.94,1785,5455,0,0,1113,10
aerobicyeast_084.datx,C,7.18055555555556,1778,5455,0,0,1107,10
aerobicyeast_087.datx,C,7.42,1773,5455,0,0,1103,10
aerobicyeast_090.datx,C,7.65944444444444,1769,5455,0,0,1099,10
aerobicyeast_093.datx,C,7.89833333333333,1763,5455,0,0,1094,10
aerobicyeast_096.datx,C,8.13777777777778,1776,5455,0,0,1098,10
aerobicyeast_099.datx,C,8.37777777777778,1760,5456,0,0,1088,10
aerobicyeast_102.datx,C,8.61722222222222,1760,5461,0,0,1083,10
aerobicyeast_105.datx,C,8.85666666666667,1755,5459,0,0,1080,10
aerobicyeast_108.datx,C,9.09666666666667,1751,5459,0,0,1076,10
aerobicyeast_111.datx,C,9.33611111111111,1745,5460,0,0,1070,10
aerobicyeast_114.datx,C,9.57444444444444,1741,5460,0,0,1066,10
aerobicyeast_117.datx,C,9.98222222222222,1729,5467,0,0,1055,10
aerobicyeast_120.datx,C,10.3888888888889,1715,5426,0,20,1066,10
aerobicyeast_123.datx,C,10.795,1700,5463,0,10,1038,10
aerobicyeast_126.datx,C,11.2016666666667,1684,5470,0,5,1025,10
aerobicyeast_129.datx,C,11.6083333333333,1676,5472,0,0,1018,10
aerobicyeast_132.datx,C,12.0161111111111,1656,5477,0,0,1003,10
aerobicyeast_135.datx,C,12.4216666666667,1640,5450,0,0,1007,10
aerobicyeast_138.datx,C,12.8283333333333,1624,5472,0,0,986,10
aerobicyeast_141.datx,C,13.2355555555556,1611,5475,0,0,976,10
aerobicyeast_144.datx,C,13.6527777777778,1592,5486,0,0,959,10
aerobicyeast_147.datx,C,14.0594444444444,1580,5475,0,0,956,10
aerobicyeast_150.datx,C,14.4666666666667,1565,5485,0,0,942,10
aerobicyeast_153.datx,C,14.8744444444444,1550,5440,0,0,955,10
aerobicyeast_156.datx,C,15.2805555555556,1536,5440,0,0,946,10
aerobicyeast_159.datx,C,15.6883333333333,1517,5445,0,0,932,10
aerobicyeast_162.datx,C,16.0955555555556,1505,5450,0,0,921,10
aerobicyeast_165.datx,C,16.5055555555556,1490,5454,0,0,910,10
aerobicyeast_168.datx,C,16.9138888888889,1480,5456,30,-50,902,10
aerobicyeast_171.datx,C,17.3222222222222,1460,5470,0,0,883,10
aerobicyeast_174.datx,C,17.7316666666667,1448,5468,-60,120,876,10
aerobicyeast_177.datx,C,18.1416666666667,1435,5458,0,0,872,10
aerobicyeast_180.datx,C,18.5972222222222,1417,5471,0,0,855,10
aerobicyeast_183.datx,C,18.9683333333333,1405,5471,0,0,847,10
aerobicyeast_186.datx,C,19.3394444444444,1415,5540,0,0,815,10
aerobicyeast_189.datx,C,19.7105555555556,1384,5480,-40,0,828,10
aerobicyeast_192.datx,C,20.0805555555556,1373,5525,0,0,798,10
aerobicyeast_195.datx,C,20.4511111111111,1360,5514,0,0,795,10
aerobicyeast_198.datx,C,20.8222222222222,1352,5505,0,0,793,10
aerobicyeast_201.datx,C,21.1922222222222,1340,5523,0,0,776,10
aerobicyeast_204.datx,C,21.5633333333333,1328,5515,0,0,772,10
aerobicyeast_207.datx,C,21.9344444444444,1315,5515,120,20,764,10
aerobicyeast_210.datx,C,22.3061111111111,1305,5531,0,0,749,10
aerobicyeast_213.datx,C,22.6788888888889,1295,5538,0,0,738,10
aerobicyeast_216.datx,C,23.0505555555556,1285,5542,0,0,729,10
aerobicyeast_219.datx,C,23.4372222222222,1270,5548,0,0,717,10
aerobicyeast_222.datx,C,23.7405555555556,1260,5539,0,0,714,10
aerobicyeast_225.datx,C,24.0438888888889,1250,5542,0,0,706,10
aerobicyeast_228.datx,C,24.3477777777778,1220,5550,0,0,685,10
aerobicyeast_231.datx,C,24.6527777777778,1235,5562,0,0,684,10
aerobicyeast_234.datx,C,24.9588888888889,1220,5552,0,0,680,10
aerobicyeast_237.datx,C,25.2644444444444,1220,5568,0,0,670,10
aerobicyeast_240.datx,C,25.5688888888889,1210,5573,0,0,660,10
aerobicyeast_243.datx,C,25.8744444444444,1200,5570,0,0,655,10
aerobicyeast_246.datx,C,26.1805555555556,1189,5577,0,0,644,10
aerobicyeast_249.datx,C,26.4866666666667,1182,5585,0,0,634,10
aerobicyeast_252.datx,C,26.7922222222222,1172,5588,0,0,626,10
aerobicyeast_255.datx,C,27.0983333333333,1163,5583,0,0,622,10
aerobicyeast_258.datx,C,27.4044444444444,1155,5596,0,0,609,10
aerobicyeast_261.datx,C,27.7105555555556,1146,5585,0,0,608,10
aerobicyeast_264.datx,C,28.0166666666667,1135,5585,0,0,601,10
aerobicyeast_267.datx,C,28.3222222222222,1128,5604,0,0,586,10
aerobicyeast_270.datx,C,28.6288888888889,1121,5610,0,0,577,10
aerobicyeast_273.datx,C,28.9355555555556,1111,5612,0,0,569,10
aerobicyeast_276.datx,C,29.2427777777778,1105,5613,0,0,564,10
aerobicyeast_279.datx,C,29.5505555555556,1096,5602,0,0,563,10
aerobicyeast_282.datx,C,29.8566666666667,1085,5608,0,0,552,10
aerobicyeast_285.datx,C,30.1616666666667,1077,5618,0,0,541,10
aerobicyeast_288.datx,C,30.4672222222222,1069,5628,0,0,530,10
aerobicyeast_291.datx,C,30.7733333333333,1061,5627,0,0,525,10
aerobicyeast_294.datx,C,31.0805555555556,1052,5617,0,0,523,10
aerobicyeast_297.datx,C,31.4016666666667,1044,5638,-20,0,507,10
aerobicyeast_300.datx,C,31.7238888888889,1034,5625,80,0,506,10
aerobicyeast_303.datx,C,32.0461111111111,1027,5630,0,0,498,10
aerobicyeast_306.datx,C,32.3688888888889,1018,5647,0,0,483,10
aerobicyeast_309.datx,C,32.6911111111111,1008,5640,-240,0,480,10
aerobicyeast_312.datx,C,33.0144444444444,1000,5652,0,0,468,10
aerobicyeast_315.datx,C,33.3383333333333,991,5654,0,0,460,10
aerobicyeast_318.datx,C,33.6638888888889,982,5645,10,0,458,10
aerobicyeast_321.datx,C,33.9888888888889,974,5662,0,0,444,10
aerobicyeast_324.datx,C,34.3138888888889,965,5655,90,0,441,10
aerobicyeast_327.datx,C,34.6372222222222,957,5670,0,0,427,10
aerobicyeast_330.datx,C,34.9605555555556,948,5655,50,0,428,10
aerobicyeast_333.datx,C,35.285,940,5678,0,0,411,10
aerobicyeast_336.datx,C,35.6083333333333,931,5665,110,0,411,10
aerobicyeast_339.datx,C,35.9322222222222,921,5665,0,0,404,10
aerobicyeast_342.datx,C,36.2566666666667,914,5670,0,0,396,10
aerobicyeast_345.datx,C,36.5811111111111,905,5700,-50,0,374,10
aerobicyeast_348.datx,C,36.9066666666667,897,5690,0,0,373,10
aerobicyeast_351.datx,C,37.2311111111111,889,5706,-20,0,359,10
aerobicyeast_354.datx,C,37.5577777777778,879,5708,0,0,351,10
aerobicyeast_357.datx,C,37.8838888888889,873,5685,0,0,358,10
aerobicyeast_360.datx,C,38.2105555555556,862,5695,-130,0,345,10
aerobicyeast_363.datx,C,38.5372222222222,854,5784,0,0,295,10
aerobicyeast_366.datx,C,38.8638888888889,846,5763,0,0,299,10
aerobicyeast_369.datx,C,39.21,840,5759,0,0,296,10
aerobicyeast_372.datx,C,39.6188888888889,828,5771,0,0,282,10
aerobicyeast_375.datx,C,40.0294444444444,822,5820,0,0,253,10
aerobicyeast_378.datx,C,40.4405555555556,810,5788,0,0,261,10
aerobicyeast_381.datx,C,40.8533333333333,797,5783,0,0,255,10
aerobicyeast_384.datx,C,41.265,786,5789,0,0,244,10
aerobicyeast_387.datx,C,41.6788888888889,777,5796,0,0,234,10
aerobicyeast_390.datx,C,42.0905555555556,760,5794,0,0,225,10
aerobicyeast_393.datx,C,42.5038888888889,759,5805,0,0,217,10
aerobicyeast_396.datx,C,42.9172222222222,741,5794,0,0,211,10
aerobicyeast_399.datx,C,43.3311111111111,737,5710,0,0,249,10
aerobicyeast_402.datx,C,43.7444444444444,716,5806,0,0,189,10
aerobicyeast_405.datx,C,44.1594444444444,683,5795,10,0,176,10
aerobicyeast_408.datx,C,44.6555555555556,707,5817,0,0,175,10
aerobicyeast_411.datx,C,45.1527777777778,700,5832,0,0,162,10
aerobicyeast_414.datx,C,45.6488888888889,686,5817,0,0,160,10
aerobicyeast_417.datx,C,46.1455555555556,674,5775,0,0,173,10
aerobicyeast_420.datx,C,46.6427777777778,660,5794,0,0,155,10
aerobicyeast_423.datx,C,47.1405555555556,656,5792,0,0,152,10
aerobicyeast_426.datx,C,47.6388888888889,638,5789,0,0,142,10
aerobicyeast_429.datx,C,48.1377777777778,638,5805,0,0,132,10
aerobicyeast_432.datx,C,48.5077777777778,643,5804,0,0,133,10
aerobicyeast_D.datx,D,48.6727777777778,720,5340,0,0,2940,10
aerobicyeast_E.datx,E,48.7822222222222,600,5470,0,0,2815,10
aerobicyeast_F.datx,F,48.8733333333333,700,5440,0,0,2880,10
aerobicyeast_G.datx,G,100.118333333333,559,7593,0,0,1733,10
aerobicyeast_H.datx,H,100.256666666667,555,7694,0,0,1680,10
aerobicyeast_I.datx,I,100.380555555556,582,7272,0,0,1905,10
aerobicyeast_J.datx,J,165.846666666667,632,10625,0,0,253,10
aerobicyeast_K.datx,K,166.042777777778,772,10875,0,0,198,10
aerobicyeast_L.datx,L,166.378888888889,705,10500,0,0,352,10
