strain,t,h,h_std,interface_all,interface_48,logistic_all,logistic_48
bgt127,0.47,0.179,0.2022325394193526,0.1471356909299334,0.1474832126052452,0.12697096589343396,0.1274915775516127
bgt127,0.85,0.287,0.11720494870098275,0.2010572768689455,0.20191692575467315,0.15400574805828005,0.15514935231718208
bgt127,1.17,0.628,0.35505070060485727,0.261523202479611,0.2630635818937879,0.18118463357936856,0.18303871165310412
bgt127,1.4449999999999998,0.6045,0.2057680733252853,0.32782623822604584,0.3302125907867847,0.20833869555562776,0.21097422439031413
bgt127,1.82,0.4086666666666667,0.19454134093640182,0.44612911898940266,0.4502233928100058,0.2520316706637254,0.2560523853632635
bgt127,2.143333333333333,0.5479999999999999,0.29983995731056257,0.5818889049122743,0.588182530392496,0.2969816392330121,0.3025667092308216
bgt127,2.47,0.95,NaN,0.7610444782818866,0.7705389246339495,0.3505226470012613,0.35812665225376505
bgt127,2.7350000000000003,0.40800000000000003,0.535986940139403,0.9461837282871034,0.9592619812484257,0.40095619151559625,0.4105945092576883
bgt127,3.065,1.482,0.892368757857423,1.2408762583139252,1.2601146951106355,0.4739913708733932,0.48677008950348283
bgt127,3.44,1.2736666666666665,0.7725181767009325,1.6886989221187965,1.7181100016935715,0.5732029675285647,0.5905611007051713
bgt127,3.763333333333333,1.8366666666666667,0.49950208541439883,2.2025273843183966,2.2445256281454826,0.6752047304118011,0.6975864285833484
bgt127,4.09,3.5193333333333334,0.8015761556666547,2.8807012296287966,2.940453535503999,0.7966123683485238,0.825320942339846
bgt127,4.413333333333333,3.369666666666667,0.6690563005706868,3.757307204765668,3.841455908213261,0.9381347505357246,0.9746236591990226
bgt127,4.74,4.543,0.8194437137473202,4.913967221282181,5.032288220434949,1.106501471684732,1.1527302494493903
bgt127,5.06,6.477,0.9304128116056873,6.391986727125376,6.547893929369341,1.3004795853366595,1.358466395264055
bgt127,5.383333333333333,7.848999999999999,1.1147048936826287,8.337011406462716,8.483240322928111,1.530705225990803,1.6032767630931208
bgt127,5.830000000000001,10.000333333333332,1.49257037801684,12.03378734580137,12.66331421270381,1.9164446128464565,2.014729419354688
bgt127,6.150000000000001,12.652000000000001,1.001460932837622,15.417809116197775,16.135596793724474,2.25049203647233,2.3720883586308217
bgt127,6.47,16.102666666666668,0.6955173134677037,18.86898900624559,19.541167767054045,2.641832594109318,2.791710823462655
bgt127,6.789999999999999,18.981,1.4840340292594363,22.256755108301437,22.891066083949124,3.0998951713606027,3.2840096653857693
bgt127,7.109999999999999,23.61433333333333,1.6981649900210918,25.5850233018183,26.18620906503741,3.6356166789204654,3.8610664441078386
bgt127,7.43,27.307666666666666,1.3660078086648444,28.85933613331474,29.427488568123064,4.261597253786782,4.53675476912025
bgt127,7.753333333333334,31.889666666666667,0.8880576182508272,32.11282385562794,32.64871621613753,5.000341856738654,5.335637175610302
bgt127,8.073333333333332,35.96733333333333,0.7820104432380244,35.279306103692335,35.78434559566859,5.852805963369897,6.25910085191593
bgt127,8.393333333333333,39.79633333333333,0.8658985698875676,38.39348855491178,38.86870991824017,6.8444434933000595,7.3351008531084405
bgt127,8.716666666666667,43.41933333333333,1.344688191862087,41.48786827777812,41.93398764154434,8.008862530459064,8.600240425293011
bgt127,9.036666666666667,46.339,0.8058492414837917,44.49949673668391,44.91780884703441,9.344987730748866,10.05333823587939
bgt127,9.356666666666667,49.175333333333334,0.5497284177967648,47.461374241466146,47.852847119821526,10.888727992722314,11.733184790375988
bgt127,9.676666666666668,51.49466666666667,0.893192215222083,50.374321283600004,50.73990123974247,12.666515570920083,13.668431556218858
bgt127,10.046666666666667,55.066,0.7278962838207134,53.682479380275495,54.01927150196499,15.05226825872526,16.265482441196674
bgt127,10.533333333333333,60.221666666666664,0.6534044179016035,57.93784977402656,58.2386007221039,18.804208626502295,20.34437064337439
bgt127,11.020000000000001,63.804,0.739305755421936,62.086771662771234,62.35348079165434,23.34711350894564,25.27014954883131
bgt127,11.51,68.08800000000001,0.36098614931877665,66.15926703931933,66.39363964940104,28.81459509648887,31.17404890955481
bgt127,11.993333333333334,72.08066666666666,0.8647440854572713,70.07587198632599,70.28017481480167,35.157447212954864,37.98080207150651
bgt127,12.483333333333334,76.05066666666666,0.5973912732316499,73.94718629587182,74.12279176862691,42.575866389900504,45.874425611241904
bgt127,12.969999999999999,79.10066666666667,0.8886154023723295,77.69566464875803,77.84447006290192,50.8953347265428,54.636799851285176
bgt127,13.46,83.32866666666666,0.5740839079205499,81.37510741931803,81.49855559177989,60.127495656664145,64.23232981070899
bgt127,13.943333333333333,86.16066666666666,0.3941222314629531,84.91370741630067,85.01368304818317,69.88491190242898,74.22468806269934
bgt127,14.433333333333332,89.85866666666668,0.5920813570222697,88.41137816466778,88.48906628606859,80.18700576438657,84.604314816796
bgt127,14.92,92.85566666666666,0.8252068427572201,91.7980552032563,91.85505833453666,90.53129704156115,94.83472066413664
bgt127,15.406666666666666,95.77566666666667,0.7351002199246915,95.10000801023537,95.13771851817305,100.66628227048932,104.668733435309
bgt127,15.893333333333333,98.82633333333332,0.550338380756174,98.3193583064161,98.3391142010987,110.30574421683153,113.85199115383989
bgt127,16.38,102.38100000000001,0.8542856665074071,101.45817639458947,101.46126043815968,119.22606973779729,122.19884935796281
bgt127,16.87,105.06099999999999,1.323581882620032,104.53917599580659,104.52671312047231,127.32274528859345,129.63985818339182
bgt127,17.353333333333335,108.10266666666666,0.1630654265420284,107.5022400679776,107.47560866564021,134.3511628437063,135.98572851188536
bgt127,17.843333333333334,110.48333333333333,1.4421901169170914,110.43104170880032,110.3912102491922,140.48341173090918,141.43327130370278
bgt127,18.326666666666664,113.41133333333333,1.0702412500615601,113.24773505815858,113.19596760915123,145.6005797681667,145.91820399149188
bgt127,18.813333333333333,116.29633333333334,0.7915708012132195,116.01318614105267,115.9503938314355,149.89941638320934,149.6396594445835
bgt127,19.30333333333333,118.29366666666665,1.4170001176193754,118.72772014731582,118.65478656015736,153.45260324231762,152.67947762022683
bgt127,19.79,120.49066666666666,1.4694520520702006,121.35612337127229,121.27404078075597,156.31703584993593,155.10342502142288
bgt127,20.27333333333333,122.88933333333334,1.0422074329678004,123.90143709823212,123.81114950058019,158.6239531861336,157.037800803153
bgt127,20.763333333333335,126.24033333333334,1.1549494938452198,126.41729517224617,126.31955551392352,160.5115438981626,158.61023599909487
bgt127,21.25,128.88,2.180710663980896,128.85330066539626,128.7489919195216,161.99876846798364,159.8398319416368
bgt127,21.74,130.18266666666668,1.9348809610240454,131.24441106959304,131.13429440846696,163.17145738531883,160.8006552637955
bgt127,22.223333333333333,132.34366666666668,1.3540595752526294,133.54397198676386,133.42888722884288,164.07742055672526,161.53591393298257
bgt127,22.713333333333335,135.00699999999998,1.4709755266488913,135.816925029214,135.69754218472275,164.8128590703826,162.12944098880536
bgt127,23.2,136.995,1.328563509961046,138.0177488102286,137.89480001090823,165.3948448050483,162.59885520659046
bgt127,23.676666666666666,139.89433333333332,1.4477141752892104,140.11997517602435,139.99418035163086,165.84238199873099,162.958194635597
bgt127,24.16333333333333,141.01533333333333,1.5360385194822963,142.21316942772125,142.08509555102577,166.198026997925,163.24191952140316
bgt127,24.650000000000002,142.81733333333332,1.594661510582523,144.25401573900743,144.12426155377509,166.47456157694248,163.46074440949852
bgt127,25.14,144.96466666666666,1.4193189681439895,146.25728159024203,146.12642863164285,166.69553930757937,163.6344000985865
bgt127,25.626666666666665,147.48866666666666,1.7985645202030807,148.19699466809732,148.0656228436502,166.870994703398,163.772581299483
bgt127,26.113333333333333,149.10133333333332,1.6138315690719847,150.08822660426316,149.9568292786069,167.00809975812115,163.8806027874143
bgt127,26.603333333333335,151.06933333333333,1.5775190437308064,151.9446588148206,151.81369166996777,167.11344536438253,163.96323782944805
bgt127,27.09,152.77833333333334,1.7019695453601114,153.74220002258497,153.6120989552553,167.192244755221,164.02435023726918
bgt127,27.58,154.74333333333334,2.053368289745745,155.50662718354184,155.37782551057572,167.2529325280735,164.07049187930247
bgt127,28.063333333333333,156.70566666666664,2.5455768174096334,157.2034985974825,157.0763842618065,167.30208363230628,164.10713504529772
bgt127,28.55333333333333,158.18066666666667,3.1375459093586815,158.8807236920608,158.75571605939905,167.34328722290832,164.1387496449291
bgt127,29.043333333333333,159.28966666666665,2.330792640569589,160.51568529140715,160.39316755428055,167.37568815607455,164.1638480637044
bgt127,29.53,161.29833333333332,3.439928100023802,162.09874206669207,161.97906070868274,167.40016474855187,164.18287678848873
bgt127,30.02,162.70466666666667,2.787583959871577,163.65261359545863,163.5361375916132,167.41834982595842,164.1969185312597
bgt127,30.51,165.14266666666666,3.7120563483510485,165.16733381955353,165.05439710572116,167.4316381207096,164.20691846209044
bgt127,30.99666666666667,166.129,3.7580115752881853,166.63397650958223,166.52486852971123,167.44183649928735,164.2141964823922
bgt127,31.483333333333334,167.15599999999998,3.0243300084481572,168.06392506911214,167.9589409759115,167.45095934622134,164.2204321511571
bgt127,31.973333333333333,169.14333333333335,3.6301253881007103,169.46753205247032,169.36698042442498,167.45899293259927,164.2263982138841
bgt127,32.46,170.11033333333333,3.309676771730644,170.82660703149799,170.73071802364808,167.46544862184442,164.23140053835309
bgt127,32.95,172.08400000000003,2.850261216099331,172.16065815958186,172.06970713095345,167.47033546647648,164.2353283574712
bgt127,33.43666666666667,173.48866666666666,2.1949162474530413,173.45239405234346,173.36657134763624,167.473657276201,164.2380772684264
bgt127,34.06,173.32333333333335,1.7064118299324182,175.05981782758346,174.98092326706848,167.47604728789375,164.24005523658778
bgt127,34.7,174.32833333333335,2.0134299921609675,176.65690372483974,176.58546675844326,167.47713646738384,164.24075036634738
bgt127,35.38,175.67733333333334,1.9159189266076362,178.29661817085008,178.23335694919132,167.47824715838615,164.24097741647932
bgt127,36.056666666666665,176.5596666666667,2.3415563912349766,179.87173569322866,179.8168536855503,167.4802090351131,164.24200989913436
bgt127,36.73666666666667,178.97199999999998,3.2435509861878353,181.39969896235553,181.35347035838626,167.48195242747053,164.24342257801175
bgt127,37.413333333333334,180.15033333333335,3.508640809962371,182.86738810229542,182.82998965259821,167.48315996350394,164.2445737812583
bgt127,38.093333333333334,182.1336666666667,3.187601344794121,184.29108360123766,184.2627655168893,167.48372631623207,164.2452650440843
bgt127,38.77333333333333,183.67166666666665,3.8219275677769335,185.66520249781686,185.64615757564576,167.48369702150305,164.24542574332204
bgt127,39.45333333333334,185.46466666666666,3.9646972562017027,186.99146842079105,186.9818741542677,167.48329610589258,164.2451387201074
bgt127,40.13333333333333,186.83866666666668,2.5958777577793124,188.27155277105004,188.2715704933312,167.48291867103222,164.24463374941772
bgt127,40.81333333333333,188.886,4.044073812382754,189.50707472161568,189.51684874858864,167.48310630232695,164.24428754007195
bgt127,41.49333333333333,190.66066666666666,4.49260618498141,190.6996012176418,190.71925799096832,167.4837625182528,164.2445519620609
bgt127,42.17,192.87366666666665,5.242935278384937,191.8451033719143,191.8747013979678,167.4844743577863,164.2451670272904
bgt127,42.85,193.91033333333334,4.464388685288649,192.95632356848353,192.99599979090732,167.48502891445216,164.24580171873518
bgt127,43.526666666666664,195.83833333333334,3.124226997728133,194.0237630790634,194.0735354111268,167.48528368872184,164.2462577036994
bgt127,44.20333333333334,196.85800000000003,2.772332772233519,195.05430404689778,195.11421756258866,167.4851865238983,164.24642361737565
bgt127,44.88333333333333,197.896,2.6081700481371897,196.0540484405424,196.12413790920863,167.48476014183822,164.2462597659497
bgt127,45.56333333333333,198.75200000000004,2.033887165011863,197.01904846382112,197.0992963994369,167.48411228194712,164.24580370940976
bgt127,46.24333333333334,201.217,3.45481504570071,197.9504888022375,198.04088881795874,167.48343358248306,164.24517263531152
bgt127,46.92333333333334,203.303,5.28028379919109,198.84953645209168,198.95007132868875,167.4829971757138,164.24456176071203
bgt127,47.60333333333333,204.46,5.199383424984156,199.717318574593,199.8279604747705,167.483136960543,164.24424433216979
jt305,0.3066666666666667,0.2773333333333334,0.08558231904624539,0.11006689191813629,0.11019682715529065,0.10615680573640159,0.10883141720884228
jt305,0.6666666666666666,0.338,0.09924212815130477,0.1231850575681913,0.12350141010968138,0.11386943440824143,0.1201977305639114
jt305,1.0266666666666666,0.30633333333333335,0.15766208590949612,0.13786671610145837,0.13841234028858482,0.12214203034973105,0.13274958924576277
jt305,1.38,0.3426666666666667,0.1313671699220674,0.1539767068001712,0.15479636844495945,0.13084517196032552,0.14634085018595647
jt305,1.74,0.42300000000000004,0.121540116833908,0.17232824920050227,0.1734857176640377,0.1403500573228789,0.16161832829986722
jt305,2.145,0.6635,0.3217335854398791,0.19560074111763914,0.1972215630666497,0.1518701351188581,0.18071663465956384
jt305,2.505,0.641,0.15697770542341352,0.21891299136813325,0.22103292192810045,0.16290098621760293,0.19957557310787694
jt305,2.865,0.645,0.07778174593052022,0.24500397253789005,0.24771943137965638,0.17473228436878907,0.22039827733543063
jt305,3.1733333333333333,0.508,0.25833311827948036,0.2698090703246982,0.2731232187464832,0.18554561842725162,0.23994743550127676
jt305,3.53,0.8803333333333333,0.3900158116452888,0.30165068552339763,0.3057751758870076,0.1988904386514733,0.26472820448531365
jt305,3.973333333333333,1.204,0.2148580927030677,0.3465174273119161,0.3518551703450123,0.2168220810795446,0.2991158516450615
jt305,4.416666666666667,1.2686666666666666,0.30538554866485307,0.398058660461884,0.4048803454921996,0.2363683823109411,0.33795569734473435
jt305,4.8566666666666665,1.4256666666666666,0.289627922226662,0.45678843981330114,0.4654033304836367,0.2575071040327255,0.38147035021822445
jt305,5.3,1.7856666666666667,0.26512701358657004,0.524727882984102,0.5355369586168365,0.2807148991224249,0.4309582696106782
jt305,5.739999999999999,1.8376666666666666,0.6936572160176331,0.602148403526522,0.615594028642718,0.30581223255191176,0.48638696663577
jt305,6.18,2.594,0.11497391008398392,0.6909923814106597,0.7076184299095042,0.33314983542377774,0.5489070957760722
jt305,6.62,2.857333333333333,0.5917789564806553,0.7929396546786979,0.8133927601685899,0.36292646351972113,0.61941642356307
jt305,7.07,3.205,0.739308460657661,0.9127735590552116,0.9379411034650174,0.39612836088624315,0.7008379603414985
jt305,7.593333333333334,3.4073333333333333,0.17518656721716225,1.075110731605141,1.1069833399175364,0.4385690051302067,0.8089671440827765
jt305,8.166666666666666,3.9606666666666666,0.09371410423908073,1.2862811617784962,1.3273363380741319,0.49028631489090835,0.9464873425268269
jt305,8.736666666666666,4.584666666666666,0.13597548798711226,1.5372971502561361,1.5898412503006436,0.5477311352375976,1.106129728695774
jt305,9.306666666666667,5.311333333333334,0.6284777906444533,1.837301832851304,1.9042810934218661,0.6118842500828311,1.2923393326141244
jt305,9.876666666666667,5.7443333333333335,0.6481553311771284,2.1959064531590293,2.2809530868170804,0.6835215970152202,1.5094047790058382
jt305,10.446666666666665,6.167666666666666,0.5586379268661711,2.6244767830953575,2.7320966871464187,0.7635054083362002,1.7622914624957253
jt305,11.016666666666666,6.776000000000001,0.9161490053479292,3.136602602504552,3.272381560658592,0.8528036522158469,2.056693461036163
jt305,11.586666666666666,7.640666666666665,1.1980005564828975,3.7487111244618414,3.9196109484416857,0.9524970108429708,2.399053739172726
jt305,12.163333333333332,8.263,1.6357026013306946,4.489771228537895,4.704870442352322,1.0651540556950947,2.8017630237706395
jt305,12.733333333333333,9.294333333333334,1.9092837225863872,5.36604235882696,5.635436749569488,1.1895053074712023,3.264019546697189
jt305,13.303333333333333,10.112666666666666,1.9234454328972612,6.413103653037525,6.749805073458785,1.3282573290702033,3.799624818570047
jt305,13.873333333333333,11.469666666666667,2.442517621908455,7.664517287357359,8.084737374527913,1.4830524632569906,4.419117916823987
jt305,14.466666666666667,12.435333333333332,2.608815887205024,9.22768470174763,9.75590621704582,1.6632067146573581,5.16557752133018
jt305,15.043333333333331,13.859,3.3939403353624233,11.08064290649648,11.756513026745553,1.8590474708168983,6.004240870062036
jt305,15.613333333333335,15.379,4.068647441103739,13.304308487934199,14.084408912653803,2.0750107629284407,6.9573218205707485
jt305,16.183333333333334,16.866666666666667,4.486581586612832,15.702071593440369,16.576247689036435,2.315717965719836,8.04878207422603
jt305,16.756666666666668,18.624333333333333,5.081080823341952,18.135373175051956,19.122771193441604,2.5855756097068725,9.30208985876256
jt305,17.326666666666664,20.173,5.504089116284364,20.524056841003326,21.633381509792752,2.8845141685422737,10.718669520409566
jt305,17.896666666666665,22.229666666666663,5.863385057569845,22.899130273296826,24.111821884084684,3.2174065047573577,12.322173330233392
jt305,18.473333333333333,24.201999999999998,5.887193643834047,25.28214364589451,26.586693821009668,3.592545269343909,14.150641366874103
jt305,19.043333333333333,26.573666666666668,6.615894295810152,27.61796968395825,29.001191861410287,4.005350930563976,16.175317943774647
jt305,19.613333333333333,28.802333333333337,6.844322781205847,29.934434314084147,31.384521173697717,4.4643326956855445,18.427245930074612
jt305,20.186666666666667,31.414,7.228418360886426,32.24507695973775,33.75075210668708,4.977503482671409,20.9301186583367
jt305,20.756666666666668,33.613,7.626552497688585,34.52319119725719,36.07277236267004,5.544292879667941,23.658281998856815
jt305,21.33,36.339,7.291435043940252,36.79558067828872,38.37813892978961,6.177250338544793,26.64113637356042
jt305,21.903333333333336,39.145,7.168181429065532,39.049025763396,40.65357496685139,6.879666826393699,29.85353339080588
jt305,22.473333333333333,41.61433333333334,6.82958068502989,41.27074556875253,42.886494235666845,7.653700095889227,33.25759658420501
jt305,23.046666666666667,44.55166666666667,6.629785617448979,43.48688050011313,45.10339305191142,8.51577261960337,36.8683854288308
jt305,23.616666666666664,46.42433333333333,6.793809412497039,45.671814553019075,47.278866457952056,9.463602449764478,40.612843610266765
jt305,24.186666666666667,48.93966666666666,6.808428771260907,47.83863702968284,49.42625404464619,10.510226624822922,44.47157067655945
jt305,24.75666666666667,51.339666666666666,6.595169924523047,49.98749787012136,51.54591815250233,11.664790503453668,48.39774880015315
jt305,25.333333333333332,53.302666666666674,7.058134338005572,52.1433655918353,53.66252756771407,12.95230377356863,52.390780968357085
jt305,25.903333333333336,55.88833333333333,6.736227455581748,54.25654259755332,55.72750034149708,14.352701059649934,56.31147820181934
jt305,26.473333333333333,59.177666666666674,7.813143434836798,56.352202533006434,57.76581440144196,15.889979950716295,60.159850288813445
jt305,27.046666666666667,61.04266666666667,5.626626550014967,58.44259360863407,59.78950385618063,17.584466952388897,63.911449340429996
jt305,27.62,62.84133333333333,4.571704423224809,60.51555579248024,61.78691702685023,19.437995913909607,67.50184160735344
jt305,28.19333333333333,64.75266666666667,4.981949651826418,62.57123456330608,63.75839577774932,21.460397776023232,70.90131285693172
jt305,28.766666666666666,66.78166666666667,5.587469940262172,64.60977421246376,65.70427748391691,23.66209309464298,74.0871446660421
jt305,29.336666666666662,68.00466666666667,4.938552858209914,66.61961352981467,67.61380103231933,26.03859437544821,77.0266920268999
jt305,29.906666666666666,70.00633333333333,5.130826476634478,68.61279334318776,69.49867605609958,28.610385393379666,79.72969039704437
jt305,30.483333333333334,72.15733333333333,5.537119497837605,70.61247356565347,71.38083894629435,31.41774730701297,82.22054152125025
jt305,31.05333333333333,74.59133333333334,4.736022100173662,72.57255728818997,73.21708847012735,34.400846069048875,84.44514680811375
jt305,31.686666666666667,76.563,4.9863842611655995,74.73137941662695,75.229579082563,37.962295464985765,86.65315607182731
jt305,32.35333333333333,79.04433333333333,4.020837267701009,76.98235821500481,77.31683852442629,41.99440069659711,88.69858784829516
jt305,33.01333333333333,81.39566666666667,3.634286220612424,79.1893464600391,79.35222161129683,46.27047741023135,90.45929281070022
jt305,33.67333333333334,81.61899999999999,3.527614066192617,81.37516760295321,81.35721569852355,50.82054303354615,91.97713304394723
jt305,34.336666666666666,83.67866666666667,3.6191049077545854,83.55090533815687,83.34217160768135,55.65483422571293,93.2813228793075
jt305,34.99666666666666,86.00200000000001,2.9853503981944893,85.69489464935225,85.28758694140363,60.70432227171976,94.38519800964934
jt305,35.656666666666666,88.841,2.9137915162207517,87.81832041811,87.2039506231007,65.96662508590836,95.32533797390279
jt305,36.31666666666666,87.88933333333334,4.94065930148329,89.92137999023254,89.09169573562465,71.41004389886976,96.130701986852
jt305,36.98,90.53500000000001,3.7939031352948325,92.01473800246194,90.96057024608211,77.02572855732946,96.8180230203678
jt305,37.64333333333334,91.36133333333333,3.888749070502407,94.08791729404878,92.80139536162515,82.74427708470054,97.39715848383109
jt305,38.303333333333335,92.658,5.0820676894350765,96.13084405314092,94.60554936996418,88.49108431722416,97.88032805682252
jt305,38.96666666666667,94.75666666666666,5.336891823274421,98.16434547033862,96.39166969364972,94.273046429901,98.28646744269768
jt305,39.626666666666665,98.01233333333333,2.66168186178088,100.16817291056579,98.14221024220265,99.98403915912013,98.62512568829024
jt305,40.28666666666667,100.41466666666668,1.7772423395061676,102.15278035728643,99.86661137041138,105.6086719603911,98.91149980670495
jt305,40.949999999999996,102.90100000000001,2.256060061257231,104.128231293107,101.57377865889232,111.1331789892896,99.15489913718406
jt305,41.61333333333334,103.37599999999999,2.8143338465789767,106.08463924712329,103.25532810302664,116.49052270027751,99.35867593350392
jt305,42.27333333333333,105.60700000000001,2.3250073118164574,108.01249831895227,104.9033839647668,121.62038163676914,99.5270041478213
jt305,42.876666666666665,106.06766666666665,2.695351986908819,109.75865192438017,106.38840256874681,126.1082181827117,99.65503707478018
jt305,43.583333333333336,107.11633333333333,1.7372510852877139,111.78440433175915,108.10199174402436,131.09245783476115,99.77889219849823
jt305,44.24666666666667,109.694,1.5527108552463926,113.66700947593135,109.6855808105422,135.48975359458043,99.87478283978788
jt305,44.906666666666666,110.72033333333333,3.0193988364131896,115.52214325745872,111.23762613283057,139.5854353757929,99.95584014205444
jt305,45.56666666666666,112.40733333333333,4.101559987777005,117.35948406436479,112.76649637316973,143.39755992302042,100.024602193136
jt305,46.26,114.10833333333335,5.312637229600132,119.27064315452573,114.34800080429521,147.09639220626306,100.08458721369131
jt305,46.96,115.69566666666667,4.4240719177397345,121.18064942829614,115.91955619948901,150.51757020064048,100.13452045248613
jt305,47.66,116.88033333333333,5.334749509895788,123.07123168321911,117.46623432421029,153.63413504182265,100.17567512924892
gob33,0.44,1.5745,0.47871129086329267,0.11575296645671214,0.11518623973247366,0.1089331735104981,0.11354743506246065
gob33,0.77,1.8133333333333335,1.200652461511379,0.12917582797039937,0.1280710791114657,0.11615284781176194,0.1248987053301517
gob33,1.1066666666666667,1.6103333333333332,0.5066797147442684,0.14447507687170372,0.1427025823272056,0.12401158000804813,0.1376487354106139
gob33,1.4400000000000002,0.9093333333333332,0.2825036872915703,0.16140733298661328,0.15883541150269317,0.13231611051396236,0.15155343604853078
gob33,1.77,1.2165,0.7177133829043457,0.1801243964802431,0.17660294329352477,0.14108510343061217,0.16670125474445738
gob33,2.106666666666667,1.4026666666666667,0.6180682270860826,0.20145779860274265,0.19677895704982312,0.1506302424273263,0.1837150331804853
gob33,2.44,1.3536666666666666,0.3303064233909679,0.22506828352930033,0.21902514322763655,0.16071681667347051,0.20226876269068242
gob33,2.77,2.451,1.1960802648651971,0.2511676423069685,0.2435256284720467,0.1713675148906125,0.22248030010258282
gob33,3.11,1.1649999999999998,0.5237680784469401,0.2812268981897633,0.2716382511840473,0.18307938577604876,0.24541653913387398
gob33,3.44,1.655,2.095642860794749,0.3138376197477869,0.30202341922411524,0.19521139477342705,0.2699344336139052
gob33,3.77,2.6176666666666666,1.9633991782959808,0.3502305855740073,0.3358076308575591,0.20814709781742888,0.29689775319558964
gob33,4.11,2.590333333333333,1.9950461982955014,0.39214600443807646,0.3745736612064818,0.22237170688773533,0.3274937628445207
gob33,4.46,2.506666666666667,1.8536645687214646,0.4405397749229099,0.4191594435660057,0.23803034024703576,0.3622818063568559
gob33,4.876666666666666,2.443333333333333,1.739811867223963,0.5059947788094755,0.4792061963080852,0.258114930760373,0.40853696300566444
gob33,5.29,3.219666666666667,1.376111308482469,0.5805339800226448,0.5472684273556353,0.27971161138303274,0.46024124795287663
gob33,5.71,4.258,0.7933019601639718,0.6675342508724751,0.6263422785807141,0.30350734119655726,0.5194697090896645
gob33,6.126666666666666,3.798,0.9805243495191744,0.7667198572672033,0.7160730875512041,0.3291134812364791,0.5857401570557971
gob33,6.54,4.719333333333332,1.6665420286729442,0.8796593057180828,0.8177758379924106,0.35664775766211354,0.6598058591093808
gob33,6.96,3.6680000000000006,2.88639030624758,1.011481998227105,0.9359244173660318,0.3869850749533648,0.7446306478935322
gob33,7.376666666666666,3.819333333333334,0.7126410971403021,1.1617813822363314,1.0700087439024526,0.4196284790245688,0.8395067065748735
gob33,7.79,3.94,0.990273194628634,1.3329305401684086,1.2219937191007593,0.45472750718352356,0.9455146816587101
gob33,8.21,4.153666666666666,3.1811372704322793,1.5326649798285519,1.3985515288860868,0.49339877393355164,1.0668949982241382
gob33,8.63,5.131666666666667,0.9827442868484829,1.762326539536305,1.6005975527892327,0.5353571800046683,1.2037683665127097
gob33,9.04,5.598,1.6349394484200326,2.0197119349071997,1.825969413894608,0.5797536248162084,1.3541910935909485
gob33,9.46,4.7540000000000004,3.1865142397296764,2.3224043762758537,2.089814128892632,0.6290479324659592,1.5276403757010644
gob33,9.88,6.565666666666668,2.437005607981511,2.6704430435295996,2.3917756494742526,0.6825281526420073,1.7231335090085231
gob33,10.296666666666667,6.228999999999999,3.4489124372764235,3.067174166395576,2.734414173476213,0.7400667621259962,1.941587845613706
gob33,10.71,5.497333333333333,3.9185723590784094,3.518947550722512,3.122734648087906,0.8019281682639717,2.1853786204479446
gob33,11.13,7.476,2.859404133731362,4.046321245610081,3.573870961244178,0.8700800417427488,2.464096832439786
gob33,11.546666666666667,8.839666666666666,1.7935150775316424,4.647618515590852,4.085901475999789,0.9434076734209318,2.7752372111991597
gob33,11.96,10.395000000000001,2.3871495554321687,5.332301416918704,4.666307837425306,1.0222453319991045,3.1221171349249333
gob33,12.38,9.323,0.4127238786404297,6.131282445917151,5.340543589680112,1.1090900234063925,3.5183345673197395
gob33,12.796666666666667,12.868333333333334,1.9630716577173979,7.0420900392724635,6.105513149710062,1.2025183960344914,3.960208561571072
gob33,13.21,12.291333333333332,1.2319323574504135,8.079428621619455,6.97251174470043,1.3029494579904481,4.452221757784265
gob33,13.63,14.342333333333334,1.0867061853754827,9.290413990299653,7.979871030384026,1.4135677635460648,5.013270430122767
gob33,14.050000000000002,14.883666666666665,1.2380716188223249,10.682806321398175,9.13303087133017,1.5335518566223376,5.643093667772074
gob33,14.463333333333333,15.507666666666665,0.5336865497024758,12.256527327421809,10.430389834877465,1.661548551583139,6.33782841531261
gob33,14.88,15.846333333333334,2.012434926484168,14.077199024814496,11.924685887012176,1.8013695371027723,7.1219164393903265
gob33,15.300000000000002,16.381666666666668,2.525982053248465,16.18621728820851,13.647234005485673,1.9541850079286434,8.006831957434763
gob33,15.716666666666669,18.782,3.640465492213873,18.591240938610625,15.601746549735044,2.1185378936551142,8.988707972301269
gob33,16.13,20.063,2.5652171448047043,21.330637602196088,17.817570299383902,2.295172306264683,10.07578061112975
gob33,16.549999999999997,23.68466666666667,3.1120026242491066,24.527997423246987,20.39245260291259,2.489666861389999,11.307530959770345
gob33,16.97,24.12833333333333,3.700016261225527,28.11372274400397,23.340298699565995,2.700546678575992,12.680779508653313
gob33,17.386666666666667,28.085333333333335,2.057409617293876,31.870189691199286,26.816385409634975,2.927302474831549,14.19679266721035
gob33,17.799999999999997,30.320999999999998,1.1627071858382916,35.64802387618744,30.722855965333366,3.170959015377983,15.865959643711486
gob33,18.22,34.36766666666667,1.3209834720136853,39.451308086279305,34.92603026655025,3.4392283590217905,17.74553752069202
gob33,18.64,37.452,2.5790267544172534,43.19017606828267,39.19755765569884,3.7300704830386833,19.82562318099441
gob33,19.08,40.17733333333333,1.142796715664398,47.072658942928655,43.63932646318379,4.060992529800312,22.237170378930127
gob33,19.526666666666667,43.765666666666675,1.4125003834807737,51.003388061031465,48.08346433414847,4.426699835488693,24.94681381093979
gob33,19.976666666666667,49.202,1.6717897595092506,54.939385843230205,52.526364731082,4.828143257843957,27.96362941359181
gob33,20.42,54.74666666666667,4.444299307352439,58.79359507731155,56.859750144695695,5.258848271926964,31.235301810902484
gob33,20.87,60.90566666666667,2.2386094642284826,62.682076472306896,61.212477236950754,5.7349061684562965,34.87568119324059
gob33,21.319999999999997,65.32333333333332,2.303792814758594,66.54684006887739,65.51952248542433,6.253585792361255,38.850735609162015
gob33,21.77,70.73333333333333,2.8315060185938736,70.38803142448981,69.78136535434163,6.818655564162038,43.17050877045931
gob33,22.22,73.02166666666666,2.613455630641799,74.20579633676087,73.99848055785915,7.434180783815084,47.84192446391816
gob33,22.67,77.35333333333334,2.6502577862036993,78.00027704580414,78.1713463477152,8.104523630713048,52.865612192818936
gob33,23.120000000000005,80.895,3.8892811675166947,81.77161486668003,82.30042789458045,8.834343163684764,58.23532283754109
gob33,23.566666666666666,85.12766666666667,1.9814646939406535,85.49226911490132,86.35607421370558,9.622503148483801,63.89414527897724
gob33,24.060000000000002,89.166,2.5721516285009316,89.57547464160179,90.78636360067647,10.573323584817027,70.50018285088323
gob33,24.570000000000004,96.23700000000001,5.589073626281913,93.7679337453981,95.31277365910336,11.652984598800105,77.68306396515523
gob33,25.083333333333332,100.68633333333334,5.948865970362198,97.95854000383278,99.81443720781736,12.848477018793222,85.22217027571968
gob33,25.596666666666664,105.45666666666666,7.230846723125403,102.11999969141581,104.26224141598121,14.163582970126155,93.00563295786297
gob33,26.106666666666666,108.532,8.102521274270126,106.22577361884298,108.6284631970815,15.599825645146677,100.9057518149609
gob33,26.62,113.75666666666666,7.558764074459089,110.32973203705885,112.97080980318619,17.188127971976733,108.93584814219544
gob33,27.13,114.35366666666665,6.414114150319851,114.37877377273747,117.23350719664356,18.920747133940598,116.90477008701933
gob33,27.643333333333334,118.104,6.450423551984781,118.42602488546297,121.47289542183573,20.834167862061978,124.83341232117724
gob33,28.156666666666666,123.46866666666665,4.429333396046561,122.44512576359107,125.66156055071852,22.932383182213826,132.5902137624679
gob33,28.67,132.85433333333333,4.517439577164619,126.43627227678357,129.80011040750708,25.23199802333118,140.10020610687835
gob33,29.27333333333333,134.61766666666665,2.764177514801344,131.09169279232947,134.60099748677138,28.21626148276675,148.51621982820035
gob33,29.810000000000002,142.76466666666667,4.906503575188075,135.20073072128991,138.81469983639334,31.149589797458304,155.55883106133237
gob33,30.349999999999998,142.73299999999998,5.149109437562961,139.30513852606322,143.00139635448116,34.389600597467165,162.1834460361715
gob33,30.886666666666667,147.657,5.336822743917949,143.35446309515655,147.1100632501819,37.91976238584815,168.28275072838133
gob33,31.423333333333336,151.68433333333334,5.012026968536116,147.37434872083583,151.16735922650696,41.783517395002924,173.8850457406261
gob33,31.959999999999997,154.31699999999998,4.417224467921004,151.36500973520137,155.17392784841348,46.006221920792356,178.98760268543677
gob33,32.5,156.97866666666667,7.396106565844854,155.35117520768378,159.1548234471787,50.64296831685914,183.62615314525522
gob33,33.04,159.54666666666668,9.667885049654522,159.30818248288767,163.08564113120644,55.69588620060995,187.7877597450543
gob33,33.57999999999999,164.032,9.239820290460194,163.23624511999202,166.967010769082,61.194504755528854,191.5147938756925
gob33,34.120000000000005,166.076,4.39528577000404,167.13557507605097,170.79955361516983,67.16634798172784,194.86357066744097
gob33,34.66,170.105,6.358614707623028,171.00638270599174,174.58388248611823,73.63685850924789,197.83899608682427
gob33,35.21,174.58066666666664,1.9493522855895913,174.91976835932005,178.3893648591431,80.76395044083154,200.49492966629163
gob33,35.75,179.62033333333332,3.557475696801501,178.73363744740894,182.07822828412284,88.31004672623051,202.75211589955273
gob33,36.29,187.038,6.142870094670733,182.5196094527493,185.72068846957302,96.4189858819656,204.68744564575383
gob33,36.82999999999999,191.178,6.130337429538444,186.2778882920968,189.3173253408801,105.10784651390654,206.3343196654944
gob33,37.370000000000005,194.62233333333333,8.912491533422815,190.00867628007694,192.868712400816,114.38896202522727,207.73427161973024
gob33,37.91,198.029,7.368693032010489,193.71217412919333,196.37541672953733,124.26844401224955,208.93696806977286
gob33,38.449999999999996,195.67966666666666,9.066683756111345,197.3885810860138,199.83799898458633,134.74687458904754,210.0002084772902
gob33,38.98666666666667,206.39933333333332,4.202305597327893,201.0156500129368,203.2360408921501,145.74662746956568,210.96243114610132
gob33,39.526666666666664,210.47966666666665,1.6704569235192304,204.63863323880753,206.61229917049147,157.38885126084637,211.80472626442864
gob33,40.07,211.44466666666668,4.969334395402813,208.25723323049465,209.96652354389812,169.66032534152393,212.53452140486775
gob33,40.60666666666666,213.23266666666666,5.860421514987924,211.80528786397426,213.2379048570646,182.2985308822125,213.15378504370267
gob33,41.15,220.83866666666665,5.158256423766988,215.37114148520826,216.5082525856829,195.5772816189916,213.69162142795852
gob33,41.69,226.18200000000002,7.9947841121571255,218.88911465209426,219.71751654065244,209.20853019989104,214.15015498477555
gob33,42.23,228.46866666666665,8.516388279859802,222.38135380102074,222.8864031915297,223.2177562602618,214.5449536827745
gob33,42.77,231.65933333333336,9.763570675389888,225.84804721024997,226.01542181493818,237.54427998708238,214.88847539042683
gob33,43.31,228.436,12.16141393917665,229.28938180724177,229.10507526488664,252.10885878374074,215.18689260575727
gob33,43.85999999999999,234.20966666666666,10.845806993180963,232.76856918525692,232.21199254466654,267.10484913092023,215.44764088205352
gob33,44.4,240.525,13.065549969289474,236.15928050631496,235.2236923823644,281.9065664755962,215.66478013462293
gob33,44.943333333333335,244.093,14.049085948914959,239.5458896332138,238.21574618096176,296.79862393967045,215.84837076188168
gob33,45.49000000000001,243.43866666666668,15.251091283358477,242.92812100467805,241.18793840427853,311.70192182314094,216.00222604892883
gob33,46.03,243.1726666666667,15.482075356144401,246.244516267272,244.08672454568813,326.26781482441464,216.12863059214195
gob33,46.57999999999999,244.40033333333335,12.739970067992054,249.5973903464154,247.00170978224466,340.8668410390084,216.23663113292903
gob33,47.126666666666665,247.40900000000002,14.7587000443806,252.90519184695384,249.86202083271655,355.0643565386113,216.32905695566137
y55,0.635,0.1585,0.1279863273947651,0.1453031529578167,0.13896270723727697,0.12720696211695479,0.12842678932979043
y55,0.875,0.142,0.09475230867899737,0.16734282104820056,0.1573645348696218,0.13931866345052424,0.1411627970491927
y55,1.115,0.184,0.08768124086713189,0.1927256879234789,0.1782032879155621,0.15258306832785767,0.15516126676918374
y55,1.355,0.152,0.05374011537017761,0.22195838603967946,0.20180160345680376,0.167109953517126,0.17054741580741095
y55,1.5950000000000002,0.202,0.024041630560342617,0.25562531283934536,0.22852458477986484,0.18301935710412803,0.18745862119227416
y55,1.835,0.176,0.03676955262170049,0.2943992102234721,0.25878671502376593,0.20044257727643228,0.2060456940429586
y55,2.075,0.4405,0.0417193000900063,0.3390531455654741,0.2930563317833731,0.21952353180829737,0.2264747135184501
y55,2.315,0.45399999999999996,0.042426406871192854,0.39048102089116077,0.33186296689942524,0.2404201327961288,0.2489282465701253
y55,2.5549999999999997,0.573,0.06363961030678926,0.44971075386663917,0.3758091730186815,0.2633047663130454,0.27360646718722803
y55,2.795,0.7,0.14849242404917504,0.5179226767509879,0.4255758965031522,0.2883660073677204,0.30072885947919725
y55,3.035,0.7144999999999999,0.024748737341529183,0.5964785914452486,0.48193235414709307,0.31581028614641077,0.3305374727320926
y55,3.275,0.7915000000000001,0.0021213203435596446,0.6869554617404725,0.5457486752557897,0.34586484764475667,0.3632989906012058
y55,3.515,0.9410000000000001,0.02262741699796946,0.7911565644508323,0.6180177687967237,0.3787779327149063,0.39930480863976875
y55,3.7533333333333334,0.7496666666666666,0.5653585882723754,0.910263105230633,0.6992564519917728,0.41455817886748647,0.43858730721515055
y55,3.986666666666667,0.967,0.6795711883239313,1.04421848535427,0.7891254762131966,0.45285603527393986,0.48078092778795695
y55,4.23,1.1273333333333333,0.5514502092966629,1.2049718675157854,0.8951637283607535,0.4965629269468947,0.5291061965446535
y55,4.466666666666667,1.2403333333333333,0.5833706654720765,1.3850334462576677,1.0119466668276889,0.5431106942935616,0.5807581271020408
y55,4.706666666666667,1.5729999999999997,0.50608596107776,1.5951186507648172,1.145954537959423,0.594768132619873,0.6382832657218767
y55,4.946666666666666,1.812,0.5222997223816991,1.8370400505668047,1.297714263264499,0.6513326563500148,0.7014956236728255
y55,5.186666666666667,2.078,0.493537232638025,2.1156662370910637,1.4695667315477312,0.7132670266848384,0.7709550810871343
y55,5.476666666666667,2.4603333333333333,0.570380866906783,2.5093620414065083,1.7078298705387096,0.795995021085525,0.864097768294483
y55,5.716666666666666,2.7439999999999998,0.510262677451526,2.8900042723486163,1.9339634032145983,0.8716507657874493,0.9496151036975758
y55,5.956666666666667,3.146333333333333,0.5134747640666808,3.328336137905896,2.1900728151051436,0.9544832351441129,1.0435804359189629
y55,6.196666666666666,3.344,0.05761076288333631,3.8330903845736546,2.4801186743498684,1.045174394234142,1.1468227833744724
y55,6.436666666666667,4.067,0.5638324219127523,4.414467584182123,2.8085578596292495,1.1444643178654914,1.2602434557133542
y55,6.676666666666667,4.502,0.5034322198667858,5.084153710883215,3.1804512398166027,1.253155483263212,1.3848408596754211
y55,6.916666666666667,5.136666666666667,0.5981449099786217,5.8553867266610125,3.601541738610135,1.37213459625542,1.5216996635730442
y55,7.156666666666666,5.833333333333333,0.6857261358103052,6.743519850627939,4.07842561819705,1.5023605412317935,1.6720231161515988
y55,7.396666666666666,6.5183333333333335,0.7077035631769373,7.76614820643683,4.618555122018141,1.6448936625213164,1.8371380150995886
y55,7.636666666666667,7.229,0.8113143657054271,8.943921384186522,5.23023847476783,1.8008998212987035,2.018494707048625
y55,7.876666666666668,8.197333333333335,0.968313138056762,10.300667076345865,5.922879281892815,1.9716503955844027,2.2176670875734383
y55,8.113333333333333,8.921333333333333,1.1540092431749984,11.840142849166952,6.6955525343195195,2.1558098393230405,2.4331815678056574
y55,8.353333333333333,9.901666666666666,1.3091838424504527,13.636184876037401,7.581983751518386,2.3600319280858253,2.672980851179377
y55,8.593333333333334,11.315666666666667,1.6272665219113103,15.704252240593782,8.58586279982653,2.5834782663228735,2.936217285307386
y55,8.833333333333334,12.354666666666667,1.6927957151804622,18.08552456044813,9.722925799086706,2.8279222324845943,3.22515659396451
y55,9.073333333333332,14.011000000000001,2.03278601923567,20.828314649211894,11.010733710931794,3.095309711160285,3.542294050732695
y55,9.313333333333334,15.360999999999999,2.0888513590009223,23.98809456814118,12.468922476889636,3.3877835661740052,3.89035447900101
y55,9.549999999999999,17.192333333333334,2.349600462490023,27.57335576940636,14.095685939331247,3.7030414947703645,4.266741397899171
y55,9.956666666666667,20.719666666666665,3.0981214200436593,34.53308556398478,17.40108575491566,4.314171415801447,4.9993862453612605
y55,10.366666666666667,25.491,4.519902985684538,41.81918815159266,21.519736655671615,5.031237278392239,5.863471788225507
y55,10.773333333333333,31.368,6.394537434404461,48.9910874155808,26.56874040778631,5.85844446289967,6.865398558680313
y55,11.176666666666668,37.38066666666666,7.662519255005713,56.015665294884165,32.76507940134839,6.810943671217998,8.024910310412464
y55,11.583333333333334,42.23966666666667,7.690439801034358,63.05796493571163,40.32661643464161,7.925404748561188,9.387945551853973
y55,11.99,48.71366666666666,8.001742955964868,70.04943972755622,48.969795855008556,9.218522617950068,10.975980929778222
y55,12.396666666666667,56.528333333333336,8.2808044496494,76.9904564814019,58.119804741297074,10.717234015023294,12.823603526526428
y55,12.803333333333333,62.81433333333334,6.891489123065738,83.88137974501278,67.1217921416671,12.452089543106961,14.970646249762412
y55,13.213333333333333,70.575,6.9465839086561045,90.77844484699584,76.05486711425283,14.475903866064169,17.4836688638963
y55,13.626666666666667,79.593,7.125129963726979,97.68079062879858,84.92440523748904,16.836360559094437,20.422371084072836
y55,14.036666666666667,93.97566666666667,1.4494003357710827,104.4774552468671,93.58939369520337,19.540560595703063,23.795088338849265
y55,14.443333333333333,101.75566666666667,6.191078608234057,111.17001072231226,102.05505999650063,22.628368449633548,27.649653816969177
y55,14.846666666666666,108.05900000000001,12.789398578510248,117.75999946079654,110.32644403311792,26.14110005771449,32.03879701849979
y55,15.256666666666668,109.19,10.392656638222968,124.41056657601928,118.60895746161836,30.230319896526144,37.14699507537743
y55,15.663333333333334,138.03366666666668,26.863270544245594,130.9592605793243,126.70091445477907,34.865702168090536,42.925922684703046
y55,16.073333333333334,164.49133333333333,50.880871261539276,137.51378654335616,134.73682868257572,40.188141497184574,49.53968677367563
y55,16.48,143.73600000000002,5.544779436551098,143.96791009444019,142.58784852603114,46.17621529042698,56.947582471505356
y55,16.886666666666667,149.907,3.9224956341594477,150.37545189325797,150.3215761668284,52.93600230467144,65.26114826493571
y55,17.296666666666667,156.44833333333335,4.8252152629010565,156.78869981465576,158.0017351926114,60.594950230694955,74.61465250378195
y55,17.706666666666667,162.578,6.1565176033209,163.15528320064416,165.56622232713957,69.164030543533,84.97751331779195
y55,18.116666666666667,169.27333333333334,7.879776731185549,169.47554182211306,173.01678232969448,78.69383755248968,96.36066312403088
y55,18.56,177.16200000000003,7.84914543119186,176.2579052214718,180.94686825618575,90.11591760894976,109.80310617688366
y55,18.93,186.729,6.504522426742791,181.87751677196843,187.46632211547876,100.54904141630422,121.89235615891924
y55,19.3,191.88133333333334,10.25348488726313,187.46021556150788,193.89711115394599,111.79726752902643,134.7130024855352
y55,19.669999999999998,199.02733333333333,11.58459349020644,193.00624430882365,200.24044418390343,123.84240048739753,148.1788268708203
y55,20.04,204.55233333333334,14.136639499305808,198.5158441287745,206.49751316443908,136.6381580877303,162.18714044291016
y55,20.41,213.013,18.209258826212558,203.98925453234432,212.66949320141484,150.11474688691717,176.6189481026623
y55,20.779999999999998,216.78833333333333,24.85750128901402,209.42671342664198,218.75754254746641,164.18566856584445,191.338948523657
y55,21.150000000000002,218.5776666666667,31.178410163658647,214.82845711490202,224.76280260200332,178.7477441388926,206.19553415219858
y55,21.52,222.18233333333333,29.42794981532579,220.19472029648406,230.6863979112071,193.68111395393507,221.02691930321564
y55,21.893333333333334,231.077,30.335662494826128,225.57360373927565,236.58171402279638,208.98650065121467,235.80723580657917
y55,22.266666666666666,244.32633333333334,27.57341056767068,230.9168396164147,242.39615360555902,224.3777771134917,250.24750191572429
y55,22.64,246.32399999999998,26.551831142126527,236.22466406269749,248.130825071949,239.7018702083394,264.2125544387426
y55,23.01,251.181,26.715874438243652,241.45038929373354,253.7366595969067,254.66846228251063,277.4710746459401
y55,23.39,259.069,25.961403043749367,246.78162340286593,259.41465572001886,269.66642363409,290.38816099009904
y55,23.696666666666662,264.92400000000004,22.22968549035277,251.05779013165835,263.9390267152697,281.4058613611189,300.2420245068502
y55,23.99666666666667,266.36633333333333,23.458319767906083,255.21845890643075,268.3156273781926,292.5130524015913,309.35617338754315
y55,24.30333333333333,272.0713333333333,26.374355467638136,259.4486741642991,272.73953796308024,303.43094395298556,318.11455861674597
y55,24.606666666666666,274.2393333333334,21.548122756596076,263.61024252063004,277.0662399756893,313.7538337495963,326.2104940840861
y55,24.913333333333338,280.69866666666667,23.709984233089106,267.794750663201,281.3913839539422,323.67305596097736,333.8225009612523
y55,25.21666666666667,284.99533333333335,23.06403079111138,271.91135229583716,285.62148937937746,332.9456689664542,340.8002361090405
y55,25.52333333333333,291.4513333333333,23.022272462407628,276.0506446372478,289.850072098046,341.75683722227245,347.31126343926263
y55,25.826666666666668,294.589,20.892439996324025,280.12276317123764,293.98573922845964,349.91552209926857,353.23110884141647
y55,26.136666666666667,300.2853333333333,21.829420728304566,284.2617096393528,298.1645988036295,357.68732187255523,358.7674026888937
y55,26.439999999999998,305.3016666666667,23.17039555841319,288.28958484942626,302.2074409666939,364.74654844927846,363.7059334050942
y55,26.74666666666667,309.673,21.530897403499,292.3396600604321,306.2488319042646,371.34756785036166,368.24489970801545
y55,27.05,314.42066666666665,19.904838038359774,296.32400790816394,310.2014250167545,377.3632250757165,372.3159428214218
y55,27.356666666666666,316.85266666666666,23.81416268385963,300.33031535995985,314.1526018447555,382.94628454996064,376.04264616124544
y55,27.666666666666668,321.735,23.080347506049375,304.35798817731796,318.1014102941038,388.10556506744234,379.45089060789485
y55,27.97,325.6803333333333,23.71762425567394,308.2775747331596,321.92169509984933,392.7108755715513,382.4706809151859
y55,28.27666666666667,329.4173333333333,24.64103937201784,312.2187635781745,325.7406139913767,396.9539670295472,385.2263904440639
y55,28.583333333333332,333.71066666666667,24.975683080415127,316.13848213884484,329.51643948431496,400.8196920334656,387.7018612834191
y55,28.89,336.87100000000004,24.784078134964002,320.03684736843377,333.24965798458345,404.34094323670286,389.9166685372336
y55,29.196666666666662,339.3806666666667,28.777476580362865,323.91397561678724,336.94074996758144,407.5356850459161,391.8912459266195
y55,29.506666666666664,344.21600000000007,26.737643931356413,327.8117801375781,340.6296307055015,410.451924491372,393.66484680899345
y55,29.810000000000002,349.4603333333334,24.317082274264184,331.6049835520871,344.1984484489901,413.0198402393537,395.20573908220456
y55,30.116666666666664,348.701,33.624327904063726,335.41909292164013,347.7660174825932,415.34930112385,396.59081537627867
y55,30.42,351.7916666666667,25.133491845211893,339.1713040982019,351.2552327186748,417.4109496417551,397.8132756331992
y55,30.726666666666663,358.16266666666667,25.960016974827507,342.9441955731543,354.74322149070673,419.27285414973073,398.92448580610426
y55,31.036666666666665,362.98066666666665,28.113457637461337,346.73720806179716,358.2291349161705,420.9522619526242,399.93835413774417
y55,31.350000000000005,368.0539999999999,24.833731334618243,350.5497817904364,361.71213498305167,422.4691858280589,400.85269913140513
y55,31.67,359.278,33.851584202220124,354.4215741646086,365.2278022350476,423.86035551784767,401.68123035403715
y55,31.996666666666666,365.31033333333335,34.34188588783867,358.3513319820717,368.77402205731545,425.14396264461686,402.4273529757784
y55,32.31666666666666,371.03,32.52476537963033,362.17878442077307,372.2065416557237,426.2693649029327,403.0703451982427
y55,32.64,369.13100000000003,37.01603553866892,366.0240126013307,375.63376318550604,427.2823644167742,403.64130287060755
y55,32.96333333333333,377.37566666666663,30.477289911232813,369.84716005269104,379.0202045401346,428.1815979840125,404.14257713155075
y55,33.28666666666667,382.6543333333334,31.20492573830826,373.6483537696168,382.3663484195749,428.97785949136073,404.58346877523314
y55,33.61,389.709,32.33505657950824,377.4277200011904,385.6726725166343,429.68169525690445,404.97308937810203
y55,33.93666666666667,393.4793333333333,31.418214976878186,381.2240104743829,388.973126417613,430.30942098946997,405.32367511758133
y55,34.26,399.541,30.669826279260203,384.9598757012706,392.2008255990511,430.85836238193144,405.63364236465185
y55,34.586666666666666,396.0126666666667,34.4073804049848,388.7124706248814,395.4227935865993,431.34985936356566,405.911679679669
y55,34.91,402.4646666666666,31.81379237584439,392.4053359912465,398.57373745754205,431.7835158318292,406.15449257916634
y55,35.233333333333334,402.74333333333334,36.31783961544702,396.07699645080413,401.6871841832259,432.1726434522644,406.3675668452946
y55,35.556666666666665,394.7366666666667,45.236728720513526,399.7275737631732,404.7635813102716,432.52061487807333,406.5534911944489
y55,35.88,400.36899999999997,41.91201559219027,403.35718894229484,407.80337137814234,432.83004010805905,406.7149686887197
y55,36.20666666666667,407.0063333333333,39.575396047712964,407.00305798292874,410.8377702301568,433.10629408992526,406.85615595929477
y55,36.526666666666664,411.23066666666665,37.927381696253875,410.5540132281403,413.7748754584222,433.3442957044304,406.97596708945144
y55,36.85333333333333,420.83933333333334,39.141963381176126,414.1581315563593,416.7374998309557,433.55697441192365,407.0824828850173
y55,37.18,414.2483333333333,51.86497903531179,417.7413410276511,419.6645186143411,433.74222712475853,407.17628272053315
y55,37.50666666666667,423.6113333333333,41.623610779620435,421.3037626852349,422.55636227846367,433.90336751427975,407.2607455399703
y55,37.830000000000005,421.3886666666667,48.50002367353373,424.8094818256406,425.3844761327961,434.0424936428543,407.3376661849779
y55,38.156666666666666,421.7516666666666,53.34541646039831,428.3309002494422,428.2075883013225,434.16600719966937,407.40743860163616
y55,38.48666666666667,422.7423333333333,58.23088404217589,431.86750958693364,431.02506900130413,434.2771288201911,407.4699798473874
y55,38.809999999999995,437.63100000000003,44.72155493718885,435.31256949557024,433.7524646423799,434.3764714174553,407.5239403427191
y55,39.156666666666666,438.4726666666666,45.73712848806027,438.9842691645107,436.64066484463876,434.47380328330235,407.5742871038347
y55,39.56666666666666,443.3883333333333,48.559092478477524,443.2975987162472,440.00904755980605,434.57498003429475,407.62467128417745
y55,39.97666666666667,447.4216666666666,45.29439839906622,447.5795438243558,443.3267241846817,434.66203420039454,407.66625722857555
y55,40.38666666666666,450.0713333333333,35.996368460350745,451.8303325901263,446.5944588292377,434.73611527324124,407.70036198360816
y55,40.79666666666666,451.31,35.61114582542941,456.05019155183874,449.81300265777145,434.7984907113107,407.7284343879391
y55,41.21,452.068,32.32319991894367,460.27327863122093,453.0086698812731,434.850930903822,407.7522334746659
y55,41.626666666666665,453.27866666666665,28.676931326997543,464.49907052536696,456.1810187654979,434.8947422273578,407.77342681650674
y55,42.03666666666667,457.12566666666663,28.758487657269715,468.626748394548,459.25522506352735,434.93063093071464,407.793006254693
y55,42.449999999999996,464.68533333333335,35.46924268057231,472.7575840336059,462.307566064729,434.96133801668736,407.81086283013593
y55,42.866666666666674,464.5183333333334,32.41582438151672,476.8910657336614,465.33762396307236,434.98866054997626,407.8266708765554
y55,43.276666666666664,466.7043333333333,33.42685845743411,480.9285771058226,468.2739342430378,435.01354090455334,407.83999096060194
y55,43.69,473.7866666666667,29.941578053491646,484.9691778073175,471.189355640086,435.03592926206613,407.85116886531716
y55,44.10666666666666,476.3003333333333,30.844547659729653,489.0123673717554,474.08349141963595,435.05561141775297,407.8602251751726
y55,44.60333333333333,486.23566666666665,31.653225591293726,493.7928123423137,477.47549634598647,435.0753668620349,407.8683450134816
y55,45.096666666666664,487.415,29.16149291445827,498.499493765828,480.7835715267321,435.0912048012955,407.8739315560761
y55,45.596666666666664,492.25033333333334,32.87976454193874,503.22776704358864,484.0752854795406,435.10375555445444,407.8776676969331
y55,46.096666666666664,488.2553333333333,33.80771303021445,507.9141198888247,487.3066488919485,435.1132663166759,407.8802361022784
y55,46.586666666666666,486.878,21.410984820881083,512.4664327068648,490.41590110425153,435.1202358102174,407.88253151555233
y55,47.086666666666666,489.7456666666667,17.37228725105974,517.0708763457163,493.5310197129801,435.1256912597989,407.8857196657021
y55,47.586666666666666,485.82766666666674,19.287725639207256,521.634497011311,496.5890282145407,435.1303574929753,407.88905890624244
bh1514,0.7799999999999999,0.531,0.1600718588634492,0.23648664931281663,0.23118217010814457,0.15049385364160636,0.1513620289901488
bh1514,1.14,0.923,0.6200604809210147,0.35183009517863084,0.34035607398031625,0.18172950268933216,0.18326319339492142
bh1514,1.5033333333333332,1.054,0.8901410000668434,0.5253595810108902,0.5028833194935145,0.21982118213648175,0.2222697428397887
bh1514,1.8666666666666665,1.298,1.1195499095618737,0.7844720196686137,0.7430161293294676,0.265881945865767,0.26956233625911136
bh1514,2.1950000000000003,1.7575,1.7797877682465404,1.127007380506317,1.0573123881056514,0.3157351599546602,0.32087745739752566
bh1514,2.5549999999999997,2.2784999999999997,2.757009339846349,1.6766965486586178,1.5566131767096374,0.38117184587937747,0.3884025097699079
bh1514,2.89,5.842,NaN,2.426547480541355,2.2309408593822977,0.45415237948159237,0.463900833971849
bh1514,3.315,4.425000000000001,3.790092347159895,3.878592355836523,3.5220986349635828,0.5670917017087845,0.5810585307974626
bh1514,3.6799999999999997,4.724,1.073388093841179,5.8021796098528835,5.2132639578912965,0.6861546678753982,0.7049156509293795
bh1514,4.045,3.7575,0.30476302269140204,8.409023183861231,7.7045989526467675,0.8300614817844519,0.8550010415888261
bh1514,4.404999999999999,15.304,7.394922717648916,11.044656301717053,10.430642635783146,1.0013074351321496,1.0340529132244345
bh1514,4.77,24.1965,12.901163222748561,13.675526970170479,13.134525036778951,1.2107333512538545,1.2535720668673649
bh1514,5.215,9.519,11.61917862845735,16.836843795608612,16.38155450691539,1.5255061825304748,1.5844090599531513
bh1514,5.66,12.049000000000001,5.614827423884015,19.947721514978326,19.5736668807292,1.9209322435040523,2.0012307751942053
bh1514,6.1066666666666665,20.62366666666667,2.01493779887453,23.02033722529613,22.723441843067963,2.4191830004390082,2.5278969004163168
bh1514,6.553333333333334,24.469333333333335,1.0815370235610675,26.043744614167508,25.819743099129827,3.043708095503154,3.189747609710388
bh1514,7.0,27.110666666666663,1.6792883413319268,29.018730945337715,28.863477808301994,3.8248790203109677,4.019641818503647
bh1514,7.446666666666666,29.91033333333333,2.664402434568273,31.946071530324097,31.85553846485964,4.799540453044919,5.057291593822824
bh1514,7.8933333333333335,33.75366666666667,2.625255479631142,34.826529728416034,34.796802897965925,6.011219248880372,6.349517278037021
bh1514,8.34,32.190333333333335,3.405565493913356,37.66085694667499,37.68813427167192,7.511553190094537,7.951926580849749
bh1514,8.786666666666667,36.23766666666666,3.402965226583037,40.44979263993454,40.53038108491662,9.360053070491691,9.92767582500023
bh1514,9.23,39.525999999999996,2.0524124829088337,43.17374831705255,43.30370312684042,11.60395845354004,12.326120444252673
bh1514,9.73,44.07966666666667,1.9727965767745395,46.19395828370043,46.3754764183774,14.711321823067337,15.6456753659841
bh1514,10.25,46.154666666666664,1.8523407713845037,49.27761054585335,49.5082766079013,18.69905783441734,19.896133866897788
bh1514,10.770000000000001,49.05500000000001,3.287235464641985,52.30384978880149,52.579253542100275,23.55941936151601,25.057070106470693
bh1514,11.29,53.59133333333333,4.48145080675146,55.27374606357857,55.58962324015946,29.37121813473611,31.193987275163035
bh1514,11.81,58.01133333333333,3.724735471591686,58.18834402735386,58.5405779128763,36.16413201612991,38.3101414575697
bh1514,12.33,61.685333333333325,2.3553331682234093,61.04867067066046,61.433288227687704,43.890185556333265,46.32241568954095
bh1514,12.85,66.67133333333334,3.7040389216817533,63.85573534395028,64.26890330867018,52.41718959926387,55.05831320078765
bh1514,13.366666666666667,72.46233333333333,1.5137279588265966,66.59303520723057,67.0309083652834,61.45354698077599,64.18057893011722
bh1514,13.886666666666665,76.40166666666666,0.7798168588414426,69.29685918856768,69.75604237774336,70.81177095160878,73.4823332606568
bh1514,14.410000000000002,78.727,3.519766895690679,71.96718644701902,72.44434523900112,80.16324441339616,82.61829010893568
bh1514,14.923333333333332,81.68966666666667,2.686584510737258,74.53787116986274,75.02940107082426,88.93585150823742,91.03826200098138
bh1514,15.443333333333333,83.494,2.737451552082708,77.09376462797965,77.59667879772427,97.14872198798284,98.79035287261736
bh1514,15.969999999999999,88.73166666666667,2.522839735958938,79.63392298840375,80.14523036901831,104.58972958458222,105.69693292429754
bh1514,16.52,91.90833333333335,4.04163956004656,82.23550903166532,82.75233907968726,111.30677306741546,111.8285337120289
bh1514,17.076666666666668,95.04966666666667,3.6085720629264606,84.81649328604973,85.33568487475888,116.99216312786278,116.94518377470988
bh1514,17.63,98.21600000000001,3.358592562368944,87.33108304550464,87.84951578167755,121.61344276214376,121.04920699935785
bh1514,18.179999999999996,101.21733333333334,0.7688135881560184,89.78118856196937,90.2959173866757,125.2950585818755,124.27254170513758
bh1514,18.736666666666665,100.56099999999999,0.275092711644636,92.21189128285735,92.72000093479967,128.2221635232629,126.80773422757335
bh1514,19.34,99.20033333333333,3.7733958622616504,94.79171463609994,95.28953008407534,130.66477625730997,128.9158056307095
bh1514,21.14,97.84066666666666,2.5765159291829223,102.16238352773804,102.6116348563951,134.89496574961836,132.49279771906276
bh1514,21.733333333333334,97.82166666666667,2.6989452260713476,104.48874473497287,104.91657994330608,135.64093995792814,133.1212725750033
bh1514,22.323333333333334,99.522,5.4712705105852635,106.75308545669259,107.15717530624009,136.196623950579,133.5810143671085
bh1514,22.913333333333338,106.709,0.2651112973828188,108.9696479641554,109.34766673157921,136.60368045092454,133.91341107463833
bh1514,23.53,105.99833333333333,3.7379706169702978,111.2364245747427,111.5848296011089,136.91039620569515,134.16486422444945
bh1514,24.156666666666666,108.99666666666667,6.812884435636153,113.48878264070407,113.80474225518307,137.13916857301464,134.35502281426096
bh1514,24.78333333333333,114.98200000000001,5.529416153627791,115.6907029553044,115.97196868087222,137.30848740072724,134.49212834778487
bh1514,25.409999999999997,119.74666666666667,7.054517299811047,117.84331491703426,118.08777491107828,137.4290350312141,134.5876181984185
bh1514,26.040000000000003,119.71866666666666,13.809550946114557,119.95879279918165,120.16424209765272,137.5130801669568,134.65430158126182
bh1514,26.666666666666668,119.72633333333333,18.228983359840267,122.01585384456504,122.18057637553056,137.57276675451104,134.70423442901367
bh1514,27.290000000000003,122.14600000000002,17.65106651168704,124.01628392183437,124.13870166973071,137.61885473415956,134.74169314213086
bh1514,27.92,126.30466666666666,14.250696766591215,125.99283214454049,126.07078355156924,137.65306309204237,134.76827789707116
bh1514,28.546666666666667,130.20366666666666,7.345728713567726,127.91476755274428,127.94688859647691,137.67648722316886,134.78571578897345
bh1514,29.17,131.96133333333333,7.5699981726109655,129.78376539878693,129.76881772310057,137.69180869280896,134.79716071977987
bh1514,29.8,128.08566666666664,8.436552633234347,131.63043228003755,131.56650803099907,137.70252787517518,134.80647405205454
bh1514,30.45,130.594,6.005851230258703,133.4921407013175,133.3763049327721,137.71206879190638,134.8145793978516
bh1514,31.113333333333333,130.302,4.740505141859886,135.34746015119802,135.17730481828636,137.71975220887293,134.82050978056378
bh1514,31.78,128.61266666666668,11.026489256936381,137.16780492198396,136.9417907443716,137.7250134353647,134.8241284131147
bh1514,32.44,131.581,7.93782319027074,138.92724187684007,138.6447719694915,137.72798665602647,134.82587441818146
bh1514,33.1,135.698,6.158532211493259,140.64519893747794,140.30521308856123,137.72935780231734,134.8266995298632
bh1514,33.76,136.663,2.9451145987889777,142.32265891353305,141.92418114126752,137.730173592361,134.82788317212803
bh1514,34.42,137.754,5.314205773208264,143.9605809935937,143.50271463364155,137.73160515258107,134.82937933389712
bh1514,35.14,139.89733333333334,4.339897733050084,145.70341098768915,145.17982173526246,137.73320703687864,134.83068137735526
bh1514,35.88333333333333,142.45733333333334,9.732882426770267,147.45577762064852,146.86343995047852,137.73439129141326,134.8314240835294
bh1514,36.626666666666665,144.293,12.308346802068922,149.16170241824878,148.4998135602474,137.73492216519097,134.831521146163
bh1514,37.37,145.34466666666665,3.2645551509100526,150.82243213473225,150.09023884363694,137.73484387203388,134.83116543483885
bh1514,38.11333333333334,150.17866666666666,1.118635031336554,152.43915979128224,151.6359833232836,137.73442481471952,134.83077937392284
bh1514,38.85333333333333,149.44066666666666,2.7711949287867297,154.00607067613228,153.1316441427664,137.73415746378961,134.83096769363289
bh1514,39.6,153.51,9.690221514495933,155.5451798623647,154.59835617973675,137.73455896951177,134.8315941417075
bh1514,40.34,155.26966666666667,9.903147243847961,157.0300952931024,156.01110241037122,137.7352153077123,134.83221310354674
bh1514,41.086666666666666,158.816,3.768548659630128,158.4886519693107,157.39649718206996,137.7357953159133,134.83260239536995
bh1514,41.83,161.04533333333333,3.4248641335582044,159.90209996903326,158.7368440074488,137.73609508127015,134.83263572097817
bh1514,42.57,165.03966666666668,5.750653557060563,161.2719733421942,160.0337522332414,137.73603247144135,134.83231109650052
bh1514,43.31333333333333,163.99633333333333,8.184021770091606,162.61160714767402,161.2999680283551,137.73562923773756,134.83173100005035
bh1514,44.05666666666667,160.70433333333332,6.199816637073492,163.9157198670396,162.53060338113625,137.73501581714942,134.83111425014195
bh1514,44.796666666666674,165.29233333333335,2.721875884997941,165.17964142658406,163.72137932200818,137.73443411676647,134.8307917301994
bh1514,45.54,169.58,4.16277587674379,166.41567699870203,164.88400005443648,137.73422602246336,134.8310423146391
bh1514,46.28333333333334,175.75733333333335,4.754463201385969,167.61895315181832,166.01397640448647,137.73452913283913,134.83129741568365
bh1514,47.026666666666664,176.79733333333334,9.000472672772975,168.79034136878695,167.11223107552266,137.7347619624436,134.83146358139643
bh1514,47.76333333333333,174.03566666666666,8.619977107471524,169.92059606756902,168.1702191066044,137.73491667349967,134.83157050255116
ea387,0.8633333333333333,1.3273333333333333,0.6697143669754541,0.23494820079811973,0.2304004774811973,0.14876775421719596,0.15105117947630128
ea387,1.29,0.7443333333333332,0.238172906379658,0.3583517958355675,0.34803728189950844,0.18102616890883075,0.18519230852745014
ea387,1.72,1.0713333333333332,0.2096886580941691,0.5483782384215617,0.5274339801585017,0.22060721911821288,0.22739974251158565
ea387,2.14,1.2256666666666665,0.1598134328939008,0.8309058644281107,0.7916064908738054,0.2675951818990624,0.27788001148654545
ea387,2.57,1.2086666666666666,0.08367994582534892,1.2714970979836107,1.1996267934157927,0.3260642624802782,0.34116303248780344
ea387,2.9933333333333336,1.109333333333333,0.24409492688979287,1.9329728258084384,1.8063213839433252,0.3960628124692627,0.4174903184558699
ea387,3.42,1.5136666666666667,0.2224552389433284,2.9482117665359526,2.728522110336888,0.48177799868736065,0.5116453058140783
ea387,3.8433333333333333,2.2833333333333337,0.46893105392299755,4.481825159130818,4.108388324337551,0.5850752642270165,0.625951559690687
ea387,4.283333333333333,3.7100000000000004,0.17784543851333365,6.925603881410954,6.28652039599357,0.7158738378773143,0.771762362045018
ea387,4.733333333333333,4.549333333333333,0.05882459802950922,10.17532821407601,9.490152642090264,0.8797583093330844,0.9558377745728402
ea387,5.176666666666667,7.5183333333333335,0.5135078707608418,13.375112097402631,12.795753310915282,1.0776102803507823,1.1797493778311579
ea387,5.626666666666666,10.509666666666666,0.19514695317460928,16.583168634576456,16.09448690056121,1.3236173347286342,1.4601975717921059
ea387,6.073333333333333,13.997,0.7445186364356504,19.729297649108386,19.326342762148194,1.6226999858219364,1.8036270522108249
ea387,6.523333333333333,18.337333333333333,1.271642376351675,22.860919008329013,22.54011438084729,1.9915119425620398,2.230163044570403
ea387,6.973333333333333,23.264333333333337,1.108549202035404,25.954869537209806,25.712075349612416,2.4428694256805694,2.755673015546421
ea387,7.419999999999999,28.02133333333333,0.8724805632983087,28.989094744161726,28.819728402303873,2.9899563593366176,3.3967860737037543
ea387,7.87,31.808333333333337,2.579833392553352,32.00932599668978,31.909989244167832,3.662111903905092,4.189374675064771
ea387,8.316666666666668,36.32266666666667,6.082651505168888,34.97125419278173,34.93759738060681,4.474386290597812,5.152484914099011
ea387,8.800000000000002,40.27766666666667,3.6424840882745575,38.13649560946162,38.16970843403221,5.549917230719152,6.434184265012636
ea387,9.29,44.064666666666675,4.421732729748975,41.30366926322442,41.400320285714876,6.892311351404899,8.041490567186218
ea387,9.78,47.61766666666667,5.502515818544581,44.42937876479979,44.58519091642814,8.541238897493598,10.02230226778916
ea387,10.270000000000001,50.88233333333333,6.053179687844505,47.51416740936001,47.72496857201891,10.556660070422565,12.447402031278394
ea387,10.770000000000001,54.13933333333333,6.999740661862646,50.62028527353587,50.883003727036304,13.059833373952765,15.46128056454814
ea387,11.29,58.06166666666667,7.865420798236629,53.80664536067855,54.118978236026884,16.22530547778676,19.263748664081387
ea387,11.826666666666668,60.91533333333333,8.722010911099188,57.04873908410958,57.407717466236406,20.184673020609562,23.99386850610288
ea387,12.363333333333335,64.38766666666668,8.961304834304729,60.24437576551603,60.64549393188446,24.936317903778114,29.621070205019226
ea387,12.893333333333333,67.70866666666667,9.855533488012371,63.35537164363647,63.79380598036061,30.479633234204353,36.10186895654498
ea387,13.43,71.26133333333333,9.954034475193128,66.46064345240458,66.93262885191756,36.99559886558328,43.5824995276955
ea387,13.963333333333333,73.73433333333334,11.329234057663971,69.50254518546859,70.00376795400418,44.35975277970945,51.85102968230472
ea387,14.496666666666664,77.01166666666666,11.331137733402295,72.50112643114754,73.02760796488886,52.54330530866535,60.78679335344939
ea387,15.033333333333333,79.65533333333333,11.187646148021189,75.47534386654388,76.02333873334295,61.45995646672918,70.21005524462836
ea387,15.566666666666668,82.06966666666666,12.284805099525729,78.38886120147599,78.95446642448854,70.78741385528782,79.72464445319785
ea387,16.103333333333335,84.59866666666666,12.588067100763853,81.27870478187516,81.85834582796976,80.38781575631855,89.13407276931429
ea387,16.650000000000002,87.21066666666667,12.86847894404514,84.17982279169817,84.77007117178375,90.08554143299956,98.2449747590794
ea387,17.223333333333333,90.59433333333334,12.952545554188692,87.17697825249944,87.77446988725013,99.84294226352905,107.03302238831378
ea387,17.796666666666667,92.92366666666665,13.156488677961658,90.12827274259097,90.72915586562782,108.9073180049092,114.85469687670523
ea387,18.37,95.49366666666667,13.448222088191931,93.03440904642311,93.63495298683837,117.08219933460202,121.61330862826114
ea387,18.943333333333335,98.48633333333333,13.402444005976422,95.8960791468186,96.49267130490375,124.24985044732804,127.30016492340768
ea387,19.513333333333335,100.88266666666668,13.60203015484576,98.69770642112663,99.2869024457131,130.3386648087535,131.96768539132552
ea387,20.09,103.40833333333335,14.376879401780261,101.48873466045022,102.0670426181945,135.48618638705196,135.8000696713306
ea387,20.663333333333334,106.02033333333333,14.66604105862701,104.22105003119181,104.78524659196896,139.7017962643703,138.83738815995966
ea387,21.236666666666665,108.75733333333334,14.339553351946963,106.9115591135079,107.4584814528243,143.1252514047882,141.233454535797
ea387,21.810000000000002,110.63,15.605860950296842,109.56090763552028,110.08749769994911,145.86365158147717,143.1249276981852
ea387,22.383333333333336,113.18166666666666,15.803574163249696,112.16972935480922,112.67301991930002,148.03256839615506,144.60198963784856
ea387,22.956666666666667,114.75333333333333,15.325647664400131,114.73863870167001,115.21576220278189,149.75360936208398,145.73409521364948
ea387,23.53,116.82633333333335,14.58849208565894,117.26824196764744,117.71642834255032,151.112615037147,146.59465245170267
ea387,24.099999999999998,119.64033333333333,16.20096868503033,119.74476610261539,120.1615319527226,152.15925829566982,147.25717033898255
ea387,24.673333333333332,121.91266666666667,16.100127370096583,122.19776351421633,122.58035065260208,152.96398285740167,147.77806167269617
ea387,25.24666666666667,123.528,16.64101787752179,124.61322162015266,124.95913890433846,153.58274329274195,148.1755737733723
ea387,25.86,126.02799999999998,17.660374316531346,127.15629076992082,127.46032249246075,154.1046271875461,148.49312704231266
ea387,26.453333333333333,128.03533333333334,18.1278111291279,129.5768286455459,129.8378241488639,154.4925897449458,148.72234534957516
ea387,27.05,129.1833333333333,18.12942415890072,131.97231821066953,132.18763547817676,154.78774172334718,148.90072744558103
ea387,27.64,130.89766666666665,18.251234104392328,134.30353902544383,134.4714120385633,155.00715580315153,149.03607514302004
ea387,28.24,134.38366666666667,17.824690301189904,136.63663501984735,136.7540281338564,155.17768407375405,149.1381777777111
ea387,28.930000000000003,136.15633333333332,18.281685380000752,139.27356183754938,139.33023572915934,155.32915084802977,149.22092496339152
ea387,29.67,139.74733333333333,17.658589109363557,142.04771580391642,142.03624176515004,155.44686666862108,149.2825281779249
ea387,30.409999999999997,141.25966666666667,18.42101425908284,144.7672087077391,144.68460399704838,155.52708315399263,149.3299038745991
ea387,31.150000000000002,143.41099999999997,17.481302811861582,147.43311965620177,147.27655101802517,155.58086640936864,149.36418430619278
ea387,31.886666666666667,146.48433333333332,17.403888138382573,150.03484942257447,149.8019784566977,155.62096116585855,149.38703437956283
ea387,32.626666666666665,147.77,17.382625031910454,152.59697326462634,152.284933715297,155.65256120473282,149.4015866531963
ea387,33.36,149.99666666666667,16.607347179285846,155.08621754643582,154.69335777550285,155.67479911309124,149.41155591331096
ea387,34.099999999999994,153.172,18.502055210165157,157.5488455133452,157.07214210316022,155.68953925527916,149.42041894575476
ea387,34.84,155.25866666666667,17.29566565164039,159.9629636613037,159.4002461037956,155.69880046854772,149.42723666075327
ea387,35.583333333333336,158.004,17.412312798706566,162.34007016356796,161.68889363520498,155.70566778925988,149.43171338290406
ea387,36.35333333333333,160.2973333333333,16.45109760269305,164.75284946041572,164.00799880059986,155.71231995193247,149.4340702914285
ea387,37.13333333333333,162.92133333333334,16.796241256106466,167.14653766776954,166.30481323073988,155.71749162319279,149.4348927545605
ea387,37.913333333333334,165.95166666666668,17.54287118271502,169.4905195273304,168.55005889701496,155.72075962541888,149.43554155781936
ea387,38.693333333333335,166.838,16.15481776436986,171.78582511363012,170.74489499764576,155.72224718946026,149.43707564212707
ea387,39.473333333333336,169.59133333333332,16.313498286184146,174.03346516329,172.89045645121936,155.72252877220348,149.4384834113655
ea387,40.25333333333333,173.80133333333333,16.878590057624287,176.2344310750212,174.98785389668961,155.72263005657183,149.43942717107564
ea387,41.03333333333333,176.71133333333333,17.787026629915783,178.38969490962455,177.03817369337685,155.72365966412696,149.4397831992566
ea387,41.82,177.38699999999997,19.65634816032724,180.51805781147303,179.05941340992615,155.724869636046,149.43960820497773
ea387,42.6,181.99,18.544889673438337,182.58438579423284,181.01835984598503,155.7257960723534,149.43915116645167
ea387,43.406666666666666,185.65033333333335,19.010002428546226,184.67624928444044,182.99805521880043,155.7262821154803,149.4388401079072
ea387,44.20333333333334,188.6113333333333,19.669411082524395,186.698119602281,184.90813569002128,155.72625762140666,149.43912016311603
ea387,45.00333333333333,192.237,20.442304835805576,188.6853309859775,186.7821735542869,155.725849598355,149.43940357003476
ea387,45.800000000000004,193.3743333333333,22.15517856694757,190.62223702122395,188.6055544586881,155.7253358182638,149.4395859554559
ea387,46.59666666666667,195.06766666666667,24.614291912085005,192.51809616817675,190.38714923500982,155.72514208932944,149.43968436560323
ea387,47.39666666666667,196.89266666666666,27.289590127617036,194.38145769520577,192.13511367304469,155.72544001711222,149.43973323109924
ea387,47.98,214.584,NaN,195.71510766577416,193.38425958977743,155.72561169064153,149.4397672612621
