strain,time,time_error,avg_height,std_height,interface,logistic_nd,logistic,nutrient
bgt127,0.47,0.07071068,0.179,0.20223254,0.14749247,0.1449905,0.12749158,0.17006011
bgt127,0.85,0.11,0.287,0.11720495,0.20193985,0.19449548,0.15514936,0.25414598
bgt127,1.17,0.11,0.628,0.3550507,0.26310468,0.24791558,0.18303871,0.3501121
bgt127,1.445,0.077781744,0.6045,0.20576808,0.3302763,0.3043472,0.21097423,0.45534974
bgt127,1.82,0.11,0.40866667,0.19454134,0.45033282,0.40044168,0.25605237,0.640186
bgt127,2.1433334,0.10503968,0.548,0.29983994,0.5883509,0.5048324,0.3025667,0.8455118
bgt127,2.47,NaN,0.95,NaN,0.77079314,0.6349531,0.35812664,1.1044415
bgt127,2.735,0.077781744,0.408,0.53598696,0.95961237,0.7620892,0.41059452,1.3583769
bgt127,3.065,0.077781744,1.482,0.89236873,1.2606306,0.95228547,0.4867701,1.7372789
bgt127,3.44,0.11,1.2736666,0.77251816,1.7188995,1.2191913,0.5905611,2.2635927
bgt127,3.7633333,0.10503968,1.8366667,0.4995021,2.2456539,1.5007352,0.6975864,2.8095613
bgt127,4.09,0.11,3.5193334,0.80157614,2.94206,1.8419423,0.82532096,3.4574301
bgt127,4.4133334,0.10503968,3.3696666,0.6690563,3.8437202,2.244696,0.9746237,4.202853
bgt127,4.74,0.11,4.543,0.8194437,5.035475,2.7270806,1.1527302,5.0696096
bgt127,5.06,0.11,6.477,0.9304128,6.5519767,3.2833023,1.3584664,6.036884
bgt127,5.383333,0.10503968,7.849,1.1147048,8.487745,3.9403381,1.6032767,7.139918
bgt127,5.83,0.11,10.000334,1.4925704,12.676888,5.0265446,2.0147295,8.882094
bgt127,6.15,0.11,12.652,1.0014609,16.149685,5.947651,2.3720884,10.291844
bgt127,6.47,0.11,16.102667,0.6955173,19.554476,7.00111,2.7917109,11.840065
bgt127,6.79,0.11,18.981,1.4840341,22.903625,8.198575,3.2840097,13.528589
bgt127,7.11,0.11,23.614334,1.6981649,26.198048,9.551024,3.8610663,15.357885
bgt127,7.43,0.11,27.307667,1.3660078,29.438637,11.068527,4.5367546,17.327082
bgt127,7.7533336,0.10503968,31.889668,0.8880576,32.659195,12.778668,5.335637,19.45681
bgt127,8.073334,0.10503968,35.967335,0.78201044,35.79419,14.6541,6.259101,21.699944
bgt127,8.393333,0.10503968,39.796333,0.86589855,38.877945,16.71772,7.3351007,24.073421
bgt127,8.716666,0.10503968,43.419334,1.3446882,41.94263,18.997984,8.600241,26.5985
bgt127,9.036667,0.10503968,46.339,0.80584925,44.925896,21.449572,10.053338,29.21658
bgt127,9.356667,0.10503968,49.175335,0.5497284,47.8604,24.094402,11.733185,31.94586
bgt127,9.676666,0.10503968,51.494667,0.89319223,50.746944,26.929352,13.668431,34.77834
bgt127,10.046667,0.10503968,55.066,0.7278963,54.025753,30.436684,16.265482,38.170853
bgt127,10.533334,0.10503968,60.22167,0.6534044,58.244392,35.403145,20.34437,42.80241
bgt127,11.02,0.11,63.804,0.73930573,62.35863,40.733017,25.27015,47.5955
bgt127,11.51,0.11,68.088,0.36098614,66.39819,46.41469,31.17405,52.549915
bgt127,11.993333,0.10503968,72.080666,0.86474407,70.28419,52.26844,37.9808,57.52904
bgt127,12.483334,0.10503968,76.05067,0.59739125,74.1263,58.39008,45.874424,62.636547
bgt127,12.97,0.11,79.10067,0.8886154,77.84751,64.5897,54.6368,67.736755
bgt127,13.46,0.11,83.32867,0.5740839,81.501175,70.8833,64.23233,72.868645
bgt127,13.943334,0.10503968,86.16067,0.39412224,85.01592,77.07801,74.224686,77.89973
bgt127,14.433333,0.10503968,89.858665,0.59208137,88.49096,83.28472,84.60432,82.943016
bgt127,14.92,0.11,92.85567,0.8252068,91.856636,89.32362,94.834724,87.8721
bgt127,15.406667,0.10503968,95.775665,0.7351002,95.13902,95.19295,104.66873,92.701546
bgt127,15.893333,0.10503968,98.82633,0.5503384,98.34017,100.85628,113.85199,97.414185
bgt127,16.38,0.11,102.381,0.85428566,101.46211,106.28488,122.19885,101.9956
bgt127,16.87,0.11,105.061,1.3235819,104.527374,111.492386,129.63986,106.46386
bgt127,17.353333,0.10503968,108.10267,0.16306543,107.47612,116.36174,135.98573,110.71989
bgt127,17.843334,0.10503968,110.48333,1.4421902,110.391594,121.01876,141.43327,114.8737
bgt127,18.326666,0.10503968,113.41133,1.0702412,113.19624,125.33324,145.9182,118.807045
bgt127,18.813334,0.10503968,116.29633,0.7915708,115.95059,129.39868,149.63966,122.599754
bgt127,19.303333,0.10503968,118.29366,1.4170002,118.65494,133.21559,152.67947,126.247185
bgt127,19.79,0.11,120.49067,1.469452,121.274155,136.74023,155.10342,129.69975
bgt127,20.273333,0.10503968,122.889336,1.0422075,123.81126,139.98778,157.0378,132.9621
bgt127,20.763334,0.10503968,126.24033,1.1549495,126.31967,143.03406,158.61023,136.1022
bgt127,21.25,0.11,128.88,2.1807106,128.74913,145.8264,159.83983,139.05724
bgt127,21.74,0.11,130.18266,1.934881,131.13449,148.416,160.80066,141.87152
bgt127,22.223333,0.10503968,132.34367,1.3540596,133.42914,150.76572,161.53592,144.49376
bgt127,22.713333,0.10503968,135.007,1.4709755,135.69788,152.95468,162.12944,147.00171
bgt127,23.2,0.11,136.995,1.3285635,137.89523,154.94937,162.59886,149.34843
bgt127,23.676666,0.10503968,139.89433,1.4477142,139.99472,156.74156,162.95819,151.51299
bgt127,24.163334,0.10503968,141.01534,1.5360385,142.08575,158.41814,163.24191,153.59175
bgt127,24.65,0.11,142.81734,1.5946615,144.12506,159.9513,163.46074,155.5437
bgt127,25.14,0.11,144.96466,1.4193189,146.12738,161.36131,163.6344,157.3868
bgt127,25.626667,0.10503968,147.48866,1.7985646,148.06673,162.63971,163.77258,159.1019
bgt127,26.113333,0.10503968,149.10133,1.6138315,149.95811,163.8068,163.8806,160.7079
bgt127,26.603333,0.10503968,151.06934,1.577519,151.81516,164.8788,163.96324,162.22076
bgt127,27.09,0.11,152.77834,1.7019695,153.61375,165.84929,164.02435,163.62587
bgt127,27.58,0.11,154.74333,2.0533683,155.37968,166.73929,164.0705,164.94785
bgt127,28.063334,0.10503968,156.70567,2.5455768,157.07846,167.53865,164.10713,166.16571
bgt127,28.553333,0.10503968,158.18066,3.1375458,158.75801,168.2763,164.13875,167.31804
bgt127,29.043333,0.10503968,159.28967,2.3307927,160.39569,168.94716,164.16385,168.39238
bgt127,29.53,0.11,161.29834,3.439928,161.98181,169.55336,164.18288,169.38689
bgt127,30.02,0.11,162.70467,2.787584,163.53914,170.10875,164.19691,170.31976
bgt127,30.51,0.11,165.14267,3.7120564,165.05765,170.61374,164.20692,171.1884
bgt127,30.996666,0.10503968,166.129,3.7580116,166.52837,171.06961,164.2142,171.99178
bgt127,31.483334,0.10503968,167.156,3.02433,167.96269,171.48392,164.22043,172.73993
bgt127,31.973333,0.10503968,169.14333,3.6301253,169.371,171.86278,164.2264,173.44087
bgt127,32.46,0.11,170.11034,3.309677,170.735,172.20451,164.2314,174.08835
bgt127,32.95,0.11,172.084,2.8502612,172.07426,172.51703,164.23532,174.6944
bgt127,33.43667,0.10503968,173.48866,2.1949162,173.3714,172.79906,164.23808,175.25378
bgt127,34.06,0.14,173.32333,1.7064118,174.9861,173.12315,164.24005,175.91289
bgt127,34.7,0.14,174.32834,2.0134299,176.59102,173.41695,164.24075,176.52808
bgt127,35.38,0.14,175.67734,1.915919,178.2393,173.6908,164.24098,177.11974
bgt127,36.056667,0.14502874,176.55966,2.3415563,179.8232,173.92886,164.242,177.65117
bgt127,36.736668,0.14502874,178.972,3.243551,181.36023,174.13792,164.24342,178.13289
bgt127,37.413334,0.14502874,180.15033,3.5086408,182.83716,174.31985,164.24457,178.56496
bgt127,38.093334,0.14502874,182.13367,3.1876013,184.27034,174.47981,164.24527,178.95612
bgt127,38.773335,0.14502874,183.67166,3.8219275,185.65414,174.61957,164.24542,179.30832
bgt127,39.453335,0.14502874,185.46466,3.9646974,186.99028,174.74158,164.24513,179.62547
bgt127,40.133335,0.14502874,186.83867,2.5958776,188.28038,174.84805,164.24463,179.91113
bgt127,40.81333,0.14502874,188.886,4.0440736,189.52608,174.94102,164.2443,180.16844
bgt127,41.493332,0.14502874,190.66066,4.492606,190.7289,175.02226,164.24454,180.40007
bgt127,42.17,0.14,192.87367,5.242935,191.88475,175.093,164.24507,180.60747
bgt127,42.85,0.14,193.91034,4.464389,193.00645,175.1551,164.24557,180.79492
bgt127,43.52667,0.14502874,195.83833,3.124227,194.08438,175.20905,164.24591,180.96265
bgt127,44.203335,0.14502874,196.858,2.7723327,195.12547,175.25613,164.24602,181.11354
bgt127,44.883335,0.14502874,197.896,2.60817,196.13579,175.29745,164.24585,181.24995
bgt127,45.56333,0.14502874,198.752,2.0338871,197.11134,175.33354,164.24548,181.37268
bgt127,46.243332,0.14502874,201.217,3.4548151,198.05333,175.3651,164.24504,181.48297
bgt127,46.923332,0.14502874,203.303,5.280284,198.9629,175.39264,164.24467,181.58208
bgt127,47.603333,0.14502874,204.46,5.1993833,199.84119,175.4167,164.24467,181.67113
jt305,0.30666667,0.09504385,0.27733332,0.085582316,0.11019683,0.11385465,0.10883142,0.11855798
jt305,0.6666667,0.09504385,0.338,0.09924213,0.12350141,0.13238335,0.12019773,0.14407869
jt305,1.0266666,0.09504385,0.30633333,0.15766208,0.13841234,0.15366921,0.13274959,0.17419325
jt305,1.38,0.09,0.34266666,0.13136718,0.15479636,0.17759274,0.14634085,0.20883918
jt305,1.74,0.09,0.423,0.121540114,0.17348571,0.20545281,0.16161832,0.25001517
jt305,2.145,0.06363961,0.6635,0.3217336,0.19722156,0.24155262,0.18071663,0.3043715
jt305,2.505,0.06363961,0.641,0.1569777,0.22103292,0.27841604,0.19957557,0.36074033
jt305,2.865,0.06363961,0.645,0.077781744,0.24771942,0.32033908,0.22039828,0.4256086
jt305,3.1733334,0.09504385,0.508,0.25833312,0.2731232,0.3607192,0.23994744,0.48863396
jt305,3.53,0.09,0.8803333,0.3900158,0.30577517,0.4131415,0.26472822,0.5709973
jt305,3.9733334,0.09504385,1.204,0.2148581,0.35185516,0.48783293,0.29911587,0.6889867
jt305,4.4166665,0.09504385,1.2686666,0.30538556,0.40488034,0.57443583,0.33795568,0.826187
jt305,4.8566666,0.09504385,1.4256667,0.2896279,0.46540332,0.6737213,0.38147035,0.9834671
jt305,5.3,0.09,1.7856667,0.265127,0.53553694,0.78890055,0.43095827,1.1654217
jt305,5.74,0.09,1.8376666,0.6936572,0.615594,0.9200845,0.48638695,1.3715518
jt305,6.18,0.09,2.594,0.11497391,0.7076184,1.0700679,0.5489071,1.6054176
jt305,6.62,0.09,2.8573334,0.59177893,0.81339276,1.2409738,0.6194164,1.8693368
jt305,7.07,0.09,3.205,0.7393085,0.9379411,1.4397558,0.70083797,2.1727295
jt305,7.5933332,0.13503087,3.4073334,0.17518657,1.1069833,1.704858,0.8089672,2.5713217
jt305,8.166667,0.13503087,3.9606667,0.0937141,1.3273363,2.0420496,0.94648737,3.0687444
jt305,8.736667,0.13503087,4.5846667,0.1359755,1.5898411,2.4314399,1.1061298,3.6307802
jt305,9.306666,0.13503087,5.311333,0.6284778,1.904281,2.8808944,1.2923393,4.2644267
jt305,9.876667,0.13503087,5.7443333,0.64815533,2.280953,3.3967528,1.5094048,4.9736342
jt305,10.446667,0.13503087,6.1676664,0.5586379,2.7320964,3.9853652,1.7622914,5.761979
jt305,11.016666,0.13503087,6.776,0.916149,3.2723813,4.653007,2.0566936,6.63245
jt305,11.586667,0.13503087,7.6406665,1.1980006,3.9196107,5.4058,2.3990538,7.58742
jt305,12.163333,0.13503087,8.263,1.6357026,4.70487,6.260193,2.801763,8.641375
jt305,12.733334,0.13503087,9.294333,1.9092838,5.6354365,7.2019773,3.2640195,9.771175
jt305,13.303333,0.13503087,10.112667,1.9234455,6.7498045,8.245337,3.799625,10.989007
jt305,13.873333,0.13503087,11.4696665,2.4425175,8.084737,9.394447,4.419118,12.294653
jt305,14.466666,0.13503087,12.435333,2.608816,9.755905,10.706596,5.1655774,13.746035
jt305,15.043333,0.13503087,13.859,3.3939404,11.756512,12.097957,6.004241,15.245245
jt305,15.613334,0.13503087,15.379,4.0686474,14.084408,13.587067,6.9573216,16.810745
jt305,16.183332,0.13503087,16.866667,4.486582,16.576246,15.189523,8.048782,18.456635
jt305,16.756666,0.13503087,18.624332,5.081081,19.12277,16.914684,9.30209,20.189909
jt305,17.326666,0.13503087,20.173,5.504089,21.63338,18.740334,10.71867,21.986525
jt305,17.896667,0.13503087,22.229666,5.863385,24.111822,20.672728,12.322173,23.852045
jt305,18.473333,0.13503087,24.202,5.8871937,26.586697,22.731686,14.150641,25.804745
jt305,19.043333,0.13503087,26.573668,6.6158943,29.001196,24.863909,16.175318,27.7944
jt305,19.613333,0.13503087,28.802334,6.8443227,31.384525,27.085894,18.427246,29.838009
jt305,20.186666,0.13503087,31.414,7.2284184,33.75076,29.403553,20.930119,31.942543
jt305,20.756666,0.13503087,33.613,7.6265526,36.07278,31.781548,23.658281,34.07792
jt305,21.33,0.14,36.339,7.2914352,38.378147,34.238197,26.641136,36.263275
jt305,21.903334,0.13503087,39.145,7.1681814,40.653587,36.749763,29.853533,38.48045
jt305,22.473333,0.13503087,41.614334,6.829581,42.886505,39.29112,33.257595,40.710514
jt305,23.046667,0.13503087,44.551666,6.6297855,45.10341,41.88179,36.868385,42.97379
jt305,23.616667,0.13503087,46.42433,6.7938094,47.278885,44.481426,40.612843,45.23841
jt305,24.186666,0.13503087,48.939667,6.808429,49.426273,47.09471,44.47157,47.51215
jt305,24.756666,0.13503087,51.33967,6.59517,51.54594,49.711548,48.397747,49.789833
jt305,25.333334,0.13503087,53.302666,7.0581346,53.66255,52.352936,52.39078,52.09307
jt305,25.903334,0.13503087,55.888332,6.7362275,55.727528,54.948307,56.311478,54.36375
jt305,26.473333,0.13503087,59.177666,7.8131433,57.765842,57.51954,60.15985,56.623978
jt305,27.046667,0.13503087,61.042667,5.6266265,59.789536,60.073368,63.91145,58.882614
jt305,27.62,0.14,62.84133,4.5717044,61.78695,62.587257,67.50184,61.122334
jt305,28.193333,0.13503087,64.75267,4.98195,63.75843,65.05452,70.90131,63.33936
jt305,28.766666,0.13503087,66.78167,5.58747,65.704315,67.46919,74.08714,65.530205
jt305,29.336666,0.13503087,68.00467,4.938553,67.613846,69.8125,77.026695,67.67921
jt305,29.906666,0.13503087,70.00633,5.1308265,69.49872,72.09422,79.72969,69.79634
jt305,30.483334,0.13503087,72.15733,5.5371194,71.38089,74.336174,82.22054,71.903206
jt305,31.053333,0.13503087,74.59133,4.736022,73.21714,76.48337,84.445145,73.94881
jt305,31.686666,0.16502525,76.563,4.9863844,75.22964,78.785866,86.65315,76.17625
jt305,32.353333,0.16502525,79.044334,4.0208373,77.316895,81.11215,88.698586,78.46669
jt305,33.013332,0.16502525,81.39567,3.6342862,79.35229,83.314964,90.45929,80.67722
jt305,33.673332,0.16502525,81.619,3.527614,81.357285,85.41729,91.977135,82.82917
jt305,34.336666,0.16502525,83.678665,3.6191049,83.34224,87.42932,93.28133,84.93143
jt305,34.996666,0.16502525,86.002,2.9853504,85.28766,89.33192,94.3852,86.96169
jt305,35.656666,0.16502525,88.841,2.9137914,87.20403,91.13663,95.32534,88.929886
jt305,36.316666,0.16502525,87.889336,4.9406595,89.09178,92.84529,96.1307,90.83553
jt305,36.98,0.17,90.535,3.793903,90.960655,94.468025,96.81802,92.68767
jt305,37.643333,0.16502525,91.361336,3.8887491,92.80149,95.99852,97.397156,94.47675
jt305,38.303333,0.16502525,92.658,5.0820675,94.605644,97.43268,97.880325,96.194626
jt305,38.966667,0.16502525,94.75667,5.3368917,96.39177,98.788246,98.28647,97.85912
jt305,39.626667,0.16502525,98.01234,2.661682,98.14232,100.05519,98.62512,99.45425
jt305,40.286667,0.16502525,100.414665,1.7772423,99.86672,101.24442,98.9115,100.98935
jt305,40.95,0.17,102.901,2.2560601,101.57389,102.365005,99.1549,102.472694
jt305,41.613335,0.16502525,103.376,2.814334,103.25545,103.41415,99.35867,103.897484
jt305,42.273335,0.16502525,105.607,2.3250072,104.90351,104.39055,99.527,105.25821
jt305,42.876667,0.13503087,106.067665,2.695352,106.388535,105.22714,99.65504,106.45355
jt305,43.583332,0.16502525,107.11633,1.737251,108.10213,106.1426,99.77889,107.796196
jt305,44.246666,0.16502525,109.694,1.5527109,109.68572,106.94218,99.87479,109.00175
jt305,44.906666,0.16502525,110.72034,3.019399,111.23777,107.68375,99.95584,110.150276
jt305,45.566666,0.16502525,112.40733,4.10156,112.76665,108.37478,100.024574,111.24939
jt305,46.26,0.18,114.10833,5.3126373,114.34815,109.04987,100.08453,112.35244
jt305,46.96,0.18,115.69566,4.424072,115.919716,109.681854,100.134476,113.41432
jt305,47.66,0.18,116.88033,5.3347497,117.4664,110.267166,100.17568,114.426025
gob33,0.44,0.11313708,1.5745,0.47871128,0.11529311,0.12197842,0.1135929,0.12629946
gob33,0.77,0.08,1.8133334,1.2006525,0.1282791,0.14133957,0.124986224,0.14995353
gob33,1.1066667,0.085049,1.6103333,0.5066797,0.14303583,0.16401523,0.13778736,0.17811744
gob33,1.44,0.08,0.90933335,0.2825037,0.15931822,0.1897621,0.15175204,0.21058126
gob33,1.77,0.11313708,1.2165,0.71771336,0.177263,0.21890369,0.16696978,0.24782473
gob33,2.1066666,0.085049,1.4026667,0.6180682,0.19765463,0.25285992,0.18406723,0.2917527
gob33,2.44,0.08,1.3536667,0.3303064,0.22015443,0.2912152,0.20271789,0.34191296
gob33,2.77,0.08,2.451,1.1960802,0.24495156,0.33440244,0.2230411,0.3989297
gob33,3.11,0.08,1.165,0.52376807,0.27342466,0.3849888,0.24611105,0.4662678
gob33,3.44,0.08,1.655,2.0956428,0.30422112,0.44070277,0.2707793,0.54095113
gob33,3.77,0.08,2.6176667,1.9633992,0.33848658,0.50369203,0.29791605,0.6258761
gob33,4.11,0.08,2.5903332,1.9950461,0.37783256,0.57707167,0.32871822,0.7252736
gob33,4.46,0.08,2.5066667,1.8536645,0.42311826,0.66263133,0.36375147,0.84158355
gob33,4.8766665,0.085049,2.4433334,1.7398119,0.48415694,0.77935565,0.41034874,1.0006889
gob33,5.29,0.08,3.2196667,1.3761113,0.5534045,0.91313624,0.46245468,1.1833172
gob33,5.71,0.08,4.258,0.79330194,0.6339259,1.069842,0.5221656,1.397213
gob33,6.1266665,0.085049,3.798,0.98052436,0.72537977,1.2486159,0.58900076,1.6408453
gob33,6.54,0.08,4.719333,1.666542,0.8291256,1.4517022,0.6637249,1.9168625
gob33,6.96,0.08,3.668,2.8863902,0.9497551,1.6874464,0.749335,2.2359889
gob33,7.3766665,0.085049,3.8193333,0.7126411,1.086776,1.9539622,0.8451247,2.5948484
gob33,7.79,0.08,3.94,0.9902732,1.2422239,2.2540154,0.9521928,2.9963017
gob33,8.21,0.08,4.1536665,3.1811373,1.4229611,2.5991404,1.0748311,3.4547462
gob33,8.63,0.08,5.1316667,0.9827443,1.629975,2.9889414,1.2131722,3.9683464
gob33,9.04,0.08,5.598,1.6349394,1.8610951,3.4168162,1.3652612,4.527039
gob33,9.46,0.08,4.754,3.1865141,2.1319044,3.9081836,1.5406935,5.1623178
gob33,9.88,0.08,6.5656667,2.4370055,2.4421065,4.458007,1.7384925,5.8657203
gob33,10.296667,0.085049,6.229,3.4489124,2.794399,5.0661044,1.9595995,6.6352005
gob33,10.71,0.08,5.4973335,3.9185724,3.194016,5.7358885,2.2064302,7.4731708
gob33,11.13,0.08,7.476,2.859404,3.6587002,6.4896283,2.4887173,8.404888
gob33,11.546667,0.085049,8.839666,1.7935151,4.1865735,7.315483,2.8039427,9.413027
gob33,11.96,0.08,10.395,2.3871496,4.785435,8.216697,3.1554897,10.499319
gob33,12.38,0.08,9.323,0.41272387,5.481723,9.221238,3.5571637,11.694758
gob33,12.796667,0.085049,12.868333,1.9630717,6.272392,10.311301,4.005254,12.975288
gob33,13.21,0.08,12.291333,1.2319324,7.169344,11.489571,4.5043197,14.341575
gob33,13.63,0.08,14.342334,1.0867062,8.2124605,12.790701,5.0735607,15.830484
gob33,14.05,0.08,14.883667,1.2380716,9.407582,14.201173,5.712748,17.423092
gob33,14.463333,0.085049,15.507667,0.5336866,10.753274,15.700176,6.4179835,19.093597
gob33,14.88,0.08,15.8463335,2.012435,12.304557,17.326435,7.2140956,20.882782
gob33,15.3,0.08,16.381666,2.5259821,14.094368,19.0862,8.112749,22.794352
gob33,15.716666,0.085049,18.782,3.6404655,16.12713,20.954485,9.11002,24.798653
gob33,16.13,0.08,20.063,2.5652173,18.433796,22.930927,10.214252,26.893314
gob33,16.55,0.08,23.684668,3.1120026,21.11652,25.066864,11.465608,29.130045
gob33,16.97,0.08,24.128334,3.7000163,24.210342,27.332792,12.860843,31.475203
gob33,17.386667,0.085049,28.085333,2.0574095,27.892662,29.709845,14.401164,33.907787
gob33,17.8,0.08,30.321,1.1627072,31.927563,32.194904,16.097033,36.423725
gob33,18.22,0.08,34.36767,1.3209835,36.158268,34.84892,18.006508,39.08315
gob33,18.64,0.08,37.452,2.5790267,40.35581,37.631477,20.119402,41.843887
gob33,19.08,0.09,40.177334,1.1427968,44.6446,40.682144,22.568419,44.841667
gob33,19.526667,0.09504385,43.765667,1.4125004,48.92382,43.917595,25.319561,47.99156
gob33,19.976667,0.09504385,49.202,1.6717898,53.222378,47.314056,28.38156,51.269188
gob33,20.42,0.09,54.746666,4.444299,57.42021,50.789497,31.700624,54.59568
gob33,20.87,0.09,60.905666,2.2386096,61.6439,54.442516,35.391525,58.06596
gob33,21.32,0.09,65.32333,2.3037927,65.830376,58.214996,39.418953,61.624943
gob33,21.77,0.09,70.73333,2.831506,69.97996,62.099297,43.7923,65.26657
gob33,22.22,0.09,73.02167,2.6134555,74.09298,66.0871,48.517536,68.98463
gob33,22.67,0.09,77.35333,2.6502578,78.16977,70.16992,53.593807,72.77274
gob33,23.12,0.09,80.895,3.8892813,82.21063,74.338165,59.01331,76.62437
gob33,23.566668,0.09504385,85.12767,1.9814647,86.18636,78.55027,64.71715,80.503654
gob33,24.06,0.11,89.166,2.5721517,90.53706,83.27727,71.365814,84.84521
gob33,24.57,0.11,96.237,5.5890737,94.990585,88.23293,78.582596,89.38678
gob33,25.083334,0.11503623,100.68633,5.948866,99.42834,93.277054,86.14284,94.00303
gob33,25.596666,0.11503623,105.456665,7.230847,103.821495,98.36231,93.93241,98.65423
gob33,26.106667,0.11503623,108.532,8.102521,108.142426,103.44018,101.8206,103.2999
gob33,26.62,0.11,113.75667,7.558764,112.44804,108.562004,109.81977,107.99109
gob33,27.13,0.11,114.35367,6.414114,116.68286,113.647415,117.73961,112.657646
gob33,27.643333,0.11503623,118.104,6.4504237,120.90267,118.7487,125.60107,117.3516
gob33,28.156666,0.11503623,123.468666,4.429333,125.080086,123.81912,133.27379,122.033775
gob33,28.67,0.11,132.85434,4.5174394,129.21553,128.8461,140.68398,126.69584
gob33,29.273333,0.14502874,134.61766,2.7641776,134.02295,134.68314,148.96483,132.13881
gob33,29.81,0.15,142.76466,4.9065037,138.25146,139.79715,155.87668,136.93793
gob33,30.35,0.15,142.733,5.1491094,142.46144,144.85707,162.36337,141.71835
gob33,30.886667,0.14502874,147.657,5.3368225,146.60136,149.79039,168.32207,146.41368
gob33,31.423334,0.14502874,151.68433,5.012027,150.69781,154.61972,173.78291,151.04681
gob33,31.96,0.15,154.317,4.4172244,154.75127,159.33728,178.74582,155.61157
gob33,32.5,0.15,156.97867,7.3961067,158.78693,163.96454,183.2483,160.13004
gob33,33.04,0.15,159.54666,9.667885,162.77995,168.46597,187.2809,164.56853
gob33,33.58,0.15,164.032,9.2398205,166.7308,172.83667,190.89764,168.92258
gob33,34.12,0.15,166.076,4.3952856,170.63992,177.07271,194.14836,173.18826
gob33,34.66,0.15,170.105,6.358615,174.50774,181.17113,197.03134,177.36234
gob33,35.21,0.15,174.58067,1.9493523,178.40518,185.2019,199.59636,181.51668
gob33,35.75,0.15,179.62033,3.5574758,182.19096,189.01741,201.76617,185.49774
gob33,36.29,0.15,187.038,6.14287,185.93675,192.69221,203.61584,189.38008
gob33,36.83,0.15,191.178,6.130337,189.64297,196.22716,205.17973,193.16223
gob33,37.37,0.15,194.62233,8.912492,193.31004,199.62305,206.5015,196.8431
gob33,37.91,0.15,198.029,7.368693,196.93837,202.88124,207.63403,200.42188
gob33,38.45,0.15,195.67967,9.066684,200.52837,206.0036,208.63948,203.89816
gob33,38.986668,0.14502874,206.39934,4.202306,204.05862,208.97424,209.56094,207.25134
gob33,39.52667,0.14502874,210.47966,1.6704569,207.57338,211.8326,210.36916,210.52335
gob33,40.07,0.15,211.44467,4.9693346,211.07237,214.57907,211.06891,213.71286
gob33,40.606667,0.14502874,213.23267,5.8604217,214.49191,217.16747,211.66232,216.76306
gob33,41.15,0.15,220.83867,5.1582565,217.91734,219.66565,212.17746,219.75104
gob33,41.69,0.15,226.182,7.994784,221.28569,222.03035,212.61644,222.62231
gob33,42.23,0.15,228.46867,8.516388,224.61845,224.28145,212.99425,225.3967
gob33,42.77,0.15,231.65933,9.763571,227.916,226.42322,213.32181,228.07578
gob33,43.31,0.15,228.436,12.161414,231.17871,228.45915,213.60477,230.66125
gob33,43.86,0.15,234.20967,10.845807,234.46642,230.42793,213.85121,233.20026
gob33,44.4,0.15,240.525,13.06555,237.65993,232.26195,214.05643,235.60236
gob33,44.943333,0.15011106,244.093,14.049086,240.8391,234.01227,214.23056,237.93057
gob33,45.49,0.15,243.43866,15.251091,244.00368,235.68109,214.37767,240.18541
gob33,46.03,0.15,243.17267,15.482076,247.09644,237.24265,214.50014,242.32858
gob33,46.58,0.15,244.40033,12.73997,250.21288,238.74828,214.60658,244.42783
gob33,47.126667,0.14502874,247.409,14.7587,253.2772,240.16391,214.69939,246.43315
y55,0.635,0.03535534,0.1585,0.12798633,0.1389627,0.15055133,0.12842679,0.17758097
y55,0.875,0.03535534,0.142,0.09475231,0.15736453,0.17526242,0.1411628,0.21837811
y55,1.115,0.03535534,0.184,0.08768124,0.17820328,0.20372888,0.15516126,0.26710364
y55,1.355,0.03535534,0.152,0.053740114,0.2018016,0.23646669,0.17054741,0.32498997
y55,1.595,0.03535534,0.202,0.02404163,0.22852458,0.27405414,0.18745862,0.39340317
y55,1.835,0.03535534,0.176,0.036769554,0.2587867,0.31713614,0.20604569,0.473853
y55,2.075,0.03535534,0.4405,0.0417193,0.29305634,0.36643124,0.22647472,0.56798935
y55,2.315,0.03535534,0.454,0.042426407,0.33186296,0.42273986,0.24892825,0.67761815
y55,2.555,0.03535534,0.573,0.06363961,0.37580916,0.4869474,0.27360648,0.8046976
y55,2.795,0.03535534,0.7,0.14849243,0.42557588,0.56003106,0.30072886,0.9513282
y55,3.035,0.03535534,0.7145,0.024748737,0.48193234,0.64307374,0.33053747,1.1197788
y55,3.275,0.03535534,0.7915,0.0021213202,0.54574865,0.73726714,0.36329898,1.3124723
y55,3.515,0.03535534,0.941,0.022627417,0.6180178,0.84391224,0.3993048,1.5319638
y55,3.7533333,0.025166115,0.7496667,0.5653586,0.6992565,0.9635435,0.4385873,1.7791098
y55,3.9866667,0.025166115,0.967,0.6795712,0.7891255,1.095392,0.48078093,2.0519469
y55,4.23,0.02,1.1273333,0.5514502,0.8951637,1.2501117,0.5291062,2.3719954
y55,4.4666667,0.025166115,1.2403333,0.5833707,1.0119467,1.4192513,0.58075815,2.7210667
y55,4.7066665,0.025166115,1.573,0.50608593,1.1459545,1.6115218,0.63828325,3.116255
y55,4.9466667,0.025166115,1.812,0.5222997,1.2977142,1.8268183,0.70149565,3.55624
y55,5.1866665,0.025166115,2.078,0.49353725,1.4695667,2.0674634,0.7709551,4.0444174
y55,5.4766665,0.025166115,2.4603333,0.57038087,1.7078298,2.3956144,0.8640978,4.7034855
y55,5.7166667,0.025166115,2.744,0.51026267,1.9339634,2.7012506,0.9496151,5.3102546
y55,5.9566665,0.025166115,3.1463332,0.51347476,2.1900728,3.0407495,1.0435804,5.976299
y55,6.1966667,0.025166115,3.344,0.05761076,2.4801188,3.417131,1.1468228,6.705202
y55,6.4366665,0.025166115,4.067,0.5638324,2.8085577,3.8336372,1.2602434,7.5004973
y55,6.6766667,0.025166115,4.502,0.5034322,3.1804512,4.293663,1.3848408,8.365643
y55,6.9166665,0.025166115,5.136667,0.5981449,3.6015418,4.8007493,1.5216997,9.30402
y55,7.1566668,0.025166115,5.8333335,0.6857261,4.0784254,5.358585,1.672023,10.31892
y55,7.3966665,0.025166115,6.5183334,0.7077036,4.618555,5.97099,1.837138,11.4136
y55,7.636667,0.025166115,7.229,0.81131434,5.2302384,6.641958,2.0184946,12.591277
y55,7.8766665,0.025166115,8.197333,0.96831316,5.922879,7.375725,2.217667,13.854981
y55,8.113334,0.025166115,8.921333,1.1540092,6.6955523,8.164999,2.4331815,15.188144
y55,8.353333,0.025166115,9.901667,1.3091838,7.5819836,9.036338,2.6729808,16.630932
y55,8.593333,0.025166115,11.315666,1.6272665,8.585863,9.983535,2.9362173,18.167648
y55,8.833333,0.025166115,12.354667,1.6927958,9.722926,11.011089,3.2251565,19.80053
y55,9.073334,0.025166115,14.011,2.0327861,11.010734,12.123511,3.542294,21.531727
y55,9.3133335,0.025166115,15.361,2.0888515,12.468923,13.325394,3.8903544,23.363165
y55,9.55,0.02,17.192333,2.3496006,14.095686,14.602818,4.2667413,25.268934
y55,9.956667,0.025166115,20.719667,3.0981214,17.401085,17.024544,4.9993863,28.778708
y55,10.366667,0.025166115,25.491,4.519903,21.519737,19.775078,5.863472,32.62214
y55,10.773334,0.025166115,31.368,6.3945374,26.56874,22.830353,6.8653984,36.739395
y55,11.176666,0.025166115,37.380665,7.6625195,32.76508,26.201159,8.02491,41.123737
y55,11.583333,0.025166115,42.239666,7.6904397,40.32662,29.960968,9.387945,45.846245
y55,11.99,0.03,48.713665,8.001743,48.969795,34.09875,10.975981,50.86827
y55,12.396667,0.025166115,56.52833,8.280805,58.119804,38.626637,12.823604,56.183914
y55,12.803333,0.025166115,62.814335,6.891489,67.121796,43.553467,14.970646,61.785088
y55,13.213333,0.025166115,70.575,6.9465837,76.05487,48.930115,17.48367,67.711395
y55,13.626667,0.025166115,79.593,7.12513,84.92441,54.768536,20.42237,73.95771
y55,14.036667,0.025166115,93.97567,1.4494003,93.58939,60.97247,23.795088,80.40991
y55,14.443334,0.025166115,101.75567,6.1910787,102.05506,67.52558,27.649654,87.047295
y55,14.846666,0.025166115,108.059,12.789398,110.32645,74.407745,32.038795,93.84858
y55,15.256667,0.025166115,109.19,10.392656,118.608955,81.7796,37.146996,100.96803
y55,15.663333,0.025166115,138.03366,26.86327,126.70091,89.44748,42.925922,108.21694
y55,16.073334,0.025166115,164.49133,50.88087,134.73683,97.51498,49.53969,115.69561
y55,16.48,0.03,143.736,5.5447793,142.58784,105.82483,56.947582,123.26351
y55,16.886667,0.025166115,149.907,3.9224956,150.32158,114.41337,65.26115,130.962
y55,17.296667,0.025166115,156.44833,4.8252153,158.00174,123.324104,74.614655,138.83672
y55,17.706667,0.025166115,162.578,6.1565175,165.56622,132.45512,84.977516,146.80582
y55,18.116667,0.025166115,169.27333,7.879777,173.01678,141.77182,96.360664,154.85002
y55,18.56,0.04,177.162,7.8491454,180.94687,152.01324,109.80311,163.61063
y55,18.93,0.04,186.729,6.5045223,187.46632,160.6624,121.89236,170.95561
y55,19.3,0.04,191.88133,10.253485,193.89711,169.37537,134.713,178.31697
y55,19.67,0.04,199.02733,11.584594,200.24045,178.12592,148.17883,185.682
y55,20.04,0.04,204.55234,14.13664,206.49751,186.88885,162.18713,193.03853
y55,20.41,0.04,213.013,18.209259,212.6695,195.6401,176.61894,200.37498
y55,20.78,0.04,216.78833,24.857502,218.75754,204.35661,191.33894,207.68033
y55,21.15,0.04,218.57767,31.17841,224.7628,213.01642,206.19554,214.94412
y55,21.52,0.04,222.18233,29.42795,230.6864,221.59862,221.02692,222.15648
y55,21.893333,0.04041452,231.077,30.335663,236.58171,230.15938,235.80724,229.37224
y55,22.266666,0.045092497,244.32634,27.57341,242.39615,238.60283,250.2475,236.51723
y55,22.64,0.04,246.324,26.55183,248.13083,246.91243,264.21255,243.58327
y55,23.01,0.04,251.181,26.715874,253.73666,255.00089,277.47107,250.5009
y55,23.39,0.05,259.069,25.961403,259.41464,263.14178,290.38815,257.50998
y55,23.696667,0.045092497,264.924,22.229685,263.93903,269.58035,300.24203,263.09125
y55,23.996666,0.045092497,266.36633,23.45832,268.3156,275.7594,309.35617,268.48288
y55,24.303333,0.045092497,272.07132,26.374355,272.73953,281.94864,318.11456,273.9216
y55,24.606667,0.045092497,274.23932,21.548122,277.06625,287.9399,326.21048,279.2262
y55,24.913334,0.05033223,280.69867,23.709984,281.3914,293.86136,333.8225,284.51086
y55,25.216667,0.045092497,284.99533,23.064032,285.6215,299.58145,340.80023,289.65863
y55,25.523333,0.045092497,291.45132,23.022272,289.85007,305.2238,347.31125,294.78076
y55,25.826666,0.045092497,294.589,20.89244,293.98575,310.6642,353.2311,299.76425
y55,26.136667,0.045092497,300.28534,21.82942,298.1646,316.07816,358.7674,304.77072
y55,26.44,0.05,305.30167,23.170395,302.20743,321.23203,363.70593,309.58365
y55,26.746666,0.045092497,309.673,21.530897,306.24884,326.29776,368.2449,314.36206
y55,27.05,0.05,314.42065,19.904839,310.20142,331.1653,372.31595,319.00122
y55,27.356667,0.045092497,316.85266,23.814163,314.1526,335.942,376.04263,323.60248
y55,27.666666,0.045092497,321.735,23.080347,318.1014,340.62375,379.4509,328.16248
y55,27.97,0.05,325.68033,23.717625,321.9217,345.0629,382.47067,332.53522
y55,28.276667,0.045092497,329.41733,24.641039,325.7406,349.40945,385.22638,336.86615
y55,28.583334,0.045092497,333.71066,24.975683,329.51645,353.6155,387.70187,341.10666
y55,28.89,0.05,336.871,24.784079,333.24966,357.683,389.91666,345.25677
y55,29.196667,0.045092497,339.38068,28.777477,336.94073,361.61432,391.89124,349.31674
y55,29.506666,0.045092497,344.216,26.737644,340.62964,365.45258,393.66486,353.32956
y55,29.81,0.05,349.46033,24.317081,344.19846,369.07907,395.20575,357.1677
y55,30.116667,0.045092497,348.701,33.62433,347.76602,372.61856,396.59082,360.95978
y55,30.42,0.05,351.79166,25.133492,351.25522,375.99646,397.81326,364.62405
y55,30.726667,0.045092497,358.16266,25.960016,354.74323,379.28973,398.9245,368.24197
y55,31.036667,0.045092497,362.98065,28.113457,358.22913,382.49738,399.93835,371.81174
y55,31.35,0.05,368.054,24.83373,361.71213,385.61847,400.8527,375.3316
y55,31.67,0.05,359.278,33.851585,365.2278,388.68365,401.68124,378.8358
y55,31.996666,0.055075705,365.31033,34.341885,368.77402,391.68872,402.42737,382.31973
y55,32.316666,0.055075705,371.03,32.524765,372.20654,394.51447,403.07034,385.64255
y55,32.64,0.05,369.131,37.016037,375.63376,397.25467,403.6413,388.91086
y55,32.963333,0.05033223,377.37567,30.47729,379.0202,399.8829,404.14258,392.09094
y55,33.286667,0.055075705,382.65433,31.204926,382.36636,402.40283,404.58347,395.18427
y55,33.61,0.05,389.709,32.335056,385.67267,404.81818,404.97308,398.1923
y55,33.93667,0.055075705,393.47934,31.418215,388.9731,407.15604,405.32367,401.14624
y55,34.26,0.05,399.541,30.669827,392.20084,409.3726,405.63364,403.98734
y55,34.586666,0.055075705,396.01266,34.40738,395.4228,411.51736,405.91168,406.77585
y55,34.91,0.05,402.46466,31.813793,398.57373,413.54987,406.15448,409.45648
y55,35.233334,0.05033223,402.74335,36.31784,401.6872,415.49557,406.36755,412.05972
y55,35.556667,0.055075705,394.73666,45.23673,404.76358,417.35754,406.5535,414.58728
y55,35.88,0.05,400.369,41.912014,407.80338,419.1389,406.71497,417.04092
y55,36.206665,0.055075705,407.00635,39.575397,410.83777,420.85974,406.85617,419.44656
y55,36.52667,0.055075705,411.23065,37.927383,413.77487,422.47156,406.97595,421.7335
y55,36.853333,0.055075705,420.83932,39.141964,416.7375,424.0444,407.0825,423.99872
y55,37.18,0.05,414.24832,51.86498,419.66452,425.54688,407.17627,426.19547
y55,37.506668,0.055075705,423.61133,41.62361,422.55637,426.9818,407.26074,428.32535
y55,37.83,0.05,421.38867,48.500023,425.3845,428.33838,407.33768,430.36923
y55,38.156666,0.055075705,421.75168,53.345417,428.20758,429.64728,407.40744,432.37088
y55,38.486668,0.055075705,422.74234,58.230885,431.02505,430.90933,407.46997,434.32996
y55,38.81,0.05,437.631,44.721554,433.75247,432.0898,407.52393,436.18958
y55,39.156666,0.055075705,438.47266,45.73713,436.64066,433.2967,407.57428,438.11932
y55,39.566666,0.055075705,443.38834,48.559093,440.00903,434.64935,407.62466,440.3185
y55,39.976665,0.055075705,447.42166,45.2944,443.32672,435.92487,407.66626,442.4305
y55,40.386665,0.055075705,450.07132,35.99637,446.59445,437.1272,407.70035,444.4583
y55,40.796665,0.055075705,451.31,35.611145,449.813,438.2602,407.72842,446.4049
y55,41.21,0.05,452.068,32.3232,453.00867,439.33594,407.75223,448.28806
y55,41.626667,0.055075705,453.27866,28.676931,456.18103,440.3565,407.77344,450.10886
y55,42.036667,0.055075705,457.12567,28.758488,459.25522,441.3017,407.793,451.82748
y55,42.45,0.05,464.68533,35.469242,462.30756,442.19864,407.81085,453.48953
y55,42.866665,0.055075705,464.51834,32.415825,465.33762,443.0493,407.82666,455.09604
y55,43.27667,0.055075705,466.70435,33.426857,468.27393,443.83688,407.84,456.61154
y55,43.69,0.05,473.78665,29.941578,471.18933,444.58432,407.85117,458.07632
y55,44.106667,0.055075705,476.30032,30.844547,474.08347,445.29327,407.86023,459.49118
y55,44.603333,0.055075705,486.23566,31.653225,477.4755,446.08347,407.86835,461.1
y55,45.09667,0.055075705,487.415,29.161493,480.78357,446.81287,407.87393,462.61807
y55,45.59667,0.055075705,492.25034,32.879765,484.0753,447.49954,407.87766,464.07913
y55,46.09667,0.055075705,488.25534,33.807713,487.30664,448.13696,407.88025,465.46585
y55,46.586666,0.055075705,486.878,21.410984,490.4159,448.71722,407.88254,466.75616
y55,47.086666,0.055075705,489.74567,17.372288,493.531,449.26718,407.8857,468.00616
y55,47.586666,0.055075705,485.82767,19.287725,496.58902,449.7776,407.88907,469.19217
bh1514,0.78,0.07,0.531,0.16007186,0.23118217,0.18358235,0.15136203,0.23454046
bh1514,1.14,0.07,0.923,0.6200605,0.34035608,0.2409701,0.1832632,0.33590224
bh1514,1.5033333,0.06506407,1.054,0.890141,0.5028833,0.31535652,0.22226974,0.47299695
bh1514,1.8666667,0.06506407,1.298,1.1195499,0.7430161,0.41039053,0.26956233,0.65337306
bh1514,2.195,0.049497474,1.7575,1.7797878,1.0573124,0.5181293,0.32087746,0.86132413
bh1514,2.555,0.049497474,2.2785,2.7570093,1.5566132,0.6653813,0.38840252,1.1474632
bh1514,2.89,NaN,5.842,NaN,2.2309408,0.8354114,0.46390083,1.4771751
bh1514,3.315,0.091923885,4.425,3.7900922,3.5220985,1.106836,0.5810585,1.9972783
bh1514,3.68,0.09899495,4.724,1.0733881,5.213264,1.3999907,0.70491564,2.5474222
bh1514,4.045,0.091923885,3.7575,0.30476302,7.704599,1.7597089,0.85500103,3.2047858
bh1514,4.405,0.091923885,15.304,7.3949227,10.430643,2.1912336,1.034053,3.9684875
bh1514,4.77,0.09899495,24.1965,12.901163,13.134525,2.7194526,1.2535721,4.8693404
bh1514,5.215,0.091923885,9.519,11.619179,16.381554,3.5072863,1.5844091,6.152202
bh1514,5.66,0.07,12.049,5.6148276,19.573668,4.4789157,2.0012307,7.6498938
bh1514,6.1066666,0.06506407,20.623667,2.0149379,22.723442,5.667534,2.527897,9.378452
bh1514,6.5533333,0.06506407,24.469334,1.081537,25.819742,7.0983386,3.1897476,11.337944
bh1514,7.0,0.07,27.110666,1.6792884,28.863478,8.799058,4.019642,13.529686
bh1514,7.4466667,0.06506407,29.910334,2.6644025,31.85554,10.794105,5.0572915,15.950568
bh1514,7.8933334,0.06506407,33.753666,2.6252556,34.796803,13.103232,6.3495173,18.593351
bh1514,8.34,0.07,32.190334,3.4055655,37.688133,15.740495,7.9519267,21.447193
bh1514,8.786667,0.06506407,36.237667,3.4029653,40.53038,18.712118,9.927676,24.49798
bh1514,9.23,0.07,39.526,2.0524125,43.303703,21.989359,12.32612,27.703802
bh1514,9.73,0.09,44.079666,1.9727966,46.375477,26.062374,15.645676,31.50804
bh1514,10.25,0.09,46.154667,1.8523408,49.508278,30.689316,19.896133,35.645683
bh1514,10.77,0.09,49.055,3.2872355,52.579254,35.665817,25.05707,39.933517
bh1514,11.29,0.09,53.59133,4.481451,55.589622,40.928654,31.193987,44.335342
bh1514,11.81,0.09,58.011333,3.7247355,58.540577,46.405144,38.310143,48.81518
bh1514,12.33,0.09,61.685333,2.355333,61.43329,52.016506,46.322414,53.338074
bh1514,12.85,0.09,66.67133,3.7040389,64.268906,57.68608,55.05831,57.871185
bh1514,13.366667,0.09504385,72.46233,1.5137279,67.03091,63.304577,64.18058,62.35528
bh1514,13.886666,0.09504385,76.401665,0.77981687,69.75604,68.87624,73.48233,66.820465
bh1514,14.41,0.09,78.727,3.5197668,72.44434,74.34107,82.61829,71.240944
bh1514,14.923333,0.09504385,81.68967,2.6865845,75.0294,79.515656,91.03826,75.48426
bh1514,15.443334,0.09504385,83.494,2.7374516,77.59668,84.53242,98.79035,79.6708
bh1514,15.97,0.09,88.73167,2.5228398,80.14523,89.35451,105.69693,83.78067
bh1514,16.52,0.09,91.90833,4.0416393,82.75234,94.09255,111.82854,87.91908
bh1514,17.076666,0.09504385,95.04967,3.608572,85.335686,98.56743,116.94518,91.93687
bh1514,17.63,0.09,98.216,3.3585925,87.84952,102.6938,121.04921,95.75232
bh1514,18.18,0.09,101.21733,0.7688136,90.29591,106.481575,124.272545,99.36337
bh1514,18.736666,0.09504385,100.561,0.27509272,92.72,110.005226,126.80773,102.83118
bh1514,19.34,0.09,99.20033,3.7733958,95.28953,113.487114,128.9158,106.37689
bh1514,21.14,0.12,97.84067,2.576516,102.61163,122.00727,132.4928,115.67422
bh1514,21.733334,0.11503623,97.82166,2.6989453,104.91658,124.27639,133.12128,118.3369
bh1514,22.323334,0.11503623,99.522,5.4712706,107.15717,126.303444,133.58101,120.79894
bh1514,22.913334,0.11503623,106.709,0.2651113,109.347664,128.1226,133.9134,123.084435
bh1514,23.53,0.13,105.99834,3.7379706,111.58483,129.82361,134.16487,125.29479
bh1514,24.156666,0.12503333,108.996666,6.8128843,113.80474,131.36281,134.35503,127.36468
bh1514,24.783333,0.12503333,114.982,5.529416,115.97197,132.73022,134.49213,129.26744
bh1514,25.41,0.13,119.746666,7.0545173,118.087776,133.94377,134.58762,131.01375
bh1514,26.04,0.13,119.718666,13.809551,120.164246,135.0255,134.6543,132.62227
bh1514,26.666666,0.12503333,119.72633,18.228983,122.18058,135.97935,134.70424,134.08655
bh1514,27.29,0.13,122.146,17.651066,124.1387,136.82098,134.7417,135.41902
bh1514,27.92,0.13,126.304665,14.250697,126.070786,137.57463,134.76828,136.64977
bh1514,28.546667,0.12503333,130.20366,7.345729,127.94689,138.23807,134.78572,137.767
bh1514,29.17,0.13,131.96133,7.5699983,129.76881,138.82217,134.79716,138.78061
bh1514,29.8,0.13,128.08566,8.436553,131.56651,139.34454,134.80647,139.71399
bh1514,30.45,0.14,130.594,6.0058513,133.37631,139.82037,134.81458,140.58908
bh1514,31.113333,0.13503087,130.302,4.740505,135.1773,140.2478,134.82051,141.39822
bh1514,31.78,0.14,128.61267,11.026489,136.94179,140.62498,134.82413,142.13396
bh1514,32.44,0.14,131.581,7.9378233,138.64478,140.9527,134.82588,142.79263
bh1514,33.1,0.14,135.698,6.158532,140.3052,141.24045,134.8267,143.38808
bh1514,33.76,0.14,136.663,2.9451146,141.92418,141.49316,134.82788,143.92598
bh1514,34.42,0.14,137.754,5.3142056,143.50272,141.71527,134.82938,144.4117
bh1514,35.14,0.17,139.89734,4.3398976,145.17982,141.92703,134.83069,144.88786
bh1514,35.883335,0.16502525,142.45734,9.7328825,146.86343,142.11635,134.83142,145.32681
bh1514,36.626667,0.16502525,144.293,12.308347,148.49982,142.27977,134.83153,145.718
bh1514,37.37,0.17,145.34467,3.2645552,150.09024,142.42084,134.83116,146.06633
bh1514,38.113335,0.16502525,150.17867,1.118635,151.63597,142.54271,134.83078,146.37622
bh1514,38.853333,0.16502525,149.44067,2.771195,153.13164,142.64766,134.83096,146.65065
bh1514,39.6,0.17,153.51,9.690222,154.59834,142.73917,134.83159,146.8969
bh1514,40.34,0.17,155.26967,9.903148,156.0111,142.81743,134.83221,147.11397
bh1514,41.086666,0.16502525,158.816,3.7685487,157.39648,142.88557,134.8326,147.30885
bh1514,41.83,0.17,161.04533,3.424864,158.73683,142.9441,134.83264,147.48132
bh1514,42.57,0.17,165.03967,5.7506537,160.03374,142.9945,134.8323,147.63388
bh1514,43.31333,0.16502525,163.99634,8.184022,161.29996,143.03828,134.83173,147.76999
bh1514,44.056667,0.16502525,160.70433,6.1998167,162.5306,143.0761,134.83112,147.89081
bh1514,44.796665,0.16502525,165.29233,2.721876,163.72137,143.10858,134.8308,147.99767
bh1514,45.54,0.17,169.58,4.162776,164.88399,143.13673,134.83104,148.09305
bh1514,46.283333,0.16502525,175.75734,4.754463,166.01398,143.16104,134.8313,148.17773
bh1514,47.02667,0.16502525,176.79733,9.000473,167.11223,143.18205,134.83147,148.25288
bh1514,47.763332,0.16502525,174.03566,8.619977,168.17023,143.20006,134.83157,148.31898
ea387,0.86333334,0.055075705,1.3273333,0.6697144,0.23040047,0.18441203,0.15105118,0.23457767
ea387,1.29,0.06,0.7443333,0.2381729,0.34803727,0.24719341,0.1851923,0.34460807
ea387,1.72,0.06,1.0713333,0.20968866,0.527434,0.32995805,0.22739974,0.49638554
ea387,2.14,0.06,1.2256666,0.15981343,0.7916065,0.43469065,0.27788,0.69443655
ea387,2.57,0.06,1.2086667,0.083679944,1.1996268,0.5726,0.34116304,0.9599487
ea387,2.9933333,0.055075705,1.1093333,0.24409492,1.8063214,0.74602544,0.41749033,1.2960184
ea387,3.42,0.06,1.5136666,0.22245523,2.728522,0.9673516,0.5116453,1.723318
ea387,3.8433332,0.055075705,2.2833333,0.46893105,4.1083884,1.2431923,0.6259516,2.2491622
ea387,4.2833333,0.06506407,3.71,0.17784543,6.2865205,1.6016722,0.7717624,2.9183612
ea387,4.733333,0.06506407,4.549333,0.0588246,9.490152,2.0590706,0.9558378,3.7479844
ea387,5.1766667,0.06506407,7.5183334,0.51350784,12.7957535,2.616507,1.1797494,4.724142
ea387,5.6266665,0.06506407,10.509666,0.19514695,16.094486,3.3097475,1.4601976,5.890208
ea387,6.0733333,0.06506407,13.997,0.74451864,19.326344,4.1452875,1.803627,7.234549
ea387,6.5233335,0.06506407,18.337334,1.2716423,22.540113,5.157391,2.230163,8.7872715
ea387,6.9733334,0.06506407,23.264334,1.1085492,25.712076,6.362578,2.755673,10.546389
ea387,7.42,0.07,28.021334,0.8724806,28.819729,7.771745,3.396786,12.501223
ea387,7.87,0.07,31.808332,2.5798335,31.909988,9.4270115,4.1893744,14.682496
ea387,8.316667,0.06506407,36.322666,6.0826516,34.9376,11.32241,5.152485,17.056221
ea387,8.8,0.08,40.277668,3.6424842,38.16971,13.674773,6.434184,19.853695
ea387,9.29,0.08,44.064667,4.421733,41.400322,16.394522,8.041491,22.92337
ea387,9.78,0.08,47.61767,5.502516,44.58519,19.459986,10.022303,26.215057
ea387,10.27,0.08,50.88233,6.0531797,47.724968,22.871807,12.447402,29.712097
ea387,10.77,0.08,54.13933,6.9997406,50.883003,26.702202,15.461281,33.472248
ea387,11.29,0.09,58.06167,7.865421,54.118977,31.040758,19.263748,37.56414
ea387,11.826667,0.09504385,60.915333,8.722011,57.40772,35.8663,23.993868,41.95271
ea387,12.363334,0.09504385,64.387665,8.961305,60.645493,41.001637,29.62107,46.478268
ea387,12.893333,0.09504385,67.708664,9.855534,63.793804,46.32561,36.101868,51.051006
ea387,13.43,0.09,71.26133,9.954035,66.93263,51.91296,43.5825,55.754646
ea387,13.963333,0.09504385,73.73434,11.329234,70.00377,57.60099,51.85103,60.472305
ea387,14.496667,0.09504385,77.011665,11.331138,73.02761,63.362637,60.786793,65.20453
ea387,15.033334,0.09504385,79.655334,11.187646,76.02334,69.17308,70.21005,69.953766
ea387,15.566667,0.09504385,82.069664,12.284805,78.95447,74.9039,79.72465,74.63632
ea387,16.103333,0.09504385,84.59866,12.588067,81.858345,80.575165,89.13407,79.28805
ea387,16.65,0.12,87.21067,12.868479,84.77007,86.2078,98.24497,83.943596
ea387,17.223333,0.12503333,90.59433,12.952545,87.77447,91.91627,107.03302,88.71626
ea387,17.796667,0.12503333,92.92367,13.156488,90.72916,97.385796,114.8547,93.358475
ea387,18.37,0.12,95.49367,13.448222,93.63496,102.589485,121.61331,97.85528
ea387,18.943333,0.12503333,98.486336,13.402444,96.49267,107.50995,127.30016,102.19477
ea387,19.513334,0.12503333,100.88267,13.60203,99.2869,112.1105,131.96768,106.343956
ea387,20.09,0.12,103.40833,14.37688,102.06704,116.46443,135.80006,110.3673
ea387,20.663334,0.12503333,106.02033,14.666041,104.78525,120.49472,138.83739,114.18913
ea387,21.236666,0.12503333,108.75733,14.339553,107.45848,124.23422,141.23346,117.83122
ea387,21.81,0.12,110.63,15.605861,110.0875,127.69242,143.12492,121.293594
ea387,22.383333,0.12503333,113.18166,15.803575,112.67302,130.88069,144.60199,124.57733
ea387,22.956667,0.12503333,114.753334,15.325647,115.21576,133.81192,145.7341,127.6849
ea387,23.53,0.12,116.82633,14.588492,117.71643,136.5,146.59465,130.61967
ea387,24.1,0.12,119.640335,16.200968,120.16153,138.94604,147.25717,133.37033
ea387,24.673334,0.12503333,121.91267,16.100128,122.58035,141.19435,147.77806,135.97421
ea387,25.246666,0.12503333,123.528,16.641018,124.95914,143.2459,148.17557,138.42085
ea387,25.86,0.14,126.028,17.660374,127.46032,145.23875,148.49313,140.87155
ea387,26.453333,0.14502874,128.03534,18.127811,129.83783,146.98355,148.72235,143.08546
ea387,27.05,0.14,129.18333,18.129425,132.18764,148.57155,148.90073,145.16357
ea387,27.64,0.14,130.89766,18.251234,134.4714,149.9915,149.03607,147.0795
ea387,28.24,0.14,134.38367,17.82469,136.75403,151.29602,149.13818,148.89363
ea387,28.93,0.19,136.15633,18.281685,139.33023,152.63939,149.22093,150.82237
ea387,29.67,0.19,139.74733,17.658588,142.03624,153.91278,149.28253,152.71643
ea387,30.41,0.19,141.25967,18.421015,144.6846,155.03157,149.32991,154.4436
ea387,31.15,0.19,143.411,17.481302,147.27655,156.01344,149.36418,156.01642
ea387,31.886667,0.1900877,146.48433,17.403889,149.80197,156.87097,149.38704,157.44067
ea387,32.626667,0.1900877,147.77,17.382626,152.28493,157.62672,149.40158,158.7407
ea387,33.36,0.19,149.99667,16.607347,154.69336,158.28398,149.41156,159.91058
ea387,34.1,0.19,153.172,18.502056,157.07214,158.86536,149.42043,160.982
ea387,34.84,0.19,155.25867,17.295666,159.40025,159.37418,149.42723,161.95364
ea387,35.583332,0.18502252,158.004,17.412313,161.68889,159.82118,149.43172,162.83794
ea387,36.353333,0.20502032,160.29733,16.451097,164.008,160.22514,149.43407,163.6654
ea387,37.133335,0.20502032,162.92134,16.796242,166.30481,160.58116,149.43489,164.42014
ea387,37.913334,0.20502032,165.95166,17.542871,168.55006,160.89049,149.43555,165.09885
ea387,38.693333,0.20502032,166.838,16.154818,170.74489,161.15894,149.43707,165.70903
ea387,39.47333,0.20502032,169.59134,16.313498,172.89046,161.39175,149.43848,166.25763
ea387,40.253334,0.20502032,173.80133,16.87859,174.98785,161.5937,149.43942,166.75076
ea387,41.033333,0.20502032,176.71133,17.787027,177.03818,161.76903,149.43979,167.19366
ea387,41.82,0.2,177.387,19.656347,179.05942,161.92253,149.4396,167.59438
ea387,42.6,0.2,181.99,18.54489,181.01836,162.0545,149.43915,167.95065
ea387,43.406666,0.21501938,185.65033,19.010002,182.99806,162.17252,149.43884,168.28055
ea387,44.203335,0.21007936,188.61133,19.66941,184.90814,162.27312,149.43912,168.57195
ea387,45.003334,0.21007936,192.237,20.442305,186.78218,162.36043,149.4394,168.83383
ea387,45.8,0.21,193.37433,22.155178,188.60556,162.43567,149.43959,169.0671
ea387,46.59667,0.21501938,195.06767,24.614292,190.38715,162.50073,149.43968,169.27567
ea387,47.396667,0.21501938,196.89267,27.28959,192.13512,162.55719,149.43973,169.46289
ea387,47.98,NaN,214.584,NaN,193.38426,162.59346,149.43977,169.5867
cc117,0.61333334,0.055075705,1.2913333,0.35242918,0.21650307,0.18122055,0.14737314,0.23376219
cc117,1.0266666,0.055075705,1.1216667,0.440659,0.3643657,0.26712614,0.19138019,0.39335564
cc117,1.4366666,0.055075705,1.214,0.56039894,0.6106431,0.38848293,0.24799217,0.6347196
cc117,1.85,0.05,1.7006667,0.49484578,1.0276883,0.560686,0.3220073,0.9925469
cc117,2.2633333,0.055075705,2.077,0.9708903,1.7295479,0.8004196,0.418076,1.5019766
cc117,2.6733334,0.055075705,3.5656667,0.5266653,2.8984976,1.1268946,0.54160386,2.1981952
cc117,3.0833333,0.055075705,5.8036666,1.2618369,4.8575583,1.5689133,0.7015304,3.1291218
cc117,3.4933333,0.055075705,8.833667,1.649791,8.140983,2.1595705,0.9085124,4.341055
cc117,3.91,0.05,12.676666,2.07724,13.753816,2.9529684,1.1812184,5.908441
cc117,4.3233333,0.055075705,18.847,2.7698092,21.178856,3.9797347,1.5321013,7.842929
cc117,4.733333,0.055075705,25.316,2.3278546,28.405794,5.287238,1.9821886,10.175789
cc117,5.1433334,0.055075705,30.51,2.7397225,35.471085,6.940321,2.5632446,12.954022
cc117,5.5533333,0.055075705,37.936333,1.9573917,42.37289,9.000159,3.312341,16.203259
cc117,5.963333,0.055075705,46.095333,1.5715792,49.114986,11.529852,4.276585,19.939371
cc117,6.3766665,0.055075705,53.933,1.549486,55.753975,14.617052,5.5270085,24.204657
cc117,6.79,0.05,62.169,2.1187654,62.238094,18.300673,7.1323066,28.96686
cc117,7.233333,0.07505553,68.71,2.3841038,69.02481,22.969082,9.35642,34.610203
cc117,7.7033334,0.07505553,80.234665,1.9472859,76.03458,28.773035,12.438263,41.164856
cc117,8.166667,0.07023769,87.66067,3.4228194,82.76319,35.376366,16.401226,48.155556
cc117,8.633333,0.07505553,88.95333,3.8474863,89.36263,42.90118,21.558329,55.668636
cc117,9.1,0.07,100.169334,2.653687,95.78855,51.25689,28.1446,63.587597
cc117,9.566667,0.07023769,104.874,2.1029596,102.04551,60.363758,36.428074,71.83898
cc117,10.11,0.11,112.622665,4.06309,109.12338,71.76585,48.53042,81.76421
cc117,10.6,0.11,119.10333,1.8357353,115.32086,82.62185,61.88644,90.91416
cc117,11.096666,0.11015141,125.68767,1.6952363,121.428154,93.99772,77.76909,100.2901
cc117,11.59,0.11,135.33867,6.7356815,127.325386,105.486305,95.57831,109.62148
cc117,12.083333,0.11503623,135.682,3.6731935,133.05879,116.98848,114.82747,118.89563
cc117,12.576667,0.11015141,139.537,1.455897,138.63295,128.34738,134.68456,128.04507
cc117,13.07,0.11,144.87666,1.0551139,144.05229,139.42409,154.1863,137.01053
cc117,13.566667,0.11015141,151.36934,3.8797648,149.3562,150.17465,172.59814,145.79988
cc117,14.056666,0.11015141,156.05167,6.5585833,154.4436,160.30025,188.8815,154.19698
cc117,14.55,0.11,157.13867,7.5028973,159.42383,169.94809,203.00781,162.34248
cc117,15.046667,0.11015141,164.62,4.470603,164.29794,179.06425,214.84181,170.20438
cc117,15.54,0.11,170.56267,3.7979064,169.00438,187.5059,224.32841,177.65935
cc117,16.033333,0.11503623,175.00633,3.1183114,173.58005,195.33192,231.90004,184.7496
cc117,16.53,0.11,179.98067,4.297201,178.05823,202.59723,237.89218,191.51303
cc117,17.023333,0.11503623,183.59067,1.5065013,182.38235,209.22124,242.33122,197.857
cc117,17.516666,0.11015141,189.55733,3.6007318,186.58636,215.27817,245.51596,203.83057
cc117,18.01,0.11,195.018,2.8164105,190.6736,220.79794,247.8539,209.44041
cc117,18.506666,0.11015141,190.04567,5.786091,194.6738,225.84824,249.75677,214.73093
cc117,19.0,0.11,192.65167,8.110531,198.53642,230.39546,251.16898,219.64212
cc117,19.49,0.11,194.611,5.332827,202.26675,234.48271,252.2017,224.19345
cc117,19.986666,0.11015141,199.49133,5.180295,205.94289,238.22284,252.97809,228.4882
cc117,20.523333,0.13503087,207.04967,11.944972,209.79967,241.84718,253.60178,232.78561
cc117,21.083334,0.13503087,203.99234,13.6240835,213.70007,245.21149,254.05501,236.9112
cc117,21.643333,0.13503087,213.656,13.138558,217.47768,248.1938,254.3541,240.69435
cc117,22.203333,0.13503087,211.464,27.296997,221.13635,250.83302,254.56012,244.15771
cc117,22.763334,0.13503087,217.88,15.481148,224.67982,253.16505,254.72174,247.32304
cc117,23.323334,0.13503087,221.68933,17.222616,228.11174,255.22331,254.83606,250.21165
cc117,23.883333,0.13503087,230.36267,7.246561,231.43561,257.03885,254.91364,252.84436
cc117,24.443333,0.13503087,239.077,7.86028,234.65485,258.6402,254.96654,255.24149
cc117,25.003334,0.13503087,246.74733,15.625411,237.7728,260.05176,255.00676,257.42276
cc117,25.56,0.13,249.421,3.5003037,240.77493,261.28757,255.03728,259.39474
cc117,26.116667,0.13012815,252.43866,5.0059795,243.68318,262.37558,255.05782,261.1867
cc117,26.676666,0.13012815,256.615,8.563801,246.51709,263.33853,255.06958,262.82285
cc117,27.236666,0.13012815,256.139,7.722127,249.26192,264.18552,255.07529,264.30627
cc117,27.796667,0.13012815,258.455,6.8419976,251.92046,264.93082,255.07956,265.65057
cc117,28.353333,0.13503087,258.75934,4.4575744,254.48026,265.58252,255.08562,266.8616
cc117,28.916666,0.13012815,263.50568,6.80622,256.98917,266.1619,255.09058,267.97186
cc117,29.473333,0.13503087,260.52933,9.883187,259.3903,266.66458,255.09381,268.96506
cc117,30.033333,0.13503087,265.097,11.739079,261.72995,267.10883,255.09541,269.86914
cc117,30.593334,0.13503087,254.604,28.298998,263.99588,267.4991,255.09573,270.68646
cc117,31.15,0.13,254.40533,28.596487,266.17758,267.8403,255.09563,271.42093
cc117,31.71,0.13,265.15732,14.289734,268.30344,268.14194,255.09625,272.0888
cc117,32.32,0.16,270.94632,17.742031,270.54297,268.42865,255.0977,272.74338
cc117,32.966667,0.16010413,266.49432,24.865095,272.83344,268.6911,255.09915,273.3629
cc117,33.633335,0.17502381,264.34433,32.482857,275.10785,268.92325,255.09999,273.92975
cc117,34.316666,0.170098,271.16068,20.421259,277.35104,269.1268,255.09993,274.4432
cc117,34.996666,0.170098,280.777,18.558752,279.49814,269.29984,255.09906,274.89395
cc117,35.683334,0.17502381,282.80667,16.707514,281.5834,269.44876,255.09784,275.29538
cc117,36.363335,0.17502381,287.94232,16.332623,283.5696,269.5744,255.09718,275.64612
cc117,37.043335,0.17502381,281.90765,12.688969,285.4803,269.68155,255.09807,275.95584
cc117,37.726665,0.170098,283.302,10.075556,287.32706,269.77347,255.1,276.23038
cc117,38.413334,0.17502381,290.35767,19.541018,289.11163,269.85236,255.10185,276.4733
cc117,39.093334,0.17502381,288.441,22.770823,290.81113,269.91895,255.1028,276.68515
cc117,39.773335,0.17502381,294.08667,15.411317,292.4458,269.97568,255.10251,276.87177
cc117,40.453335,0.17502381,296.71466,12.206002,294.0181,270.02402,255.101,277.03625
cc117,41.136665,0.170098,291.916,13.357884,295.53766,270.0655,255.09862,277.182
cc117,41.823334,0.17502381,289.07968,26.169977,297.00595,270.10104,255.09616,277.31097
cc117,42.503334,0.17502381,293.665,7.667935,298.4043,270.13113,255.09485,277.42334
cc117,43.183334,0.17502381,296.66534,19.632683,299.74936,270.15677,255.09593,277.52213
cc117,43.866665,0.170098,309.243,15.742993,301.0494,270.17868,255.09796,277.60938
cc117,44.553333,0.17502381,296.56,25.375643,302.30573,270.19745,255.09958,277.6864
cc117,45.233334,0.17502381,304.89868,18.649374,303.50232,270.21326,255.10017,277.75348
cc117,45.913334,0.17502381,304.39166,24.327007,304.65344,270.2268,255.09967,277.81247
cc117,46.603333,0.17502381,316.401,11.579727,305.77676,270.23853,255.09837,277.865
cc117,47.283333,0.17502381,315.88867,15.634304,306.84134,270.24835,255.09714,277.91037
cc117,47.875,0.12020815,315.662,6.884392,307.73456,270.25574,255.09703,277.9453
sw520,0.665,0.03535534,0.673,0.34223968,0.16934648,0.18504529,0.15097494,0.24149752
sw520,1.005,0.03535534,0.545,0.19091883,0.22168928,0.25111222,0.18636023,0.36412036
sw520,1.345,0.03535534,0.6715,0.5720494,0.29021046,0.33856195,0.23002864,0.5354473
sw520,1.685,0.03535534,0.7815,0.529623,0.37990937,0.4534554,0.28391448,0.76910484
sw520,2.03,0.042426407,0.6975,0.90014696,0.49931002,0.6057673,0.35148394,1.0858672
sw520,2.34,0.06,0.92,1.0964584,0.63828456,0.7810934,0.42578208,1.4536574
sw520,2.68,0.06,1.058,0.8998172,0.8355754,1.025387,0.52539396,1.964727
sw520,3.02,0.06,0.98966664,0.8171666,1.0938271,1.3365709,0.6482267,2.6071968
sw520,3.36,0.06,1.4283333,1.0755047,1.4319249,1.7296915,0.7996608,3.4005742
sw520,3.7,0.06,1.768,1.7483901,1.8745055,2.2220502,0.98626924,4.3641577
sw520,4.04,0.06,2.7426667,1.1217283,2.4538493,2.8334467,1.21615,5.5162745
sw520,4.38,0.06,3.163,0.8686029,3.2123668,3.5857968,1.4991885,6.873572
sw520,4.72,0.06,3.643,0.7447261,4.205129,4.5032153,1.8474021,8.450852
sw520,5.1433334,0.055075705,5.142,1.4468062,5.880621,5.9155107,2.394621,10.739855
sw520,5.57,0.06,7.789,0.7493177,8.245182,7.691202,3.1075113,13.426994
sw520,5.99,0.06,11.854667,1.0655676,11.499502,9.8372,4.0116324,16.453346
sw520,6.4166665,0.055075705,16.242332,1.7119913,16.129484,12.472196,5.1924047,19.914553
sw520,6.84,0.06,20.747667,1.8660226,22.373508,15.583726,6.694321,23.725431
sw520,7.26,0.06,24.923,3.0173948,29.563066,19.194857,8.593168,27.861002
sw520,7.6866665,0.055075705,31.791334,1.7371256,36.67826,23.418781,11.040814,32.39993
sw520,8.11,0.06,38.558666,0.29730344,43.47543,28.167494,14.102333,37.20975
sw520,8.533334,0.055075705,46.297333,1.0892218,50.021187,33.457962,17.926897,42.289963
sw520,8.96,0.06,53.352,1.300015,56.37353,39.30496,22.693796,47.645184
sw520,9.38,0.06,61.79767,3.4617157,62.395252,45.5145,28.412254,53.106575
sw520,9.853333,0.085049,70.03267,5.0774307,68.917046,52.969418,36.216885,59.435905
sw520,10.35,0.08,79.345,5.2538805,75.47106,61.191418,46.047646,66.21444
sw520,10.84,0.08,89.571,7.6691275,81.65915,69.56813,57.357582,72.97731
sw520,11.33,0.08,95.469,9.100606,87.583046,78.06787,70.05951,79.75529
sw520,11.83,0.08,98.77233,8.376367,93.36724,86.72643,84.025536,86.630615
sw520,12.32,0.08,100.581665,10.293987,98.79134,95.07329,98.1355,93.27843
sw520,12.81,0.08,106.155334,13.1691,103.98391,103.17863,112.01416,99.79411
sw520,13.3,0.08,109.886,10.107176,108.954765,110.959595,125.064804,106.14131
sw520,13.8,0.08,113.136,7.326088,113.80833,118.50059,137.06725,112.41318
sw520,14.29,0.08,113.609,12.771045,118.359665,125.45628,147.26414,118.33445
sw520,14.96,0.12529965,127.566,6.0853124,124.270065,134.23135,158.54788,126.037056
sw520,15.52,0.14,137.83934,8.567225,128.94666,140.901,165.78676,132.10487
sw520,16.11,0.14,140.31433,7.891175,133.628,147.2805,171.55504,138.12105
sw520,16.69,0.14,149.958,5.878259,137.99655,152.93137,175.74393,143.65523
sw520,17.28,0.14,150.63367,8.122622,142.21486,158.08653,178.85504,148.90048
sw520,17.86,0.14,155.16566,9.337535,146.15103,162.61276,181.01936,153.6858
sw520,18.45,0.14,149.51567,21.682941,149.95169,166.71078,182.56909,158.18721
sw520,19.03,0.14,156.03133,6.333984,153.49818,170.28601,183.66878,162.26672
sw520,19.62,0.14,151.74133,7.5460887,156.92267,173.50783,184.45248,166.08287
sw520,20.24,0.16,155.03633,7.6927276,160.33261,176.49031,185.01538,169.7501
sw520,20.876667,0.15502688,165.03033,5.3441076,163.64381,179.16974,185.41693,173.1728
sw520,21.516666,0.15502688,163.50934,7.2118597,166.78864,181.51729,185.69244,176.28731
sw520,22.156666,0.15502688,166.207,4.9933925,169.75937,183.56052,185.87085,179.1
sw520,22.796667,0.15502688,168.588,4.202611,172.56549,185.33832,185.98817,181.63643
sw520,23.433332,0.15502688,169.89833,3.2229567,175.2026,186.87701,186.07355,183.90846
sw520,24.07,0.16,169.621,3.7760031,177.69423,188.2146,186.13144,185.95131
sw520,24.706667,0.15502688,174.72067,8.466833,180.04842,189.37648,186.16785,187.78534
sw520,25.346666,0.15502688,176.89,9.428087,182.28413,190.39046,186.19102,189.43814
sw520,26.003334,0.16502525,175.463,10.111752,184.44946,191.29207,186.2097,190.95479
sw520,26.72,0.19,178.37666,6.863734,186.67265,192.13777,186.22429,192.42447
sw520,27.38,0.19,183.56866,8.457303,188.59857,192.80592,186.23203,193.62396
sw520,28.04,0.19,183.76967,10.653501,190.41476,193.38249,186.2355,194.69118
sw520,28.7,0.19,189.83766,9.056602,192.12726,193.88008,186.23727,195.64
sw520,29.36,0.19,189.11433,15.707749,193.74187,194.30983,186.24014,196.48325
sw520,30.016666,0.19502136,192.52834,14.903128,195.25665,194.67937,186.24274,197.22911
sw520,30.676666,0.19502136,190.29533,13.543273,196.69223,195.00002,186.24437,197.89525
sw520,31.426666,0.23501773,199.06833,15.208597,198.2242,195.31119,186.24487,198.5616
sw520,32.213333,0.23501773,200.52434,15.476237,199.72473,195.58601,186.24435,199.16928
sw520,32.996666,0.23501773,201.824,22.542091,201.1181,195.81584,186.2441,199.69357
sw520,33.783333,0.23501773,208.36734,20.602617,202.42316,196.0097,186.24507,200.1499
sw520,34.693333,0.27501515,204.48067,12.88773,203.82356,196.19519,186.24628,200.6023
sw520,35.61,0.28,201.96834,5.422961,205.12433,196.3474,186.24672,200.98749
sw520,36.53,0.28,209.68233,11.503092,206.32722,196.47186,186.24614,201.31363
sw520,37.45,0.28,207.46733,7.595167,207.4352,196.57335,186.24496,201.58871
sw520,38.37,0.28,211.783,8.894513,208.45567,196.65588,186.24435,201.82095
sw520,39.29,0.28,213.64133,8.873079,209.39561,196.72299,186.24585,202.01682
sw520,40.21,0.28,211.411,7.8803496,210.26149,196.77765,186.24841,202.1817
sw520,41.13,0.28,215.21266,8.1064825,211.05936,196.82224,186.25,202.32045
sw520,42.046665,0.27501515,213.25467,10.758659,211.79219,196.85838,186.24954,202.43686
sw520,42.966667,0.27501515,214.90967,12.382796,212.47012,196.88786,186.24706,202.53534
sw520,43.883335,0.27501515,214.538,7.015868,213.09254,196.91179,186.24358,202.61787
sw520,44.81,0.28,219.39067,13.637514,213.67215,196.9315,186.24115,202.68785
sw520,45.736668,0.27501515,220.189,13.283858,214.20584,196.94753,186.24237,202.74646
sw520,46.66,0.28,216.30333,14.872173,214.69559,196.96051,186.2438,202.79541
sw519,0.43,0.042426407,0.256,0.14849243,0.12003848,0.12666778,0.11661755,0.13946487
sw519,0.78,0.042426407,0.277,0.015556349,0.1392784,0.15310685,0.13215967,0.1807614
sw519,1.13,0.042426407,0.2965,0.1039447,0.16160202,0.18458539,0.14977033,0.23199956
sw519,1.485,0.03535534,0.295,0.09475231,0.1879025,0.22253332,0.17002769,0.29595897
sw519,1.84,0.042426407,0.446,0.2078894,0.21848302,0.2675501,0.1930203,0.37404156
sw519,2.19,0.042426407,0.485,0.1880904,0.25350183,0.3199709,0.21872494,0.4670453
sw519,2.54,0.042426407,0.601,0.1668772,0.29413345,0.38162175,0.24784547,0.5782936
sw519,2.8633332,0.060277138,0.5006667,0.4333236,0.33743286,0.44798508,0.2781728,0.6994371
sw519,3.2166667,0.06506407,0.63633335,0.4425272,0.39207244,0.5323195,0.31556016,0.85449463
sw519,3.5666666,0.06506407,0.8156667,0.38673547,0.4549148,0.6297201,0.357532,1.0341301
sw519,3.92,0.06,0.95666665,0.46013185,0.52857405,0.74398935,0.40554863,1.2446688
sw519,4.2733335,0.060277138,1.1336666,0.48049384,0.61416376,0.8764179,0.45998648,1.4874983
sw519,4.6266665,0.06506407,1.343,0.55115426,0.71361506,1.0293715,0.5216958,1.7656418
sw519,4.9766665,0.06506407,1.5553334,0.67351043,0.82799196,1.203648,0.5909414,2.0789623
sw519,5.326667,0.06506407,1.7603333,0.58558375,0.96069425,1.4032778,0.66932464,2.432796
sw519,5.6833334,0.060277138,1.863,0.7600533,1.1178406,1.6357661,0.75983065,2.8379476
sw519,6.036667,0.06506407,2.1046667,0.6565016,1.2988552,1.898209,0.8614546,3.2865264
sw519,6.386667,0.06506407,2.2203333,0.67733693,1.5070328,2.1930106,0.97540087,3.779817
sw519,6.74,0.06,2.7136667,0.84159154,1.751031,2.5292542,1.105585,4.3296328
sw519,7.1766667,0.06506407,3.4876666,0.7690334,2.1078775,3.003817,1.2904388,5.084338
sw519,7.613333,0.060277138,4.162667,0.8695173,2.5374703,3.5503495,1.5057669,5.925708
sw519,8.046667,0.06506407,5.154667,0.87081015,3.0502293,4.171052,1.7543968,6.8493714
sw519,8.486667,0.06506407,6.063,0.6228234,3.6769378,4.8884435,2.0481489,7.879999
sw519,8.92,0.06,6.99,0.41805384,4.420051,5.687807,2.3844473,8.987907
sw519,9.356667,0.06506407,8.361,0.62674475,5.3208904,6.5934725,2.7777667,10.198472
sw519,9.793333,0.060277138,9.598666,0.6726681,6.4051347,7.606177,3.234063,11.503606
sw519,10.236667,0.06506407,11.151667,0.68505645,7.732005,8.749744,3.7714875,12.9246235
sw519,10.756667,0.06506407,13.43,0.19900502,9.643241,10.246118,4.51202,14.712317
sw519,11.276667,0.06506407,15.396667,0.65579444,12.042963,11.91607,5.390578,16.626768
sw519,11.796667,0.06506407,14.818334,4.6012135,15.021788,13.764028,6.4301004,18.662674
sw519,12.316667,0.06506407,19.827333,1.2040803,18.400984,15.791538,7.65599,20.813526
sw519,12.836667,0.06506407,22.100334,1.9723403,21.93387,17.997185,9.095537,23.07161
sw519,13.356667,0.06506407,24.939,1.9189578,25.388338,20.376675,10.777619,25.428253
sw519,13.876667,0.06506407,28.152334,2.3611186,28.749792,22.922564,12.732565,27.874058
sw519,14.396667,0.06506407,30.797667,2.9999938,32.023468,25.624544,14.990802,30.399052
sw519,14.916667,0.06506407,34.004,3.721616,35.211666,28.46983,17.578892,32.992966
sw519,15.4366665,0.06506407,36.798,3.6953669,38.316647,31.443142,20.519308,35.645252
sw519,16.0,0.08544004,40.018333,3.208851,41.588955,34.78847,24.121082,38.57191
sw519,16.5,0.08544004,43.201332,3.0559769,44.41583,37.847153,27.686447,41.20545
sw519,17.0,0.08544004,45.501,2.8403301,47.171673,40.971107,31.590872,43.863007
sw519,17.496666,0.085049,48.483665,2.7231772,49.840584,44.121128,35.784176,46.517727
sw519,17.996666,0.085049,50.844666,2.4845,52.460117,47.321884,40.288418,49.19667
sw519,18.496666,0.085049,53.509666,2.850596,55.01383,50.534893,45.029778,51.87384
sw519,18.996666,0.085049,56.227,3.1430957,57.50338,53.742905,49.943184,54.541435
sw519,19.496666,0.085049,58.270668,3.5216355,59.930386,56.92978,54.954304,57.19207
sw519,19.996666,0.085049,60.618332,3.7716153,62.29643,60.08078,59.98746,59.819016
sw519,20.496666,0.085049,63.389668,3.9080584,64.603035,63.18233,64.965645,62.416035
sw519,20.996666,0.085049,65.84,3.9878876,66.851715,66.22241,69.81054,64.97743
sw519,21.496666,0.085049,68.88133,4.038689,69.043915,69.190544,74.44991,67.49808
sw519,21.996666,0.085049,70.742,3.8986733,71.18105,72.077805,78.83032,69.97339
sw519,22.576666,0.085049,73.33,4.0868564,73.59299,75.31607,83.5344,72.782684
sw519,23.16,0.08544004,75.744,3.856548,75.94804,78.44418,87.81675,75.53578
sw519,23.746666,0.085049,78.88966,3.2211926,78.24707,81.453026,91.64913,78.22694
sw519,24.326666,0.085049,80.82533,3.367419,80.45349,84.28823,94.97268,80.807274
sw519,24.906666,0.085049,83.37033,2.8214076,82.59573,86.98228,97.85934,83.30507
sw519,25.496666,0.085049,85.569336,3.4105742,84.71099,89.57695,100.38073,85.75905
sw519,26.076666,0.085049,87.738335,3.5651264,86.72941,91.984856,102.483665,88.08452
sw519,26.656666,0.085049,90.101,4.25679,88.68913,94.25332,104.251755,90.32296
sw519,27.243334,0.090184994,92.068665,4.4791217,90.61342,96.40972,105.74362,92.49839
sw519,27.846666,0.09504385,94.546,4.2869625,92.53336,98.487076,107.019745,94.64299
sw519,28.463333,0.10016653,96.453,4.395427,94.4358,100.46845,108.099945,96.73894
sw519,29.09,0.1,98.48067,4.5914674,96.308945,102.34113,108.995384,98.770676
sw519,29.713333,0.10016653,100.77067,3.7440543,98.11383,104.06952,109.71443,100.6952
sw519,30.343334,0.10016653,101.88133,4.028596,99.88077,105.68721,110.298164,102.5447
sw519,30.963333,0.10016653,102.75733,3.4467187,101.56519,107.15955,110.76216,104.27334
sw519,31.593334,0.10016653,104.07467,3.98871,103.223175,108.54161,111.14723,105.93953
sw519,32.246666,0.11503623,105.95,4.2206297,104.88731,109.86172,111.46807,107.574425
sw519,32.83,0.11532562,107.096,4.6649065,106.327065,110.9492,111.6971,108.95705
sw519,33.463333,0.140119,108.109,4.7201695,107.84257,112.038826,111.89524,110.379135
sw519,34.123333,0.140119,110.021,4.234995,109.37074,113.08028,112.05781,111.77696
sw519,34.77667,0.13503087,110.81467,5.3671064,110.83377,114.02356,112.187065,113.079636
sw519,35.433334,0.140119,112.538666,5.2609777,112.256065,114.89054,112.292755,114.311356
sw519,36.086666,0.13503087,113.858665,4.6910605,113.62477,115.67888,112.37637,115.463196
sw519,36.743332,0.140119,115.602,4.8180165,114.9554,116.40288,112.442,116.5505
sw519,37.40333,0.140119,116.807,5.5380673,116.24876,117.0672,112.492805,117.57581
sw519,38.056667,0.13503087,117.81567,5.038001,117.48703,117.66716,112.53173,118.52768
sw519,38.713333,0.140119,118.48233,5.7288275,118.69087,118.217,112.56324,119.42471
sw519,39.373333,0.140119,119.31267,4.6914477,119.86096,118.72036,112.589836,120.26945
sw519,40.02667,0.13503087,119.906,5.0472775,120.98116,119.17411,112.61114,121.05257
sw519,40.683334,0.140119,120.455,7.520026,122.07014,119.58944,112.627914,121.789375
sw519,41.343334,0.140119,122.85633,6.524183,123.128555,119.96942,112.64066,122.48199
sw519,41.993332,0.140119,123.052,7.7376313,124.136734,120.31029,112.64991,123.11984
sw519,42.733334,0.140119,124.195,7.8787227,125.2446,120.661644,112.65757,123.79586
sw519,43.47333,0.140119,126.45333,7.5250373,126.31149,120.9774,112.66367,124.42198
sw519,44.213333,0.140119,127.041336,7.726648,127.33895,121.261,112.6692,125.001724
sw519,44.953335,0.140119,128.476,7.2457466,128.32843,121.515625,112.673485,125.53847
sw519,45.693333,0.140119,128.788,7.139179,129.28137,121.744225,112.67674,126.03518
sw519,46.433334,0.140119,128.83434,6.425386,130.19911,121.94951,112.67921,126.49461
sw519,47.173332,0.140119,130.148,6.5900807,131.08298,122.13392,112.68111,126.91944
