strain,time,time_error,avg_height,std_height,interface,interface_long,logistic,logistic_long
bgt127,0.47,0.07071068,0.179,0.20223254,0.14726643,0.14443812,0.12749158,0.1267547
bgt127,0.85,0.11,0.287,0.11720495,0.20138049,0.19444025,0.15514934,0.1535318
bgt127,1.17,0.11,0.628,0.3550507,0.26210207,0.24974982,0.1830387,0.18041775
bgt127,1.445,0.077781744,0.6045,0.20576808,0.32872266,0.30969688,0.2109742,0.20725042
bgt127,1.82,0.11,0.40866667,0.19454134,0.4476662,0.41528004,0.25605235,0.25037524
bgt127,2.1433334,0.10503968,0.548,0.29983994,0.58425045,0.53480345,0.30256668,0.29468524
bgt127,2.47,NaN,0.95,0.3,0.7646053,0.69051915,0.35812658,0.34740236
bgt127,2.735,0.077781744,0.408,0.53598696,0.9510865,0.8495952,0.41059443,0.39700747
bgt127,3.065,0.077781744,1.482,0.89236873,1.2480847,1.0998241,0.48677,0.46876648
bgt127,3.44,0.11,1.2736666,0.77251816,1.6997124,1.4747982,0.590561,0.56612176
bgt127,3.7633333,0.10503968,1.8366667,0.4995021,2.2182462,1.8992472,0.69758624,0.6660917
bgt127,4.09,0.11,3.5193334,0.80157614,2.903054,2.4522226,0.8253207,0.7849458
bgt127,4.4133334,0.10503968,3.3696666,0.6690563,3.7887702,3.15806,0.9746234,0.92333484
bgt127,4.74,0.11,4.543,0.8194437,4.958184,4.077491,1.1527299,1.0877867
bgt127,5.06,0.11,6.477,0.9304128,6.449904,5.2373276,1.3584659,1.2770476
bgt127,5.383333,0.10503968,7.849,1.1147048,8.359739,6.744859,1.6032761,1.5014322
bgt127,5.83,0.11,10.000334,1.4925704,12.38648,9.565379,2.0147285,1.8768982
bgt127,6.15,0.11,12.652,1.0014609,15.840083,12.286594,2.3720872,2.2016473
bgt127,6.47,0.11,16.102667,0.6955173,19.248682,15.721315,2.7917094,2.581724
bgt127,6.79,0.11,18.981,1.4840341,22.601606,19.500853,3.2840078,3.0261726
bgt127,7.11,0.11,23.614334,1.6981649,25.89977,23.241076,3.8610642,3.5454793
bgt127,7.43,0.11,27.307667,1.3660078,29.14407,26.869205,4.5367517,4.1517363
bgt127,7.7533336,0.10503968,31.889668,0.8880576,32.368347,30.470835,5.3356333,4.8666277
bgt127,8.073334,0.10503968,35.967335,0.78201044,35.50699,33.964455,6.259096,5.6909666
bgt127,8.393333,0.10503968,39.796333,0.86589855,38.594368,37.388966,7.335095,6.6491933
bgt127,8.716666,0.10503968,43.419334,1.3446882,41.66268,40.780354,8.600233,7.7737036
bgt127,9.036667,0.10503968,46.339,0.80584925,44.649506,44.07005,10.0533285,9.063444
bgt127,9.356667,0.10503968,49.175335,0.5497284,47.58754,47.29467,11.733172,10.553114
bgt127,9.676666,0.10503968,51.494667,0.89319223,50.47758,50.455498,13.668416,12.268382
bgt127,10.046667,0.10503968,55.066,0.7278963,53.7604,54.032326,16.265461,14.569904
bgt127,10.533334,0.10503968,60.22167,0.6534044,57.98424,58.61288,20.344341,18.190746
bgt127,11.02,0.11,63.804,0.73930573,62.103615,63.056324,25.270105,22.578966
bgt127,11.51,0.11,68.088,0.36098614,66.14828,67.395836,31.173986,27.868263
bgt127,11.993333,0.10503968,72.080666,0.86474407,70.03922,71.54819,37.980717,34.018127
bgt127,12.483334,0.10503968,76.05067,0.59739125,73.88629,75.631836,45.874306,41.234276
bgt127,12.97,0.11,79.10067,0.8886154,77.61236,79.5659,54.636635,49.35907
bgt127,13.46,0.11,83.32867,0.5740839,81.270836,83.40798,64.23211,58.42086
bgt127,13.943334,0.10503968,86.16067,0.39412224,84.79026,87.08437,74.2244,68.05559
bgt127,14.433333,0.10503968,89.858665,0.59208137,88.26997,90.69992,84.60395,78.29449
bgt127,14.92,0.11,92.85567,0.8252068,91.640236,94.18302,94.834274,88.65163
bgt127,15.406667,0.10503968,95.775665,0.7351002,94.92713,97.56186,104.6682,98.879845
bgt127,15.893333,0.10503968,98.82633,0.5503384,98.13273,100.83955,113.851364,108.68432
bgt127,16.38,0.11,102.381,0.85428566,101.25904,104.019135,122.198135,117.8264
bgt127,16.87,0.11,105.061,1.3235819,104.32866,107.12436,129.63907,126.18731
bgt127,17.353333,0.10503968,108.10267,0.16306543,107.281624,110.095665,135.98486,133.49944
bgt127,17.843334,0.10503968,110.48333,1.4421902,110.20131,113.01781,141.43233,139.92412
bgt127,18.326666,0.10503968,113.41133,1.0702412,113.010056,115.81394,145.9172,145.31697
bgt127,18.813334,0.10503968,116.29633,0.7915708,115.76845,118.54544,149.63861,149.87318
bgt127,19.303333,0.10503968,118.29366,1.4170002,118.4768,121.21307,152.67839,153.65952
bgt127,19.79,0.11,120.49067,1.469452,121.099945,123.78298,155.10231,156.72581
bgt127,20.273333,0.10503968,122.889336,1.0422075,123.64088,126.25913,157.03665,159.20244
bgt127,20.763334,0.10503968,126.24033,1.1549495,126.15312,128.69426,158.60907,161.23714
bgt127,21.25,0.11,128.88,2.1807106,128.58633,131.04016,159.83865,162.84789
bgt127,21.74,0.11,130.18266,1.934881,130.9754,133.33116,160.79947,164.12328
bgt127,22.223333,0.10503968,132.34367,1.3540596,133.27367,135.52333,161.53471,165.11046
bgt127,22.713333,0.10503968,135.007,1.4709755,135.546,137.6792,162.12823,165.91078
bgt127,23.2,0.11,136.995,1.3285635,137.74689,139.75612,162.59764,166.54697
bgt127,23.676666,0.10503968,139.89433,1.4477142,139.84978,141.7301,162.95697,167.03798
bgt127,24.163334,0.10503968,141.01534,1.5360385,141.94423,143.6858,163.24069,167.42943
bgt127,24.65,0.11,142.81734,1.5946615,143.9869,145.583,163.45952,167.7342
bgt127,25.14,0.11,144.96466,1.4193189,145.99255,147.43587,163.63316,167.97728
bgt127,25.626667,0.10503968,147.48866,1.7985646,147.93515,149.22092,163.77135,168.17078
bgt127,26.113333,0.10503968,149.10133,1.6138315,149.82971,150.95258,163.87936,168.32271
bgt127,26.603333,0.10503968,151.06934,1.577519,151.6899,152.64372,163.962,168.44006
bgt127,27.09,0.11,152.77834,1.7019695,153.49156,154.2729,164.02312,168.52821
bgt127,27.58,0.11,154.74333,2.0533683,155.26053,155.86395,164.06926,168.59602
bgt127,28.063334,0.10503968,156.70567,2.5455768,156.96223,157.38635,164.1059,168.6504
bgt127,28.553333,0.10503968,158.18066,3.1375458,158.64473,158.8835,164.13751,168.69623
bgt127,29.043333,0.10503968,159.28967,2.3307927,160.2853,160.33553,164.16261,168.73242
bgt127,29.53,0.11,161.29834,3.439928,161.87424,161.73433,164.18164,168.75995
bgt127,30.02,0.11,162.70467,2.787584,163.43436,163.1004,164.19568,168.78056
bgt127,30.51,0.11,165.14267,3.7120564,164.95561,164.42531,164.20569,168.7957
bgt127,30.996666,0.10503968,166.129,3.7580116,166.42903,165.7017,164.21295,168.80724
bgt127,31.483334,0.10503968,167.156,3.02433,167.866,166.93991,164.2192,168.81737
bgt127,31.973333,0.10503968,169.14333,3.6301253,169.27693,168.14917,164.22516,168.82632
bgt127,32.46,0.11,170.11034,3.309677,170.6435,169.31418,164.23016,168.83356
bgt127,32.95,0.11,172.084,2.8502612,171.98529,170.45201,164.23409,168.83908
bgt127,33.43667,0.10503968,173.48866,2.1949162,173.28493,171.54825,164.23683,168.84291
bgt127,34.06,0.14,173.32333,1.7064118,174.90276,172.90459,164.23882,168.84576
bgt127,34.7,0.14,174.32834,2.0134299,176.51079,174.24335,164.23952,168.84715
bgt127,35.38,0.14,175.67734,1.915919,178.16228,175.6083,164.23975,168.84845
bgt127,36.056667,0.14502874,176.55966,2.3415563,179.74925,176.91017,164.24077,168.85059
bgt127,36.736668,0.14502874,178.972,3.243551,181.28929,178.16411,164.24219,168.8525
bgt127,37.413334,0.14502874,180.15033,3.5086408,182.76915,179.36005,164.24333,168.85382
bgt127,38.093334,0.14502874,182.13367,3.1876013,184.2052,180.51196,164.24403,168.85448
bgt127,38.773335,0.14502874,183.67166,3.8219275,185.5918,181.61594,164.24419,168.85449
bgt127,39.453335,0.14502874,185.46466,3.9646974,186.93066,182.674,164.2439,168.85411
bgt127,40.133335,0.14502874,186.83867,2.5958776,188.22346,183.6881,164.2434,168.85376
bgt127,40.81333,0.14502874,188.886,4.0440736,189.47179,184.66006,164.24304,168.85397
bgt127,41.493332,0.14502874,190.66066,4.492606,190.67719,185.59169,164.2433,168.85464
bgt127,42.17,0.14,192.87367,5.242935,191.83554,186.4804,164.24384,168.85535
bgt127,42.85,0.14,193.91034,4.464389,192.95972,187.33647,164.24434,168.8559
bgt127,43.52667,0.14502874,195.83833,3.124227,194.04005,188.15302,164.24467,168.85614
bgt127,44.203335,0.14502874,196.858,2.7723327,195.08345,188.93578,164.24478,168.85605
bgt127,44.883335,0.14502874,197.896,2.60817,196.09602,189.68976,164.24461,168.85562
bgt127,45.56333,0.14502874,198.752,2.0338871,197.07376,190.41238,164.24425,168.855
bgt127,46.243332,0.14502874,201.217,3.4548151,198.01788,191.10498,164.2438,168.85434
bgt127,46.923332,0.14502874,203.303,5.280284,198.92953,191.76878,164.24344,168.85394
bgt127,47.603333,0.14502874,204.46,5.1993833,199.80983,192.40501,164.24344,168.85413
jt305,0.30666667,0.09504385,0.27733332,0.085582316,0.11019684,0.11070959,0.10883142,0.10570255
jt305,0.6666667,0.09504385,0.338,0.09924213,0.12350143,0.12475411,0.12019773,0.112812966
jt305,1.0266666,0.09504385,0.30633333,0.15766208,0.13841237,0.14058031,0.13274959,0.120401464
jt305,1.38,0.09,0.34266666,0.13136718,0.15479642,0.15806417,0.14634085,0.12834536
jt305,1.74,0.09,0.423,0.121540114,0.17348579,0.17811613,0.16161832,0.1369781
jt305,2.145,0.06363961,0.6635,0.3217336,0.19722165,0.20373066,0.18071663,0.14738552
jt305,2.505,0.06363961,0.641,0.1569777,0.22103304,0.22957571,0.19957557,0.1572982
jt305,2.865,0.06363961,0.645,0.077781744,0.24771959,0.25869972,0.22039828,0.16787718
jt305,3.1733334,0.09504385,0.508,0.25833312,0.2731234,0.2865637,0.23994744,0.17750134
jt305,3.53,0.09,0.8803333,0.3900158,0.3057754,0.32255927,0.26472822,0.18932384
jt305,3.9733334,0.09504385,1.204,0.2148581,0.3518555,0.37366867,0.29911587,0.20512179
jt305,4.4166665,0.09504385,1.2686666,0.30538556,0.40488073,0.43287635,0.33795568,0.22223705
jt305,4.8566666,0.09504385,1.4256667,0.2896279,0.46540383,0.5009081,0.38147035,0.2406341
jt305,5.3,0.09,1.7856667,0.265127,0.5355376,0.58027554,0.43095827,0.2607095
jt305,5.74,0.09,1.8376666,0.6936572,0.6155948,0.67147857,0.48638695,0.2822874
jt305,6.18,0.09,2.594,0.11497391,0.70761937,0.77701277,0.5489071,0.3056492
jt305,6.62,0.09,2.8573334,0.59177893,0.81339395,0.8991253,0.6194164,0.3309425
jt305,7.07,0.09,3.205,0.7393085,0.93794256,1.0438974,0.70083797,0.3589742
jt305,7.5933332,0.13503087,3.4073334,0.17518657,1.1069852,1.241836,0.8089672,0.39456922
jt305,8.166667,0.13503087,3.9606667,0.0937141,1.3273387,1.5019946,0.94648737,0.43762073
jt305,8.736667,0.13503087,4.5846667,0.1359755,1.5898442,1.8146338,1.1061298,0.48506838
jt305,9.306666,0.13503087,5.311333,0.6284778,1.904285,2.1924114,1.2923393,0.53765196
jt305,9.876667,0.13503087,5.7443333,0.64815533,2.280958,2.6488116,1.5094048,0.59592396
jt305,10.446667,0.13503087,6.1676664,0.5586379,2.7321029,3.2001245,1.7622914,0.6604951
jt305,11.016666,0.13503087,6.776,0.916149,3.2723894,3.8662546,2.0566936,0.73203963
jt305,11.586667,0.13503087,7.6406665,1.1980006,3.9196208,4.6711817,2.3990538,0.8113075
jt305,12.163333,0.13503087,8.263,1.6357026,4.7048826,5.656073,2.801763,0.90021473
jt305,12.733334,0.13503087,9.294333,1.9092838,5.6354523,6.8332214,3.2640195,0.9976348
jt305,13.303333,0.13503087,10.112667,1.9234455,6.7498245,8.255595,3.799625,1.1055509
jt305,13.873333,0.13503087,11.4696665,2.4425175,8.084762,9.97445,4.419118,1.2250831
jt305,14.466666,0.13503087,12.435333,2.608816,9.755937,12.135305,5.1655774,1.3631738
jt305,15.043333,0.13503087,13.859,3.3939404,11.756553,14.445738,6.004241,1.5121969
jt305,15.613334,0.13503087,15.379,4.0686474,14.084455,16.746826,6.9573216,1.6754093
jt305,16.183332,0.13503087,16.866667,4.486582,16.576298,18.997381,8.048782,1.8561283
jt305,16.756666,0.13503087,18.624332,5.081081,19.122824,21.242119,9.30209,2.0574157
jt305,17.326666,0.13503087,20.173,5.504089,21.633434,23.460703,10.71867,2.2789667
jt305,17.896667,0.13503087,22.229666,5.863385,24.111877,25.662966,12.322173,2.5241249
jt305,18.473333,0.13503087,24.202,5.8871937,26.58675,27.874502,14.150641,2.7986944
jt305,19.043333,0.13503087,26.573668,6.6158943,29.00125,30.0443,16.175318,3.0990913
jt305,19.613333,0.13503087,28.802334,6.8443227,31.384579,32.198135,18.427246,3.4313405
jt305,20.186666,0.13503087,31.414,7.2284184,33.750813,34.348587,20.930119,3.800979
jt305,20.756666,0.13503087,33.613,7.6265526,36.07283,36.470764,23.658281,4.207274
jt305,21.33,0.14,36.339,7.2914352,38.3782,38.589607,26.641136,4.6589293
jt305,21.903334,0.13503087,39.145,7.1681814,40.653637,40.69277,29.853533,5.158064
jt305,22.473333,0.13503087,41.614334,6.829581,42.886555,42.76828,33.257595,5.706112
jt305,23.046667,0.13503087,44.551666,6.6297855,45.103455,44.840527,36.868385,6.3147125
jt305,23.616667,0.13503087,46.42433,6.7938094,47.278927,46.885525,40.612843,6.9824276
jt305,24.186666,0.13503087,48.939667,6.808429,49.42631,48.915478,44.47157,7.718683
jt305,24.756666,0.13503087,51.33967,6.59517,51.54598,50.9305,48.397747,8.529981
jt305,25.333334,0.13503087,53.302666,7.0581346,53.662586,52.954006,52.39078,9.434224
jt305,25.903334,0.13503087,55.888332,6.7362275,55.72756,54.939316,56.311478,10.418154
jt305,26.473333,0.13503087,59.177666,7.8131433,57.76587,56.910027,60.15985,11.500081
jt305,27.046667,0.13503087,61.042667,5.6266265,59.78956,58.877636,63.91145,12.69614
jt305,27.62,0.14,62.84133,4.5717044,61.786972,60.830685,67.50184,14.009804
jt305,28.193333,0.13503087,64.75267,4.98195,63.758446,62.769287,70.90131,15.451064
jt305,28.766666,0.13503087,66.78167,5.58747,65.70433,64.69354,74.08714,17.030413
jt305,29.336666,0.13503087,68.00467,4.938553,67.613846,66.5925,77.026695,18.748333
jt305,29.906666,0.13503087,70.00633,5.1308265,69.498726,68.477486,79.72969,20.624695
jt305,30.483334,0.13503087,72.15733,5.5371194,71.38088,70.37041,82.22054,22.695807
jt305,31.053333,0.13503087,74.59133,4.736022,73.21713,72.22761,84.445145,24.926615
jt305,31.686666,0.16502525,76.563,4.9863844,75.22962,74.27514,86.65315,27.634476
jt305,32.353333,0.16502525,79.044334,4.0208373,77.31688,76.41238,88.698586,30.762608
jt305,33.013332,0.16502525,81.39567,3.6342862,79.35226,78.51013,90.45929,34.157265
jt305,33.673332,0.16502525,81.619,3.527614,81.35725,80.590034,91.977135,37.86459
jt305,34.336666,0.16502525,83.678665,3.6191049,83.3422,82.6626,93.28133,41.92113
jt305,34.996666,0.16502525,86.002,2.9853504,85.28761,84.70715,94.3852,46.29959
jt305,35.656666,0.16502525,88.841,2.9137914,87.20397,86.73431,95.32534,51.029472
jt305,36.316666,0.16502525,87.889336,4.9406595,89.09171,88.7442,96.1307,56.11813
jt305,36.98,0.17,90.535,3.793903,90.96059,90.74701,96.81802,61.595646
jt305,37.643333,0.16502525,91.361336,3.8887491,92.80141,92.73268,97.397156,67.43299
jt305,38.303333,0.16502525,92.658,5.0820675,94.60556,94.69152,97.880325,73.588036
jt305,38.966667,0.16502525,94.75667,5.3368917,96.39167,96.64345,98.28647,80.10689
jt305,39.626667,0.16502525,98.01234,2.661682,98.14221,98.56899,98.62512,86.90221
jt305,40.286667,0.16502525,100.414665,1.7772423,99.86661,100.47814,98.9115,93.97934
jt305,40.95,0.17,102.901,2.2560601,101.57377,102.38056,99.1549,101.33987
jt305,41.613335,0.16502525,103.376,2.814334,103.25532,104.26671,99.35867,108.9018
jt305,42.273335,0.16502525,105.607,2.3250072,104.903366,106.12736,99.527,116.57715
jt305,42.876667,0.13503087,106.067665,2.695352,106.38838,107.8144,99.65504,123.68319
jt305,43.583332,0.16502525,107.11633,1.737251,108.10197,109.77368,99.77889,132.0607
jt305,44.246666,0.16502525,109.694,1.5527109,109.685555,111.59658,99.87479,139.92255
jt305,44.906666,0.16502525,110.72034,3.019399,111.237595,113.39484,99.95584,147.68654
jt305,45.566666,0.16502525,112.40733,4.10156,112.76646,115.17779,100.024574,155.33556
jt305,46.26,0.18,114.10833,5.3126373,114.34795,117.03444,100.08453,163.18916
jt305,46.96,0.18,115.69566,4.424072,115.91951,118.892105,100.134476,170.87883
jt305,47.66,0.18,116.88033,5.3347497,117.46618,120.73301,100.17568,178.2804
gob33,0.44,0.11313708,1.5745,0.47871128,0.11518624,0.11534123,0.11354744,0.10886401
gob33,0.77,0.08,1.8133334,1.2006525,0.12807108,0.1283728,0.1248987,0.11602384
gob33,1.1066667,0.085049,1.6103333,0.5066797,0.14270258,0.14318603,0.13764873,0.123813696
gob33,1.44,0.08,0.90933335,0.2825037,0.15883541,0.15953594,0.15155344,0.1320415
gob33,1.77,0.11313708,1.2165,0.71771336,0.17660294,0.17756084,0.16670126,0.14072533
gob33,2.1066666,0.085049,1.4026667,0.6180682,0.19677895,0.19804993,0.18371503,0.15017326
gob33,2.44,0.08,1.3536667,0.3303064,0.21902515,0.22066449,0.20226876,0.16015233
gob33,2.77,0.08,2.451,1.1960802,0.24352562,0.24559592,0.2224803,0.17068452
gob33,3.11,0.08,1.165,0.52376807,0.27163824,0.27423233,0.24541654,0.18226054
gob33,3.44,0.08,1.655,2.0956428,0.3020234,0.30521527,0.26993445,0.19424608
gob33,3.77,0.08,2.6176667,1.9633992,0.33580762,0.33969903,0.29689774,0.2070196
gob33,4.11,0.08,2.5903332,1.9950461,0.37457365,0.37930822,0.32749376,0.22105916
gob33,4.46,0.08,2.5066667,1.8536645,0.41915944,0.4249118,0.3622818,0.23650652
gob33,4.8766665,0.085049,2.4433334,1.7398119,0.4792062,0.4864013,0.40853697,0.25630933
gob33,5.29,0.08,3.2196667,1.3761113,0.54726845,0.5561879,0.46024126,0.2775905
gob33,5.71,0.08,4.258,0.79330194,0.6263423,0.63736826,0.51946974,0.30102473
gob33,6.1266665,0.085049,3.798,0.98052436,0.7160731,0.72960687,0.58574015,0.32622698
gob33,6.54,0.08,4.719333,1.666542,0.81777585,0.8342839,0.65980583,0.35331115
gob33,6.96,0.08,3.668,2.8863902,0.9359244,0.95604503,0.74463063,0.38313508
gob33,7.3766665,0.085049,3.8193333,0.7126411,1.0700088,1.0944062,0.8395067,0.41520742
gob33,7.79,0.08,3.94,0.9902732,1.2219937,1.2514359,0.9455147,0.44967237
gob33,8.21,0.08,4.1536665,3.1811373,1.3985516,1.4340832,1.066895,0.48762283
gob33,8.63,0.08,5.1316667,0.9827443,1.6005975,1.6433694,1.2037684,0.5287751
gob33,9.04,0.08,5.598,1.6349394,1.8259695,1.8771205,1.3541911,0.5722938
gob33,9.46,0.08,4.754,3.1865141,2.0898142,2.1511192,1.5276403,0.62058604
gob33,9.88,0.08,6.5656667,2.4370055,2.3917756,2.4650981,1.7231336,0.67294925
gob33,10.296667,0.085049,6.229,3.4489124,2.734414,2.8218179,1.9415878,0.72925425
gob33,10.71,0.08,5.4973335,3.9185724,3.1227345,3.2266197,2.1853786,0.78975487
gob33,11.13,0.08,7.476,2.859404,3.573871,3.697526,2.4640968,0.8563697
gob33,11.546667,0.085049,8.839666,1.7935151,4.0859013,4.2326784,2.7752373,0.92800313
gob33,11.96,0.08,10.395,2.3871496,4.666308,4.8400283,3.122117,1.0049776
gob33,12.38,0.08,9.323,0.41272387,5.3405437,5.546459,3.5183346,1.0897243
gob33,12.796667,0.085049,12.868333,1.9630717,6.105513,6.3489633,3.9602087,1.1808456
gob33,13.21,0.08,12.291333,1.2319324,6.972512,7.2597194,4.452222,1.2787457
gob33,13.63,0.08,14.342334,1.0867062,7.979871,8.319324,5.0132704,1.386518
gob33,14.05,0.08,14.883667,1.2380716,9.133031,9.533799,5.6430936,1.5033514
gob33,14.463333,0.085049,15.507667,0.5336866,10.430389,10.901805,6.3378286,1.6279209
gob33,14.88,0.08,15.8463335,2.012435,11.9246855,12.479406,7.1219163,1.7639283
gob33,15.3,0.08,16.381666,2.5259821,13.647234,14.300317,8.006832,1.912503
gob33,15.716666,0.085049,18.782,3.6404655,15.601747,16.369286,8.988708,2.0722194
gob33,16.13,0.08,20.063,2.5652173,17.81757,18.718002,10.075781,2.243785
gob33,16.55,0.08,23.684668,3.1120026,20.392452,21.450657,11.307531,2.4326131
gob33,16.97,0.08,24.128334,3.7000163,23.3403,24.597702,12.680779,2.6372519
gob33,17.386667,0.085049,28.085333,2.0574095,26.816385,28.189201,14.196793,2.8571923
gob33,17.8,0.08,30.321,1.1627072,30.722857,32.009384,15.865959,3.0934172
gob33,18.22,0.08,34.36767,1.3209835,34.92603,35.970287,17.745537,3.3533912
gob33,18.64,0.08,37.452,2.5790267,39.19756,39.898262,19.825623,3.635126
gob33,19.08,0.09,40.177334,1.1427968,43.639328,43.935413,22.237171,3.955566
gob33,19.526667,0.09504385,43.765667,1.4125004,48.083466,47.99417,24.946814,4.309556
gob33,19.976667,0.09504385,49.202,1.6717898,52.526363,52.079067,27.963629,4.6979904
gob33,20.42,0.09,54.746666,4.444299,56.85975,56.08263,31.235302,5.114598
gob33,20.87,0.09,60.905666,2.2386096,61.21248,60.125374,34.875683,5.574913
gob33,21.32,0.09,65.32333,2.3037927,65.51952,64.14706,38.850735,6.076275
gob33,21.77,0.09,70.73333,2.831506,69.781364,68.14777,43.17051,6.622321
gob33,22.22,0.09,73.02167,2.6134555,73.99848,72.12765,47.841923,7.2169867
gob33,22.67,0.09,77.35333,2.6502578,78.17135,76.086784,52.865612,7.8645034
gob33,23.12,0.09,80.895,3.8892813,82.30043,80.02528,58.23532,8.569403
gob33,23.566668,0.09504385,85.12767,1.9814647,86.35607,83.91432,63.894146,9.330597
gob33,24.06,0.11,89.166,2.5721517,90.78636,88.1863,70.50018,10.248843
gob33,24.57,0.11,96.237,5.5890737,95.312775,92.57696,77.68307,11.29151
gob33,25.083334,0.11503623,100.68633,5.948866,99.81444,96.97013,85.22217,12.446088
gob33,25.596666,0.11503623,105.456665,7.230847,104.262245,101.3372,93.00563,13.716363
gob33,26.106667,0.11503623,108.532,8.102521,108.62846,105.65021,100.905754,15.104012
gob33,26.62,0.11,113.75667,7.558764,112.97081,109.9657,108.935844,16.639189
gob33,27.13,0.11,114.35367,6.414114,117.233505,114.22776,116.90477,18.31476
gob33,27.643333,0.11503623,118.104,6.4504237,121.47289,118.49227,124.83341,20.166437
gob33,28.156666,0.11503623,123.468666,4.429333,125.66156,122.731445,132.59021,22.198584
gob33,28.67,0.11,132.85434,4.5174394,129.80011,126.94542,140.1002,24.427608
gob33,29.273333,0.14502874,134.61766,2.7641776,134.601,131.86621,148.51622,27.32342
gob33,29.81,0.15,142.76466,4.9065037,138.8147,136.21439,155.55884,30.173723
gob33,30.35,0.15,142.733,5.1491094,143.0014,140.56232,162.18344,33.32702
gob33,30.886667,0.14502874,147.657,5.3368225,147.11006,144.85648,168.28275,36.769093
gob33,31.423334,0.14502874,151.68433,5.012027,151.16736,149.12396,173.88504,40.54442
gob33,31.96,0.15,154.317,4.4172244,155.17393,153.36493,178.98761,44.68024
gob33,32.5,0.15,156.97867,7.3961067,159.15483,157.60567,183.62616,49.234177
gob33,33.04,0.15,159.54666,9.667885,163.08565,161.81989,187.78777,54.210842
gob33,33.58,0.15,164.032,9.2398205,166.96701,166.00777,191.5148,59.64377
gob33,34.12,0.15,166.076,4.3952856,170.79956,170.16948,194.86357,65.566185
gob33,34.66,0.15,170.105,6.358615,174.58388,174.30518,197.83899,72.01016
gob33,35.21,0.15,174.58067,1.9493523,178.38936,178.49089,200.49493,79.1416
gob33,35.75,0.15,179.62033,3.5574758,182.07823,182.57457,202.75212,86.73139
gob33,36.29,0.15,187.038,6.14287,185.72069,186.63274,204.68744,94.93259
gob33,36.83,0.15,191.178,6.130337,189.31732,190.66554,206.33432,103.77263
gob33,37.37,0.15,194.62233,8.912492,192.86871,194.67314,207.73427,113.27673
gob33,37.91,0.15,198.029,7.368693,196.37541,198.65569,208.93697,123.46394
gob33,38.45,0.15,195.67967,9.066684,199.838,202.61334,210.00021,134.35214
gob33,38.986668,0.14502874,206.39934,4.202306,203.23604,206.52206,210.96243,145.8777
gob33,39.52667,0.14502874,210.47966,1.6704569,206.6123,210.43056,211.80473,158.1853
gob33,40.07,0.15,211.44467,4.9693346,209.96652,214.33853,212.53452,171.28102
gob33,40.606667,0.14502874,213.23267,5.8604217,213.2379,218.17442,213.15378,184.90172
gob33,41.15,0.15,220.83867,5.1582565,216.50826,222.03369,213.69162,199.3613
gob33,41.69,0.15,226.182,7.994784,219.71751,225.84523,214.15016,214.36674
gob33,42.23,0.15,228.46867,8.516388,222.8864,229.63295,214.54495,229.96321
gob33,42.77,0.15,231.65933,9.763571,226.01543,233.397,214.88724,246.10138
gob33,43.31,0.15,228.436,12.161414,229.10507,237.13753,215.18314,262.7127
gob33,43.86,0.15,234.20967,10.845807,232.21199,240.92328,215.44113,280.03757
gob33,44.4,0.15,240.525,13.06555,235.2237,244.61676,215.65625,297.36325
gob33,44.943333,0.15011106,244.093,14.049086,238.21574,248.30974,215.83911,315.02518
gob33,45.49,0.15,243.43866,15.251091,241.18794,252.00194,215.99388,332.93637
gob33,46.03,0.15,243.17267,15.482076,244.08673,255.62617,216.1229,350.6745
gob33,46.58,0.15,244.40033,12.73997,247.00171,259.29425,216.23508,368.68787
gob33,47.126667,0.14502874,247.409,14.7587,249.86201,262.91696,216.33272,386.43542
y55,0.635,0.03535534,0.1585,0.12798633,0.1389627,NaN,0.12842679,NaN
y55,0.875,0.03535534,0.142,0.09475231,0.15736453,NaN,0.1411628,NaN
y55,1.115,0.03535534,0.184,0.08768124,0.17820328,NaN,0.15516126,NaN
y55,1.355,0.03535534,0.152,0.053740114,0.2018016,NaN,0.17054741,NaN
y55,1.595,0.03535534,0.202,0.02404163,0.22852458,NaN,0.18745862,NaN
y55,1.835,0.03535534,0.176,0.036769554,0.2587867,NaN,0.20604569,NaN
y55,2.075,0.03535534,0.4405,0.0417193,0.29305634,NaN,0.22647472,NaN
y55,2.315,0.03535534,0.454,0.042426407,0.33186296,NaN,0.24892825,NaN
y55,2.555,0.03535534,0.573,0.06363961,0.37580916,NaN,0.27360648,NaN
y55,2.795,0.03535534,0.7,0.14849243,0.42557588,NaN,0.30072886,NaN
y55,3.035,0.03535534,0.7145,0.024748737,0.48193234,NaN,0.33053747,NaN
y55,3.275,0.03535534,0.7915,0.0021213202,0.54574865,NaN,0.36329898,NaN
y55,3.515,0.03535534,0.941,0.022627417,0.6180178,NaN,0.3993048,NaN
y55,3.7533333,0.025166115,0.7496667,0.5653586,0.6992565,NaN,0.4385873,NaN
y55,3.9866667,0.025166115,0.967,0.6795712,0.7891255,NaN,0.48078093,NaN
y55,4.23,0.02,1.1273333,0.5514502,0.8951637,NaN,0.5291062,NaN
y55,4.4666667,0.025166115,1.2403333,0.5833707,1.0119467,NaN,0.58075815,NaN
y55,4.7066665,0.025166115,1.573,0.50608593,1.1459545,NaN,0.63828325,NaN
y55,4.9466667,0.025166115,1.812,0.5222997,1.2977142,NaN,0.70149565,NaN
y55,5.1866665,0.025166115,2.078,0.49353725,1.4695667,NaN,0.7709551,NaN
y55,5.4766665,0.025166115,2.4603333,0.57038087,1.7078298,NaN,0.8640978,NaN
y55,5.7166667,0.025166115,2.744,0.51026267,1.9339634,NaN,0.9496151,NaN
y55,5.9566665,0.025166115,3.1463332,0.51347476,2.1900728,NaN,1.0435804,NaN
y55,6.1966667,0.025166115,3.344,0.05761076,2.4801188,NaN,1.1468228,NaN
y55,6.4366665,0.025166115,4.067,0.5638324,2.8085577,NaN,1.2602434,NaN
y55,6.6766667,0.025166115,4.502,0.5034322,3.1804512,NaN,1.3848408,NaN
y55,6.9166665,0.025166115,5.136667,0.5981449,3.6015418,NaN,1.5216997,NaN
y55,7.1566668,0.025166115,5.8333335,0.6857261,4.0784254,NaN,1.672023,NaN
y55,7.3966665,0.025166115,6.5183334,0.7077036,4.618555,NaN,1.837138,NaN
y55,7.636667,0.025166115,7.229,0.81131434,5.2302384,NaN,2.0184946,NaN
y55,7.8766665,0.025166115,8.197333,0.96831316,5.922879,NaN,2.217667,NaN
y55,8.113334,0.025166115,8.921333,1.1540092,6.6955523,NaN,2.4331815,NaN
y55,8.353333,0.025166115,9.901667,1.3091838,7.5819836,NaN,2.6729808,NaN
y55,8.593333,0.025166115,11.315666,1.6272665,8.585863,NaN,2.9362173,NaN
y55,8.833333,0.025166115,12.354667,1.6927958,9.722926,NaN,3.2251565,NaN
y55,9.073334,0.025166115,14.011,2.0327861,11.010734,NaN,3.542294,NaN
y55,9.3133335,0.025166115,15.361,2.0888515,12.468923,NaN,3.8903544,NaN
y55,9.55,0.02,17.192333,2.3496006,14.095686,NaN,4.2667413,NaN
y55,9.956667,0.025166115,20.719667,3.0981214,17.401085,NaN,4.9993863,NaN
y55,10.366667,0.025166115,25.491,4.519903,21.519737,NaN,5.863472,NaN
y55,10.773334,0.025166115,31.368,6.3945374,26.56874,NaN,6.8653984,NaN
y55,11.176666,0.025166115,37.380665,7.6625195,32.76508,NaN,8.02491,NaN
y55,11.583333,0.025166115,42.239666,7.6904397,40.32662,NaN,9.387945,NaN
y55,11.99,0.03,48.713665,8.001743,48.969795,NaN,10.975981,NaN
y55,12.396667,0.025166115,56.52833,8.280805,58.119804,NaN,12.823604,NaN
y55,12.803333,0.025166115,62.814335,6.891489,67.121796,NaN,14.970646,NaN
y55,13.213333,0.025166115,70.575,6.9465837,76.05487,NaN,17.48367,NaN
y55,13.626667,0.025166115,79.593,7.12513,84.92441,NaN,20.42237,NaN
y55,14.036667,0.025166115,93.97567,1.4494003,93.58939,NaN,23.795088,NaN
y55,14.443334,0.025166115,101.75567,6.1910787,102.05506,NaN,27.649654,NaN
y55,14.846666,0.025166115,108.059,12.789398,110.32645,NaN,32.038795,NaN
y55,15.256667,0.025166115,109.19,10.392656,118.608955,NaN,37.146996,NaN
y55,15.663333,0.025166115,138.03366,26.86327,126.70091,NaN,42.925922,NaN
y55,16.073334,0.025166115,164.49133,50.88087,134.73683,NaN,49.53969,NaN
y55,16.48,0.03,143.736,5.5447793,142.58784,NaN,56.947582,NaN
y55,16.886667,0.025166115,149.907,3.9224956,150.32158,NaN,65.26115,NaN
y55,17.296667,0.025166115,156.44833,4.8252153,158.00174,NaN,74.614655,NaN
y55,17.706667,0.025166115,162.578,6.1565175,165.56622,NaN,84.977516,NaN
y55,18.116667,0.025166115,169.27333,7.879777,173.01678,NaN,96.360664,NaN
y55,18.56,0.04,177.162,7.8491454,180.94687,NaN,109.80311,NaN
y55,18.93,0.04,186.729,6.5045223,187.46632,NaN,121.89236,NaN
y55,19.3,0.04,191.88133,10.253485,193.89711,NaN,134.713,NaN
y55,19.67,0.04,199.02733,11.584594,200.24045,NaN,148.17883,NaN
y55,20.04,0.04,204.55234,14.13664,206.49751,NaN,162.18713,NaN
y55,20.41,0.04,213.013,18.209259,212.6695,NaN,176.61894,NaN
y55,20.78,0.04,216.78833,24.857502,218.75754,NaN,191.33894,NaN
y55,21.15,0.04,218.57767,31.17841,224.7628,NaN,206.19554,NaN
y55,21.52,0.04,222.18233,29.42795,230.6864,NaN,221.02692,NaN
y55,21.893333,0.04041452,231.077,30.335663,236.58171,NaN,235.80724,NaN
y55,22.266666,0.045092497,244.32634,27.57341,242.39615,NaN,250.2475,NaN
y55,22.64,0.04,246.324,26.55183,248.13083,NaN,264.21255,NaN
y55,23.01,0.04,251.181,26.715874,253.73666,NaN,277.47107,NaN
y55,23.39,0.05,259.069,25.961403,259.41464,NaN,290.38815,NaN
y55,23.696667,0.045092497,264.924,22.229685,263.93903,NaN,300.24203,NaN
y55,23.996666,0.045092497,266.36633,23.45832,268.3156,NaN,309.35617,NaN
y55,24.303333,0.045092497,272.07132,26.374355,272.73953,NaN,318.11456,NaN
y55,24.606667,0.045092497,274.23932,21.548122,277.06625,NaN,326.21048,NaN
y55,24.913334,0.05033223,280.69867,23.709984,281.3914,NaN,333.8225,NaN
y55,25.216667,0.045092497,284.99533,23.064032,285.6215,NaN,340.80023,NaN
y55,25.523333,0.045092497,291.45132,23.022272,289.85007,NaN,347.31125,NaN
y55,25.826666,0.045092497,294.589,20.89244,293.98575,NaN,353.2311,NaN
y55,26.136667,0.045092497,300.28534,21.82942,298.1646,NaN,358.7674,NaN
y55,26.44,0.05,305.30167,23.170395,302.20743,NaN,363.70593,NaN
y55,26.746666,0.045092497,309.673,21.530897,306.24884,NaN,368.2449,NaN
y55,27.05,0.05,314.42065,19.904839,310.20142,NaN,372.31595,NaN
y55,27.356667,0.045092497,316.85266,23.814163,314.1526,NaN,376.04263,NaN
y55,27.666666,0.045092497,321.735,23.080347,318.1014,NaN,379.4509,NaN
y55,27.97,0.05,325.68033,23.717625,321.9217,NaN,382.47067,NaN
y55,28.276667,0.045092497,329.41733,24.641039,325.7406,NaN,385.22638,NaN
y55,28.583334,0.045092497,333.71066,24.975683,329.51645,NaN,387.70187,NaN
y55,28.89,0.05,336.871,24.784079,333.24966,NaN,389.91666,NaN
y55,29.196667,0.045092497,339.38068,28.777477,336.94073,NaN,391.89124,NaN
y55,29.506666,0.045092497,344.216,26.737644,340.62964,NaN,393.66486,NaN
y55,29.81,0.05,349.46033,24.317081,344.19846,NaN,395.20575,NaN
y55,30.116667,0.045092497,348.701,33.62433,347.76602,NaN,396.59082,NaN
y55,30.42,0.05,351.79166,25.133492,351.25522,NaN,397.81326,NaN
y55,30.726667,0.045092497,358.16266,25.960016,354.74323,NaN,398.9245,NaN
y55,31.036667,0.045092497,362.98065,28.113457,358.22913,NaN,399.93835,NaN
y55,31.35,0.05,368.054,24.83373,361.71213,NaN,400.8527,NaN
y55,31.67,0.05,359.278,33.851585,365.2278,NaN,401.68124,NaN
y55,31.996666,0.055075705,365.31033,34.341885,368.77402,NaN,402.42737,NaN
y55,32.316666,0.055075705,371.03,32.524765,372.20654,NaN,403.07034,NaN
y55,32.64,0.05,369.131,37.016037,375.63376,NaN,403.6413,NaN
y55,32.963333,0.05033223,377.37567,30.47729,379.0202,NaN,404.14258,NaN
y55,33.286667,0.055075705,382.65433,31.204926,382.36636,NaN,404.58347,NaN
y55,33.61,0.05,389.709,32.335056,385.67267,NaN,404.97308,NaN
y55,33.93667,0.055075705,393.47934,31.418215,388.9731,NaN,405.32367,NaN
y55,34.26,0.05,399.541,30.669827,392.20084,NaN,405.63364,NaN
y55,34.586666,0.055075705,396.01266,34.40738,395.4228,NaN,405.91168,NaN
y55,34.91,0.05,402.46466,31.813793,398.57373,NaN,406.15448,NaN
y55,35.233334,0.05033223,402.74335,36.31784,401.6872,NaN,406.36755,NaN
y55,35.556667,0.055075705,394.73666,45.23673,404.76358,NaN,406.5535,NaN
y55,35.88,0.05,400.369,41.912014,407.80338,NaN,406.71497,NaN
y55,36.206665,0.055075705,407.00635,39.575397,410.83777,NaN,406.85617,NaN
y55,36.52667,0.055075705,411.23065,37.927383,413.77487,NaN,406.97595,NaN
y55,36.853333,0.055075705,420.83932,39.141964,416.7375,NaN,407.0825,NaN
y55,37.18,0.05,414.24832,51.86498,419.66452,NaN,407.17627,NaN
y55,37.506668,0.055075705,423.61133,41.62361,422.55637,NaN,407.26074,NaN
y55,37.83,0.05,421.38867,48.500023,425.3845,NaN,407.33768,NaN
y55,38.156666,0.055075705,421.75168,53.345417,428.20758,NaN,407.40744,NaN
y55,38.486668,0.055075705,422.74234,58.230885,431.02505,NaN,407.46997,NaN
y55,38.81,0.05,437.631,44.721554,433.75247,NaN,407.52393,NaN
y55,39.156666,0.055075705,438.47266,45.73713,436.64066,NaN,407.57428,NaN
y55,39.566666,0.055075705,443.38834,48.559093,440.00903,NaN,407.62466,NaN
y55,39.976665,0.055075705,447.42166,45.2944,443.32672,NaN,407.66626,NaN
y55,40.386665,0.055075705,450.07132,35.99637,446.59445,NaN,407.70035,NaN
y55,40.796665,0.055075705,451.31,35.611145,449.813,NaN,407.72842,NaN
y55,41.21,0.05,452.068,32.3232,453.00867,NaN,407.75223,NaN
y55,41.626667,0.055075705,453.27866,28.676931,456.18103,NaN,407.77344,NaN
y55,42.036667,0.055075705,457.12567,28.758488,459.25522,NaN,407.793,NaN
y55,42.45,0.05,464.68533,35.469242,462.30756,NaN,407.81085,NaN
y55,42.866665,0.055075705,464.51834,32.415825,465.33762,NaN,407.82666,NaN
y55,43.27667,0.055075705,466.70435,33.426857,468.27393,NaN,407.84,NaN
y55,43.69,0.05,473.78665,29.941578,471.18933,NaN,407.85117,NaN
y55,44.106667,0.055075705,476.30032,30.844547,474.08347,NaN,407.86023,NaN
y55,44.603333,0.055075705,486.23566,31.653225,477.4755,NaN,407.86835,NaN
y55,45.09667,0.055075705,487.415,29.161493,480.78357,NaN,407.87393,NaN
y55,45.59667,0.055075705,492.25034,32.879765,484.0753,NaN,407.87766,NaN
y55,46.09667,0.055075705,488.25534,33.807713,487.30664,NaN,407.88025,NaN
y55,46.586666,0.055075705,486.878,21.410984,490.4159,NaN,407.88254,NaN
y55,47.086666,0.055075705,489.74567,17.372288,493.531,NaN,407.8857,NaN
y55,47.586666,0.055075705,485.82767,19.287725,496.58902,NaN,407.88907,NaN
bh1514,0.78,0.07,0.531,0.16007186,0.23118217,NaN,0.15136203,NaN
bh1514,1.14,0.07,0.923,0.6200605,0.34035608,NaN,0.1832632,NaN
bh1514,1.5033333,0.06506407,1.054,0.890141,0.5028833,NaN,0.22226974,NaN
bh1514,1.8666667,0.06506407,1.298,1.1195499,0.7430161,NaN,0.26956233,NaN
bh1514,2.195,0.049497474,1.7575,1.7797878,1.0573124,NaN,0.32087746,NaN
bh1514,2.555,0.049497474,2.2785,2.7570093,1.5566132,NaN,0.38840252,NaN
bh1514,2.89,NaN,5.842,NaN,2.2309408,NaN,0.46390083,NaN
bh1514,3.315,0.091923885,4.425,3.7900922,3.5220985,NaN,0.5810585,NaN
bh1514,3.68,0.09899495,4.724,1.0733881,5.213264,NaN,0.70491564,NaN
bh1514,4.045,0.091923885,3.7575,0.30476302,7.704599,NaN,0.85500103,NaN
bh1514,4.405,0.091923885,15.304,7.3949227,10.430643,NaN,1.034053,NaN
bh1514,4.77,0.09899495,24.1965,12.901163,13.134525,NaN,1.2535721,NaN
bh1514,5.215,0.091923885,9.519,11.619179,16.381554,NaN,1.5844091,NaN
bh1514,5.66,0.07,12.049,5.6148276,19.573668,NaN,2.0012307,NaN
bh1514,6.1066666,0.06506407,20.623667,2.0149379,22.723442,NaN,2.527897,NaN
bh1514,6.5533333,0.06506407,24.469334,1.081537,25.819742,NaN,3.1897476,NaN
bh1514,7.0,0.07,27.110666,1.6792884,28.863478,NaN,4.019642,NaN
bh1514,7.4466667,0.06506407,29.910334,2.6644025,31.85554,NaN,5.0572915,NaN
bh1514,7.8933334,0.06506407,33.753666,2.6252556,34.796803,NaN,6.3495173,NaN
bh1514,8.34,0.07,32.190334,3.4055655,37.688133,NaN,7.9519267,NaN
bh1514,8.786667,0.06506407,36.237667,3.4029653,40.53038,NaN,9.927676,NaN
bh1514,9.23,0.07,39.526,2.0524125,43.303703,NaN,12.32612,NaN
bh1514,9.73,0.09,44.079666,1.9727966,46.375477,NaN,15.645676,NaN
bh1514,10.25,0.09,46.154667,1.8523408,49.508278,NaN,19.896133,NaN
bh1514,10.77,0.09,49.055,3.2872355,52.579254,NaN,25.05707,NaN
bh1514,11.29,0.09,53.59133,4.481451,55.589622,NaN,31.193987,NaN
bh1514,11.81,0.09,58.011333,3.7247355,58.540577,NaN,38.310143,NaN
bh1514,12.33,0.09,61.685333,2.355333,61.43329,NaN,46.322414,NaN
bh1514,12.85,0.09,66.67133,3.7040389,64.268906,NaN,55.05831,NaN
bh1514,13.366667,0.09504385,72.46233,1.5137279,67.03091,NaN,64.18058,NaN
bh1514,13.886666,0.09504385,76.401665,0.77981687,69.75604,NaN,73.48233,NaN
bh1514,14.41,0.09,78.727,3.5197668,72.44434,NaN,82.61829,NaN
bh1514,14.923333,0.09504385,81.68967,2.6865845,75.0294,NaN,91.03826,NaN
bh1514,15.443334,0.09504385,83.494,2.7374516,77.59668,NaN,98.79035,NaN
bh1514,15.97,0.09,88.73167,2.5228398,80.14523,NaN,105.69693,NaN
bh1514,16.52,0.09,91.90833,4.0416393,82.75234,NaN,111.82854,NaN
bh1514,17.076666,0.09504385,95.04967,3.608572,85.335686,NaN,116.94518,NaN
bh1514,17.63,0.09,98.216,3.3585925,87.84952,NaN,121.04921,NaN
bh1514,18.18,0.09,101.21733,0.7688136,90.29591,NaN,124.272545,NaN
bh1514,18.736666,0.09504385,100.561,0.27509272,92.72,NaN,126.80773,NaN
bh1514,19.34,0.09,99.20033,3.7733958,95.28953,NaN,128.9158,NaN
bh1514,21.14,0.12,97.84067,2.576516,102.61163,NaN,132.4928,NaN
bh1514,21.733334,0.11503623,97.82166,2.6989453,104.91658,NaN,133.12128,NaN
bh1514,22.323334,0.11503623,99.522,5.4712706,107.15717,NaN,133.58101,NaN
bh1514,22.913334,0.11503623,106.709,0.2651113,109.347664,NaN,133.9134,NaN
bh1514,23.53,0.13,105.99834,3.7379706,111.58483,NaN,134.16487,NaN
bh1514,24.156666,0.12503333,108.996666,6.8128843,113.80474,NaN,134.35503,NaN
bh1514,24.783333,0.12503333,114.982,5.529416,115.97197,NaN,134.49213,NaN
bh1514,25.41,0.13,119.746666,7.0545173,118.087776,NaN,134.58762,NaN
bh1514,26.04,0.13,119.718666,13.809551,120.164246,NaN,134.6543,NaN
bh1514,26.666666,0.12503333,119.72633,18.228983,122.18058,NaN,134.70424,NaN
bh1514,27.29,0.13,122.146,17.651066,124.1387,NaN,134.7417,NaN
bh1514,27.92,0.13,126.304665,14.250697,126.070786,NaN,134.76828,NaN
bh1514,28.546667,0.12503333,130.20366,7.345729,127.94689,NaN,134.78572,NaN
bh1514,29.17,0.13,131.96133,7.5699983,129.76881,NaN,134.79716,NaN
bh1514,29.8,0.13,128.08566,8.436553,131.56651,NaN,134.80647,NaN
bh1514,30.45,0.14,130.594,6.0058513,133.37631,NaN,134.81458,NaN
bh1514,31.113333,0.13503087,130.302,4.740505,135.1773,NaN,134.82051,NaN
bh1514,31.78,0.14,128.61267,11.026489,136.94179,NaN,134.82413,NaN
bh1514,32.44,0.14,131.581,7.9378233,138.64478,NaN,134.82588,NaN
bh1514,33.1,0.14,135.698,6.158532,140.3052,NaN,134.8267,NaN
bh1514,33.76,0.14,136.663,2.9451146,141.92418,NaN,134.82788,NaN
bh1514,34.42,0.14,137.754,5.3142056,143.50272,NaN,134.82938,NaN
bh1514,35.14,0.17,139.89734,4.3398976,145.17982,NaN,134.83069,NaN
bh1514,35.883335,0.16502525,142.45734,9.7328825,146.86343,NaN,134.83142,NaN
bh1514,36.626667,0.16502525,144.293,12.308347,148.49982,NaN,134.83153,NaN
bh1514,37.37,0.17,145.34467,3.2645552,150.09024,NaN,134.83116,NaN
bh1514,38.113335,0.16502525,150.17867,1.118635,151.63597,NaN,134.83078,NaN
bh1514,38.853333,0.16502525,149.44067,2.771195,153.13164,NaN,134.83096,NaN
bh1514,39.6,0.17,153.51,9.690222,154.59834,NaN,134.83159,NaN
bh1514,40.34,0.17,155.26967,9.903148,156.0111,NaN,134.83221,NaN
bh1514,41.086666,0.16502525,158.816,3.7685487,157.39648,NaN,134.8326,NaN
bh1514,41.83,0.17,161.04533,3.424864,158.73683,NaN,134.83264,NaN
bh1514,42.57,0.17,165.03967,5.7506537,160.03374,NaN,134.8323,NaN
bh1514,43.31333,0.16502525,163.99634,8.184022,161.29996,NaN,134.83173,NaN
bh1514,44.056667,0.16502525,160.70433,6.1998167,162.5306,NaN,134.83112,NaN
bh1514,44.796665,0.16502525,165.29233,2.721876,163.72137,NaN,134.8308,NaN
bh1514,45.54,0.17,169.58,4.162776,164.88399,NaN,134.83104,NaN
bh1514,46.283333,0.16502525,175.75734,4.754463,166.01398,NaN,134.8313,NaN
bh1514,47.02667,0.16502525,176.79733,9.000473,167.11223,NaN,134.83147,NaN
bh1514,47.763332,0.16502525,174.03566,8.619977,168.17023,NaN,134.83157,NaN
ea387,0.86333334,0.055075705,1.3273333,0.6697144,0.23040047,NaN,0.15105118,NaN
ea387,1.29,0.06,0.7443333,0.2381729,0.34803727,NaN,0.1851923,NaN
ea387,1.72,0.06,1.0713333,0.20968866,0.527434,NaN,0.22739974,NaN
ea387,2.14,0.06,1.2256666,0.15981343,0.7916065,NaN,0.27788,NaN
ea387,2.57,0.06,1.2086667,0.083679944,1.1996268,NaN,0.34116304,NaN
ea387,2.9933333,0.055075705,1.1093333,0.24409492,1.8063214,NaN,0.41749033,NaN
ea387,3.42,0.06,1.5136666,0.22245523,2.728522,NaN,0.5116453,NaN
ea387,3.8433332,0.055075705,2.2833333,0.46893105,4.1083884,NaN,0.6259516,NaN
ea387,4.2833333,0.06506407,3.71,0.17784543,6.2865205,NaN,0.7717624,NaN
ea387,4.733333,0.06506407,4.549333,0.0588246,9.490152,NaN,0.9558378,NaN
ea387,5.1766667,0.06506407,7.5183334,0.51350784,12.7957535,NaN,1.1797494,NaN
ea387,5.6266665,0.06506407,10.509666,0.19514695,16.094486,NaN,1.4601976,NaN
ea387,6.0733333,0.06506407,13.997,0.74451864,19.326344,NaN,1.803627,NaN
ea387,6.5233335,0.06506407,18.337334,1.2716423,22.540113,NaN,2.230163,NaN
ea387,6.9733334,0.06506407,23.264334,1.1085492,25.712076,NaN,2.755673,NaN
ea387,7.42,0.07,28.021334,0.8724806,28.819729,NaN,3.396786,NaN
ea387,7.87,0.07,31.808332,2.5798335,31.909988,NaN,4.1893744,NaN
ea387,8.316667,0.06506407,36.322666,6.0826516,34.9376,NaN,5.152485,NaN
ea387,8.8,0.08,40.277668,3.6424842,38.16971,NaN,6.434184,NaN
ea387,9.29,0.08,44.064667,4.421733,41.400322,NaN,8.041491,NaN
ea387,9.78,0.08,47.61767,5.502516,44.58519,NaN,10.022303,NaN
ea387,10.27,0.08,50.88233,6.0531797,47.724968,NaN,12.447402,NaN
ea387,10.77,0.08,54.13933,6.9997406,50.883003,NaN,15.461281,NaN
ea387,11.29,0.09,58.06167,7.865421,54.118977,NaN,19.263748,NaN
ea387,11.826667,0.09504385,60.915333,8.722011,57.40772,NaN,23.993868,NaN
ea387,12.363334,0.09504385,64.387665,8.961305,60.645493,NaN,29.62107,NaN
ea387,12.893333,0.09504385,67.708664,9.855534,63.793804,NaN,36.101868,NaN
ea387,13.43,0.09,71.26133,9.954035,66.93263,NaN,43.5825,NaN
ea387,13.963333,0.09504385,73.73434,11.329234,70.00377,NaN,51.85103,NaN
ea387,14.496667,0.09504385,77.011665,11.331138,73.02761,NaN,60.786793,NaN
ea387,15.033334,0.09504385,79.655334,11.187646,76.02334,NaN,70.21005,NaN
ea387,15.566667,0.09504385,82.069664,12.284805,78.95447,NaN,79.72465,NaN
ea387,16.103333,0.09504385,84.59866,12.588067,81.858345,NaN,89.13407,NaN
ea387,16.65,0.12,87.21067,12.868479,84.77007,NaN,98.24497,NaN
ea387,17.223333,0.12503333,90.59433,12.952545,87.77447,NaN,107.03302,NaN
ea387,17.796667,0.12503333,92.92367,13.156488,90.72916,NaN,114.8547,NaN
ea387,18.37,0.12,95.49367,13.448222,93.63496,NaN,121.61331,NaN
ea387,18.943333,0.12503333,98.486336,13.402444,96.49267,NaN,127.30016,NaN
ea387,19.513334,0.12503333,100.88267,13.60203,99.2869,NaN,131.96768,NaN
ea387,20.09,0.12,103.40833,14.37688,102.06704,NaN,135.80006,NaN
ea387,20.663334,0.12503333,106.02033,14.666041,104.78525,NaN,138.83739,NaN
ea387,21.236666,0.12503333,108.75733,14.339553,107.45848,NaN,141.23346,NaN
ea387,21.81,0.12,110.63,15.605861,110.0875,NaN,143.12492,NaN
ea387,22.383333,0.12503333,113.18166,15.803575,112.67302,NaN,144.60199,NaN
ea387,22.956667,0.12503333,114.753334,15.325647,115.21576,NaN,145.7341,NaN
ea387,23.53,0.12,116.82633,14.588492,117.71643,NaN,146.59465,NaN
ea387,24.1,0.12,119.640335,16.200968,120.16153,NaN,147.25717,NaN
ea387,24.673334,0.12503333,121.91267,16.100128,122.58035,NaN,147.77806,NaN
ea387,25.246666,0.12503333,123.528,16.641018,124.95914,NaN,148.17557,NaN
ea387,25.86,0.14,126.028,17.660374,127.46032,NaN,148.49313,NaN
ea387,26.453333,0.14502874,128.03534,18.127811,129.83783,NaN,148.72235,NaN
ea387,27.05,0.14,129.18333,18.129425,132.18764,NaN,148.90073,NaN
ea387,27.64,0.14,130.89766,18.251234,134.4714,NaN,149.03607,NaN
ea387,28.24,0.14,134.38367,17.82469,136.75403,NaN,149.13818,NaN
ea387,28.93,0.19,136.15633,18.281685,139.33023,NaN,149.22093,NaN
ea387,29.67,0.19,139.74733,17.658588,142.03624,NaN,149.28253,NaN
ea387,30.41,0.19,141.25967,18.421015,144.6846,NaN,149.32991,NaN
ea387,31.15,0.19,143.411,17.481302,147.27655,NaN,149.36418,NaN
ea387,31.886667,0.1900877,146.48433,17.403889,149.80197,NaN,149.38704,NaN
ea387,32.626667,0.1900877,147.77,17.382626,152.28493,NaN,149.40158,NaN
ea387,33.36,0.19,149.99667,16.607347,154.69336,NaN,149.41156,NaN
ea387,34.1,0.19,153.172,18.502056,157.07214,NaN,149.42043,NaN
ea387,34.84,0.19,155.25867,17.295666,159.40025,NaN,149.42723,NaN
ea387,35.583332,0.18502252,158.004,17.412313,161.68889,NaN,149.43172,NaN
ea387,36.353333,0.20502032,160.29733,16.451097,164.008,NaN,149.43407,NaN
ea387,37.133335,0.20502032,162.92134,16.796242,166.30481,NaN,149.43489,NaN
ea387,37.913334,0.20502032,165.95166,17.542871,168.55006,NaN,149.43555,NaN
ea387,38.693333,0.20502032,166.838,16.154818,170.74489,NaN,149.43707,NaN
ea387,39.47333,0.20502032,169.59134,16.313498,172.89046,NaN,149.43848,NaN
ea387,40.253334,0.20502032,173.80133,16.87859,174.98785,NaN,149.43942,NaN
ea387,41.033333,0.20502032,176.71133,17.787027,177.03818,NaN,149.43979,NaN
ea387,41.82,0.2,177.387,19.656347,179.05942,NaN,149.4396,NaN
ea387,42.6,0.2,181.99,18.54489,181.01836,NaN,149.43915,NaN
ea387,43.406666,0.21501938,185.65033,19.010002,182.99806,NaN,149.43884,NaN
ea387,44.203335,0.21007936,188.61133,19.66941,184.90814,NaN,149.43912,NaN
ea387,45.003334,0.21007936,192.237,20.442305,186.78218,NaN,149.4394,NaN
ea387,45.8,0.21,193.37433,22.155178,188.60556,NaN,149.43959,NaN
ea387,46.59667,0.21501938,195.06767,24.614292,190.38715,NaN,149.43968,NaN
ea387,47.396667,0.21501938,196.89267,27.28959,192.13512,NaN,149.43973,NaN
ea387,47.98,NaN,214.584,NaN,193.38426,NaN,149.43977,NaN
cc117,0.61333334,0.055075705,1.2913333,0.35242918,0.21650307,NaN,0.14737314,NaN
cc117,1.0266666,0.055075705,1.1216667,0.440659,0.3643657,NaN,0.19138019,NaN
cc117,1.4366666,0.055075705,1.214,0.56039894,0.6106431,NaN,0.24799217,NaN
cc117,1.85,0.05,1.7006667,0.49484578,1.0276883,NaN,0.3220073,NaN
cc117,2.2633333,0.055075705,2.077,0.9708903,1.7295479,NaN,0.418076,NaN
cc117,2.6733334,0.055075705,3.5656667,0.5266653,2.8984976,NaN,0.54160386,NaN
cc117,3.0833333,0.055075705,5.8036666,1.2618369,4.8575583,NaN,0.7015304,NaN
cc117,3.4933333,0.055075705,8.833667,1.649791,8.140983,NaN,0.9085124,NaN
cc117,3.91,0.05,12.676666,2.07724,13.753816,NaN,1.1812184,NaN
cc117,4.3233333,0.055075705,18.847,2.7698092,21.178856,NaN,1.5321013,NaN
cc117,4.733333,0.055075705,25.316,2.3278546,28.405794,NaN,1.9821886,NaN
cc117,5.1433334,0.055075705,30.51,2.7397225,35.471085,NaN,2.5632446,NaN
cc117,5.5533333,0.055075705,37.936333,1.9573917,42.37289,NaN,3.312341,NaN
cc117,5.963333,0.055075705,46.095333,1.5715792,49.114986,NaN,4.276585,NaN
cc117,6.3766665,0.055075705,53.933,1.549486,55.753975,NaN,5.5270085,NaN
cc117,6.79,0.05,62.169,2.1187654,62.238094,NaN,7.1323066,NaN
cc117,7.233333,0.07505553,68.71,2.3841038,69.02481,NaN,9.35642,NaN
cc117,7.7033334,0.07505553,80.234665,1.9472859,76.03458,NaN,12.438263,NaN
cc117,8.166667,0.07023769,87.66067,3.4228194,82.76319,NaN,16.401226,NaN
cc117,8.633333,0.07505553,88.95333,3.8474863,89.36263,NaN,21.558329,NaN
cc117,9.1,0.07,100.169334,2.653687,95.78855,NaN,28.1446,NaN
cc117,9.566667,0.07023769,104.874,2.1029596,102.04551,NaN,36.428074,NaN
cc117,10.11,0.11,112.622665,4.06309,109.12338,NaN,48.53042,NaN
cc117,10.6,0.11,119.10333,1.8357353,115.32086,NaN,61.88644,NaN
cc117,11.096666,0.11015141,125.68767,1.6952363,121.428154,NaN,77.76909,NaN
cc117,11.59,0.11,135.33867,6.7356815,127.325386,NaN,95.57831,NaN
cc117,12.083333,0.11503623,135.682,3.6731935,133.05879,NaN,114.82747,NaN
cc117,12.576667,0.11015141,139.537,1.455897,138.63295,NaN,134.68456,NaN
cc117,13.07,0.11,144.87666,1.0551139,144.05229,NaN,154.1863,NaN
cc117,13.566667,0.11015141,151.36934,3.8797648,149.3562,NaN,172.59814,NaN
cc117,14.056666,0.11015141,156.05167,6.5585833,154.4436,NaN,188.8815,NaN
cc117,14.55,0.11,157.13867,7.5028973,159.42383,NaN,203.00781,NaN
cc117,15.046667,0.11015141,164.62,4.470603,164.29794,NaN,214.84181,NaN
cc117,15.54,0.11,170.56267,3.7979064,169.00438,NaN,224.32841,NaN
cc117,16.033333,0.11503623,175.00633,3.1183114,173.58005,NaN,231.90004,NaN
cc117,16.53,0.11,179.98067,4.297201,178.05823,NaN,237.89218,NaN
cc117,17.023333,0.11503623,183.59067,1.5065013,182.38235,NaN,242.33122,NaN
cc117,17.516666,0.11015141,189.55733,3.6007318,186.58636,NaN,245.51596,NaN
cc117,18.01,0.11,195.018,2.8164105,190.6736,NaN,247.8539,NaN
cc117,18.506666,0.11015141,190.04567,5.786091,194.6738,NaN,249.75677,NaN
cc117,19.0,0.11,192.65167,8.110531,198.53642,NaN,251.16898,NaN
cc117,19.49,0.11,194.611,5.332827,202.26675,NaN,252.2017,NaN
cc117,19.986666,0.11015141,199.49133,5.180295,205.94289,NaN,252.97809,NaN
cc117,20.523333,0.13503087,207.04967,11.944972,209.79967,NaN,253.60178,NaN
cc117,21.083334,0.13503087,203.99234,13.6240835,213.70007,NaN,254.05501,NaN
cc117,21.643333,0.13503087,213.656,13.138558,217.47768,NaN,254.3541,NaN
cc117,22.203333,0.13503087,211.464,27.296997,221.13635,NaN,254.56012,NaN
cc117,22.763334,0.13503087,217.88,15.481148,224.67982,NaN,254.72174,NaN
cc117,23.323334,0.13503087,221.68933,17.222616,228.11174,NaN,254.83606,NaN
cc117,23.883333,0.13503087,230.36267,7.246561,231.43561,NaN,254.91364,NaN
cc117,24.443333,0.13503087,239.077,7.86028,234.65485,NaN,254.96654,NaN
cc117,25.003334,0.13503087,246.74733,15.625411,237.7728,NaN,255.00676,NaN
cc117,25.56,0.13,249.421,3.5003037,240.77493,NaN,255.03728,NaN
cc117,26.116667,0.13012815,252.43866,5.0059795,243.68318,NaN,255.05782,NaN
cc117,26.676666,0.13012815,256.615,8.563801,246.51709,NaN,255.06958,NaN
cc117,27.236666,0.13012815,256.139,7.722127,249.26192,NaN,255.07529,NaN
cc117,27.796667,0.13012815,258.455,6.8419976,251.92046,NaN,255.07956,NaN
cc117,28.353333,0.13503087,258.75934,4.4575744,254.48026,NaN,255.08562,NaN
cc117,28.916666,0.13012815,263.50568,6.80622,256.98917,NaN,255.09058,NaN
cc117,29.473333,0.13503087,260.52933,9.883187,259.3903,NaN,255.09381,NaN
cc117,30.033333,0.13503087,265.097,11.739079,261.72995,NaN,255.09541,NaN
cc117,30.593334,0.13503087,254.604,28.298998,263.99588,NaN,255.09573,NaN
cc117,31.15,0.13,254.40533,28.596487,266.17758,NaN,255.09563,NaN
cc117,31.71,0.13,265.15732,14.289734,268.30344,NaN,255.09625,NaN
cc117,32.32,0.16,270.94632,17.742031,270.54297,NaN,255.0977,NaN
cc117,32.966667,0.16010413,266.49432,24.865095,272.83344,NaN,255.09915,NaN
cc117,33.633335,0.17502381,264.34433,32.482857,275.10785,NaN,255.09999,NaN
cc117,34.316666,0.170098,271.16068,20.421259,277.35104,NaN,255.09993,NaN
cc117,34.996666,0.170098,280.777,18.558752,279.49814,NaN,255.09906,NaN
cc117,35.683334,0.17502381,282.80667,16.707514,281.5834,NaN,255.09784,NaN
cc117,36.363335,0.17502381,287.94232,16.332623,283.5696,NaN,255.09718,NaN
cc117,37.043335,0.17502381,281.90765,12.688969,285.4803,NaN,255.09807,NaN
cc117,37.726665,0.170098,283.302,10.075556,287.32706,NaN,255.1,NaN
cc117,38.413334,0.17502381,290.35767,19.541018,289.11163,NaN,255.10185,NaN
cc117,39.093334,0.17502381,288.441,22.770823,290.81113,NaN,255.1028,NaN
cc117,39.773335,0.17502381,294.08667,15.411317,292.4458,NaN,255.10251,NaN
cc117,40.453335,0.17502381,296.71466,12.206002,294.0181,NaN,255.101,NaN
cc117,41.136665,0.170098,291.916,13.357884,295.53766,NaN,255.09862,NaN
cc117,41.823334,0.17502381,289.07968,26.169977,297.00595,NaN,255.09616,NaN
cc117,42.503334,0.17502381,293.665,7.667935,298.4043,NaN,255.09485,NaN
cc117,43.183334,0.17502381,296.66534,19.632683,299.74936,NaN,255.09593,NaN
cc117,43.866665,0.170098,309.243,15.742993,301.0494,NaN,255.09796,NaN
cc117,44.553333,0.17502381,296.56,25.375643,302.30573,NaN,255.09958,NaN
cc117,45.233334,0.17502381,304.89868,18.649374,303.50232,NaN,255.10017,NaN
cc117,45.913334,0.17502381,304.39166,24.327007,304.65344,NaN,255.09967,NaN
cc117,46.603333,0.17502381,316.401,11.579727,305.77676,NaN,255.09837,NaN
cc117,47.283333,0.17502381,315.88867,15.634304,306.84134,NaN,255.09714,NaN
cc117,47.875,0.12020815,315.662,6.884392,307.73456,NaN,255.09703,NaN
sw520,0.665,0.03535534,0.673,0.34223968,0.17360397,NaN,0.146509,NaN
sw520,1.005,0.03535534,0.545,0.19091883,0.23016612,NaN,0.17809463,NaN
sw520,1.345,0.03535534,0.6715,0.5720494,0.30515715,NaN,0.2164827,NaN
sw520,1.685,0.03535534,0.7815,0.529623,0.40457925,NaN,0.263135,NaN
sw520,2.03,0.042426407,0.6975,0.90014696,0.53862697,NaN,0.3207442,NaN
sw520,2.34,0.06,0.92,1.0964584,0.6965614,NaN,0.3831719,NaN
sw520,2.68,0.06,1.058,0.8998172,0.9235158,NaN,0.4656674,NaN
sw520,3.02,0.06,0.98966664,0.8171666,1.2243879,NaN,0.5658708,NaN
sw520,3.36,0.06,1.4283333,1.0755047,1.6233304,NaN,0.68757117,NaN
sw520,3.7,0.06,1.768,1.7483901,2.1521792,NaN,0.83534056,NaN
sw520,4.04,0.06,2.7426667,1.1217283,2.853421,NaN,1.0146997,NaN
sw520,4.38,0.06,3.163,0.8686029,3.783082,NaN,1.2323625,NaN
sw520,4.72,0.06,3.643,0.7447261,5.015494,NaN,1.4963808,NaN
sw520,5.1433334,0.055075705,5.142,1.4468062,7.1257443,NaN,1.9047176,NaN
sw520,5.57,0.06,7.789,0.7493177,10.150927,NaN,2.4278457,NaN
sw520,5.99,0.06,11.854667,1.0655676,14.389101,NaN,3.080827,NaN
sw520,6.4166665,0.055075705,16.242332,1.7119913,20.49679,NaN,3.9207523,NaN
sw520,6.84,0.06,20.747667,1.8660226,26.781528,NaN,4.975024,NaN
sw520,7.26,0.06,24.923,3.0173948,32.793327,NaN,6.2922273,NaN
sw520,7.6866665,0.055075705,31.791334,1.7371256,38.767727,NaN,7.9739094,NaN
sw520,8.11,0.06,38.558666,0.29730344,44.555874,NaN,10.064782,NaN
sw520,8.533334,0.055075705,46.297333,1.0892218,50.208267,NaN,12.669125,NaN
sw520,8.96,0.06,53.352,1.300015,55.771023,NaN,15.921526,NaN
sw520,9.38,0.06,61.79767,3.4617157,61.118397,NaN,19.856867,NaN
sw520,9.853333,0.085049,70.03267,5.0774307,66.995766,NaN,25.314728,NaN
sw520,10.35,0.08,79.345,5.2538805,72.99741,NaN,32.383587,NaN
sw520,10.84,0.08,89.571,7.6691275,78.756935,NaN,40.86553,NaN
sw520,11.33,0.08,95.469,9.100606,84.36037,NaN,50.928,NaN
sw520,11.83,0.08,98.77233,8.376367,89.92165,NaN,62.804893,NaN
sw520,12.32,0.08,100.581665,10.293987,95.22253,NaN,75.84282,NaN
sw520,12.81,0.08,106.155334,13.1691,100.37976,NaN,89.92796,NaN
sw520,13.3,0.08,109.886,10.107176,105.39724,NaN,104.58951,NaN
sw520,13.8,0.08,109.46933,7.667001,110.37699,NaN,119.556816,NaN
sw520,14.29,0.08,110.94234,10.246996,115.12356,NaN,133.65057,NaN
sw520,14.96,0.12529965,131.89934,7.937844,121.406235,NaN,151.17522,NaN
sw520,15.52,0.14,142.506,2.363476,126.47932,NaN,163.75609,NaN
sw520,16.11,0.14,143.64766,5.3750014,131.65462,NaN,174.77164,NaN
sw520,16.69,0.14,149.958,5.878259,136.578,NaN,183.43698,NaN
sw520,17.28,0.14,150.63367,8.122622,141.42468,NaN,190.28545,NaN
sw520,17.86,0.14,155.16566,9.337535,146.03548,NaN,195.44495,NaN
sw520,18.45,0.14,149.51567,21.682941,150.57445,NaN,199.37016,NaN
sw520,19.03,0.14,156.03133,6.333984,154.8926,NaN,202.1742,NaN
sw520,19.62,0.14,151.74133,7.5460887,159.14346,NaN,204.25665,NaN
sw520,20.24,0.16,155.03633,7.6927276,163.46147,NaN,205.86609,NaN
sw520,20.876667,0.15502688,165.03033,5.3441076,167.74202,NaN,207.02834,NaN
sw520,21.516666,0.15502688,163.50934,7.2118597,171.89363,NaN,207.8401,NaN
sw520,22.156666,0.15502688,166.207,4.9933925,175.89883,NaN,208.41728,NaN
sw520,22.796667,0.15502688,168.588,4.202611,179.76283,NaN,208.81857,NaN
sw520,23.433332,0.15502688,169.89833,3.2229567,183.47154,NaN,209.08571,NaN
sw520,24.07,0.16,169.621,3.7760031,187.0502,NaN,209.26855,NaN
sw520,24.706667,0.15502688,174.72067,8.466833,190.5034,NaN,209.40459,NaN
sw520,25.346666,0.15502688,176.89,9.428087,193.85268,NaN,209.49976,NaN
sw520,26.003334,0.16502525,175.463,10.111752,197.1666,NaN,209.56401,NaN
sw520,26.72,0.19,204.71,40.286182,200.64685,NaN,209.60976,NaN
sw520,27.38,0.19,206.902,34.62344,203.73055,NaN,209.64159,NaN
sw520,28.04,0.19,207.103,32.977623,206.70216,NaN,209.66452,NaN
sw520,28.7,0.19,209.83766,28.185493,209.56575,NaN,209.67886,NaN
sw520,29.36,0.19,210.781,35.106697,212.32524,NaN,209.68651,NaN
sw520,30.016666,0.19502136,215.86166,36.494015,214.97122,NaN,209.69087,NaN
sw520,30.676666,0.19502136,213.62866,34.87005,217.53421,NaN,209.69598,NaN
sw520,31.426666,0.23501773,222.40167,28.891201,220.33383,NaN,209.70099,NaN
sw520,32.213333,0.23501773,226.191,34.27621,223.14655,NaN,209.70412,NaN
sw520,32.996666,0.23501773,228.49066,40.1233,225.8268,NaN,209.7051,NaN
sw520,33.783333,0.23501773,227.70067,32.19267,228.40262,NaN,209.70488,NaN
sw520,34.693333,0.27501515,237.48067,17.455189,231.2442,NaN,209.70547,NaN
sw520,35.61,0.28,236.96834,26.382446,233.96388,NaN,209.70708,NaN
sw520,36.53,0.28,245.01567,19.962193,236.55643,NaN,209.70816,NaN
sw520,37.45,0.28,247.46733,30.122194,239.01851,NaN,209.7082,NaN
sw520,38.37,0.28,247.11633,25.005033,241.3566,NaN,209.70734,NaN
sw520,39.29,0.28,252.308,30.55929,243.57695,NaN,209.7063,NaN
sw520,40.21,0.28,249.74434,31.695808,245.68555,NaN,209.70653,NaN
sw520,41.13,0.28,249.546,32.158962,247.68803,NaN,209.7081,NaN
sw520,42.046665,0.27501515,253.92134,32.97955,249.58315,NaN,209.70952,NaN
sw520,42.966667,0.27501515,255.90967,31.81356,251.38979,NaN,209.70995,NaN
sw520,43.883335,0.27501515,255.20467,37.24054,253.09967,NaN,209.70906,NaN
sw520,44.81,0.28,262.724,38.741817,254.74124,NaN,209.70721,NaN
sw520,45.736668,0.27501515,255.85567,37.5497,256.2997,NaN,209.70537,NaN
sw520,46.66,0.28,262.97,41.720356,257.77408,NaN,209.70514,NaN
sw519,0.43,0.042426407,0.256,0.14849243,0.119856596,NaN,0.1165964,NaN
sw519,0.78,0.042426407,0.277,0.015556349,0.13889582,NaN,0.1321162,NaN
sw519,1.13,0.042426407,0.2965,0.1039447,0.16095933,NaN,0.14969899,NaN
sw519,1.485,0.03535534,0.295,0.09475231,0.18692107,NaN,0.16992128,NaN
sw519,1.84,0.042426407,0.446,0.2078894,0.21706997,NaN,0.1928707,NaN
sw519,2.19,0.042426407,0.485,0.1880904,0.25155163,NaN,0.21852326,NaN
sw519,2.54,0.042426407,0.601,0.1668772,0.2915107,NaN,0.24758057,NaN
sw519,2.8633332,0.060277138,0.5006667,0.4333236,0.33404288,NaN,0.2778378,NaN
sw519,3.2166667,0.06506407,0.63633335,0.4425272,0.38765013,NaN,0.31513354,NaN
sw519,3.5666666,0.06506407,0.8156667,0.38673547,0.44922897,NaN,0.3569964,NaN
sw519,3.92,0.06,0.95666665,0.46013185,0.5213178,NaN,0.40488145,NaN
sw519,4.2733335,0.060277138,1.1336666,0.48049384,0.6049777,NaN,0.45916227,NaN
sw519,4.6266665,0.06506407,1.343,0.55115426,0.70206624,NaN,0.5206847,NaN
sw519,4.9766665,0.06506407,1.5553334,0.67351043,0.8135885,NaN,0.5897108,NaN
sw519,5.326667,0.06506407,1.7603333,0.58558375,0.9428176,NaN,0.6678345,NaN
sw519,5.6833334,0.060277138,1.863,0.7600533,1.0956589,NaN,0.75802827,NaN
sw519,6.036667,0.06506407,2.1046667,0.6565016,1.2714967,NaN,0.8592873,NaN
sw519,6.386667,0.06506407,2.2203333,0.67733693,1.4734732,NaN,0.9728087,NaN
sw519,6.74,0.06,2.7136667,0.84159154,1.7099066,NaN,1.10249,NaN
sw519,7.1766667,0.06506407,3.4876666,0.7690334,2.0551965,NaN,1.2866023,NaN
sw519,7.613333,0.060277138,4.162667,0.8695173,2.4702482,NaN,1.5010322,NaN
sw519,8.046667,0.06506407,5.154667,0.87081015,2.9649043,NaN,1.7485858,NaN
sw519,8.486667,0.06506407,6.063,0.6228234,3.5685346,NaN,2.0410218,NaN
sw519,8.92,0.06,6.99,0.41805384,4.2831616,NaN,2.3757663,NaN
sw519,9.356667,0.06506407,8.361,0.62674475,5.14818,NaN,2.7672145,NaN
sw519,9.793333,0.060277138,9.598666,0.6726681,6.1877465,NaN,3.2212806,NaN
sw519,10.236667,0.06506407,11.151667,0.68505645,7.4579,NaN,3.756014,NaN
sw519,10.756667,0.06506407,13.43,0.19900502,9.284235,NaN,4.4927564,NaN
sw519,11.276667,0.06506407,15.396667,0.65579444,11.561643,NaN,5.366731,NaN
sw519,11.796667,0.06506407,14.818334,4.6012135,14.399691,NaN,6.40074,NaN
sw519,12.316667,0.06506407,19.827333,1.2040803,17.734688,NaN,7.6200724,NaN
sw519,12.836667,0.06506407,22.100334,1.9723403,21.345583,NaN,9.051909,NaN
sw519,13.356667,0.06506407,24.939,1.9189578,24.913946,NaN,10.725046,NaN
sw519,13.876667,0.06506407,28.152334,2.3611186,28.373312,NaN,12.669709,NaN
sw519,14.396667,0.06506407,30.797667,2.9999938,31.737059,NaN,14.916387,NaN
sw519,14.916667,0.06506407,34.004,3.721616,35.007835,NaN,17.491783,NaN
sw519,15.4366665,0.06506407,36.798,3.6953669,38.188244,NaN,20.41855,NaN
sw519,16.0,0.08544004,40.018333,3.208851,41.534576,NaN,24.004923,NaN
sw519,16.5,0.08544004,43.201332,3.0559769,44.420753,NaN,27.556627,NaN
sw519,17.0,0.08544004,45.501,2.8403301,47.230164,NaN,31.448112,NaN
sw519,17.496666,0.085049,48.483665,2.7231772,49.946854,NaN,35.63,NaN
sw519,17.996666,0.085049,50.844666,2.4845,52.60927,NaN,40.124966,NaN
sw519,18.496666,0.085049,53.509666,2.850596,55.200867,NaN,44.86006,NaN
sw519,18.996666,0.085049,56.227,3.1430957,57.723537,NaN,49.771267,NaN
sw519,19.496666,0.085049,58.270668,3.5216355,60.17912,NaN,54.784557,NaN
sw519,19.996666,0.085049,60.618332,3.7716153,62.56941,NaN,59.824463,NaN
sw519,20.496666,0.085049,63.389668,3.9080584,64.89615,NaN,64.8141,NaN
sw519,20.996666,0.085049,65.84,3.9878876,67.16102,NaN,69.67522,NaN
sw519,21.496666,0.085049,68.88133,4.038689,69.365685,NaN,74.33475,NaN
sw519,21.996666,0.085049,70.742,3.8986733,71.511734,NaN,78.73838,NaN
sw519,22.576666,0.085049,73.33,4.0868564,73.92978,NaN,83.472206,NaN
sw519,23.16,0.08544004,75.744,3.856548,76.28665,NaN,87.786316,NaN
sw519,23.746666,0.085049,78.88966,3.2211926,78.5834,NaN,91.65119,NaN
sw519,24.326666,0.085049,80.82533,3.367419,80.783745,NaN,95.00609,NaN
sw519,24.906666,0.085049,83.37033,2.8214076,82.91634,NaN,97.922,NaN
sw519,25.496666,0.085049,85.569336,3.4105742,85.01838,NaN,100.47119,NaN
sw519,26.076666,0.085049,87.738335,3.5651264,87.02063,NaN,102.599236,NaN
sw519,26.656666,0.085049,90.101,4.25679,88.96126,NaN,104.389915,NaN
sw519,27.243334,0.090184994,92.068665,4.4791217,90.86344,NaN,105.901665,NaN
sw519,27.846666,0.09504385,94.546,4.2869625,92.757935,NaN,107.19482,NaN
sw519,28.463333,0.10016653,96.453,4.395427,94.63174,NaN,108.29017,NaN
sw519,29.09,0.1,98.48067,4.5914674,96.47321,NaN,109.19892,NaN
sw519,29.713333,0.10016653,100.77067,3.7440543,98.24422,NaN,109.929146,NaN
sw519,30.343334,0.10016653,101.88133,4.028596,99.974686,NaN,110.52213,NaN
sw519,30.963333,0.10016653,102.75733,3.4467187,101.62122,NaN,110.9933,NaN
sw519,31.593334,0.10016653,104.07467,3.98871,103.238846,NaN,111.3844,NaN
sw519,32.246666,0.11503623,105.95,4.2206297,104.859314,NaN,111.71063,NaN
sw519,32.83,0.11532562,107.096,4.6649065,106.25869,NaN,111.94373,NaN
sw519,33.463333,0.140119,108.109,4.7201695,107.72898,NaN,112.14552,NaN
sw519,34.123333,0.140119,110.021,4.234995,109.208694,NaN,112.311035,NaN
sw519,34.77667,0.13503087,110.81467,5.3671064,110.62252,NaN,112.44242,NaN
sw519,35.433334,0.140119,112.538666,5.2609777,111.994286,NaN,112.549965,NaN
sw519,36.086666,0.13503087,113.858665,4.6910605,113.311775,NaN,112.63517,NaN
sw519,36.743332,0.140119,115.602,4.8180165,114.59008,NaN,112.70213,NaN
sw519,37.40333,0.140119,116.807,5.5380673,115.83016,NaN,112.754005,NaN
sw519,38.056667,0.13503087,117.81567,5.038001,117.01506,NaN,112.79372,NaN
sw519,38.713333,0.140119,118.48233,5.7288275,118.16469,NaN,112.825745,NaN
sw519,39.373333,0.140119,119.31267,4.6914477,119.27986,NaN,112.85279,NaN
sw519,40.02667,0.13503087,119.906,5.0472775,120.34534,NaN,112.87452,NaN
sw519,40.683334,0.140119,120.455,7.520026,121.37906,NaN,112.89167,NaN
sw519,41.343334,0.140119,122.85633,6.524183,122.38177,NaN,112.90474,NaN
sw519,41.993332,0.140119,123.052,7.7376313,123.33499,NaN,112.91424,NaN
sw519,42.733334,0.140119,124.195,7.8787227,124.38028,NaN,112.92209,NaN
sw519,43.47333,0.140119,126.45333,7.5250373,125.38468,NaN,112.928276,NaN
sw519,44.213333,0.140119,127.041336,7.726648,126.34981,NaN,112.9339,NaN
sw519,44.953335,0.140119,128.476,7.2457466,127.277214,NaN,112.93828,NaN
sw519,45.693333,0.140119,128.788,7.139179,128.16838,NaN,112.94161,NaN
sw519,46.433334,0.140119,128.83434,6.425386,129.02475,NaN,112.94414,NaN
sw519,47.173332,0.140119,130.148,6.5900807,129.84764,NaN,112.94608,NaN
