α,β,L,h_max
1.0515095092226776,0.03377848792841311,7.839703368072959,244.04652625316746
0.9886840372978938,0.025821376486878315,7.785425888482785,298.09899187288727
0.9956727614493643,0.02918862125498803,7.787248528233469,265.6360908062321
1.0168705016422306,0.03279602547486216,7.806918990395867,242.0606007922814
0.9373594919160939,0.030246088541483154,8.229166604843682,255.03090811328133
1.3869024463083888,0.014557796989774358,4.162319233986613,396.53875733995716
0.9024323273682472,0.03920458921258827,9.899486664529011,227.87171017094425
0.9915502468404964,0.026085994561494796,7.768363905601917,295.28194257604713
0.9117407984282877,0.03526683539670501,9.248466989634048,239.09728736688498
0.9456902542356352,0.03842326090524033,9.289550312883565,228.63851193659207
0.902281493865772,0.04845941084082428,10.730236661427973,199.7897579937194
0.9159329881786558,0.028489271221433566,8.6626200933221,278.5041233895671
0.9385755682707724,0.022986435131907592,7.775633839234072,317.4924649013603
0.8613648862015398,0.056705462216246845,11.793481895980806,179.14484415120222
0.9230754166451655,0.027543986204115786,8.372678309907302,280.59168567978617
1.0222654120592876,0.017357216142572164,6.448732973005002,379.8026489824167
1.003495659137903,0.033008053353089276,7.9325673838746615,241.16226577754597
1.7404639303299982,0.011275798740260658,3.2873166966803318,507.41027486726995
1.0399560997794706,0.028054128317547725,7.604535856021808,281.8973150741212
0.92057462732037,0.03472826232612193,9.026085031203372,239.26290309987684
0.8705396338546403,0.04150798139385177,10.971758183069785,230.10876536737547
1.106484773233836,0.03279600035905366,7.197837888268308,242.8435765453286
1.1786042824650522,0.025508053835583255,6.2339279030324155,288.0397763957592
1.1231235849154648,0.018222797887413187,5.825988925237636,359.0724985162826
1.1398639328853342,0.029947995299045686,6.171699766866439,234.90380236142389
1.0836711648965514,0.014742295324884696,6.077010442383523,446.70662471875056
0.9100129123686238,0.034775969508064,9.526032771789954,249.27594970329636
0.9838233865845771,0.037153137772591265,8.76125066732024,231.9998745462142
1.0077430980533566,0.02811597463700297,7.640213099269085,273.8433263598214
0.9098150179484901,0.046671974907416106,10.511144188528668,204.90233930567612
1.1637427079718017,0.04031685959236444,7.210345768424089,208.12601464495089
0.9116932675726334,0.028014100175953637,8.723956180991685,283.9131746817933
1.0839850945500942,0.026309306325293994,6.717204385218172,276.7594607244614
0.9028913277174341,0.027245548175960074,8.676293564151402,287.5240448534981
0.9435444569276413,0.033906922551228534,8.75622713425519,243.66379943928413
0.8558761521945157,0.024972831764534638,9.043412221865283,309.9384534416715
0.9412358365674662,0.03997398588649809,9.468537880598442,222.94817430568128
1.1876922044770455,0.02347904378796171,5.948161569813086,300.88896256751036
0.9093199936364292,0.026174386841443444,8.394588292964011,291.6349872636604
0.8600723239114221,0.03883221538643296,10.541584997625987,233.4794813119416
0.9330846353605928,0.032040225306517726,8.874494851187723,258.4455856040899
0.9832610516275915,0.033021332202948735,7.808028820377114,232.4960901600746
1.053732255345957,0.014127500852004177,5.773411883012683,430.6232495229372
1.0204849935842197,0.020355315421784415,6.766770509434651,339.242483686404
1.3067139146588387,0.014373024887000894,4.804850313748037,436.82974267343286
0.9356121632105806,0.01946937698550058,7.489249444846238,359.9002104245335
1.434127237037388,0.01389410517634332,4.322566824358738,446.1684101313654
0.9455314166768364,0.038508749103656655,9.056395144047821,222.36780809178856
1.0768299921765891,0.02074576178957142,6.244871282290477,324.1464334866241
0.8576484818031915,0.020234096813146845,8.22001682352396,348.4160926081684
0.9529996178999913,0.035327803255565504,8.714054804000293,235.0695524003062
1.1217926409612058,0.018431784941962816,5.860147912479502,356.65947838818596
0.9138206778842219,0.025059074858243952,8.325278360680397,303.59506718297627
1.0057342957726334,0.01575256249084648,6.285836477705228,401.323995821018
0.971154290597229,0.027013824728707614,8.177225928041606,293.97347931858155
0.9289205373062104,0.029655392719173584,8.111071152137054,254.06982952886764
1.4729699980175617,0.011825392087938948,3.81857429962212,475.64134336662215
1.0020357640698412,0.02851265456907349,7.547101225114528,265.23189288810613
0.9051102509612456,0.040034822086842024,10.231433410543069,231.3130115033912
0.9734401379675747,0.017982842964144506,6.954521058860405,376.45938145228837
0.9395513954016954,0.04400951904641007,10.010438008198536,213.71106076543936
1.0443021689737724,0.01685967453713416,6.118881360232595,379.0085663937296
0.9559217340067703,0.03354393557793159,8.82248244140298,251.41959547461846
0.9217625636342722,0.05004225981426227,10.40384873793243,191.63559599294166
0.8625201738284719,0.04718204794705554,11.599736131317494,212.05112663984622
1.2340181054895534,0.03045783993491449,6.462689009512681,261.8398174305524
0.9718272758573019,0.029833192994470435,7.612182634874094,247.96965965892804
0.9441686147381516,0.04978927823220042,10.131180731085486,192.12053711484566
0.940117265757808,0.04141238803053853,9.781811797507883,222.0603688550678
0.9373368619121688,0.037885999221750545,9.095591296591945,225.03386945878725
0.9934574095814322,0.03071127829947795,8.201573245809552,265.3068892743823
1.0436533105383727,0.022622900814656084,6.814824660827785,314.3856031673798
1.0127630191841595,0.027675280314162425,7.680631796735868,281.06887299433987
0.9615463924250565,0.03553706384368101,8.672080568233419,234.64537818554192
0.9354353773201194,0.03499856810435675,8.90828997442793,238.09915790436833
1.1763357251128141,0.0227454239781831,5.791183157419921,299.50532666610025
0.9964711559785894,0.03697696787656407,8.218694708884522,221.48090250493163
1.027078189906022,0.023066220471566045,7.151458896422229,318.4356738278404
0.9809725266765357,0.030729386926139416,8.080433945430737,257.9512478769742
0.9953955608103772,0.035769747352180636,8.716827792399227,242.57067301801203
0.9546573564582155,0.035800535283212157,8.785348515441665,234.2701728610337
1.2255998180430083,0.026767230050689324,5.9907343660398205,274.2996916400515
1.0005606895708592,0.030367752349794705,8.06129967762422,265.6047596599806
1.139381981327713,0.022935509748062004,6.271043664124593,311.5306454275177
1.1535176314492952,0.02408399566710335,6.062410188763626,290.3628259395785
1.6213585616957464,0.009050202302249392,3.353486236617128,600.7825504537764
0.9034386197496013,0.029301679502546127,8.664535868473623,267.1477013836197
1.0319023605631592,0.0270515508267384,7.392831119544048,282.00526958187976
1.0010920200776436,0.04634065568386855,8.834778529233917,190.85673593194696
0.9331907627490077,0.04006171142727346,9.50447964396323,221.39574902045337
0.892813223565019,0.03847654969261995,10.125002571782796,234.94144503428237
0.8925493022496925,0.041870127849370754,10.091651065904367,215.1246384970299
0.9436379757101084,0.031899580587557354,8.958134649734845,264.99520969600496
1.0183133213078424,0.0317783155999882,7.865623948699441,252.0482755656693
1.085693071202168,0.050588064035980485,8.42657873305844,180.84657554624235
0.9203384512001986,0.03424652770371314,9.429795036584487,253.4155589199929
0.8791270677969497,0.04130174490745728,10.527487443752173,224.08252214118946
1.038310578612068,0.025271270685121385,7.225407023415319,296.86740491474524
1.016722674259485,0.021213982253080875,6.884611511846438,329.95882357474795
0.9597191002596424,0.013187327249608615,6.6499235555056035,483.95391504936316
0.9653538831949117,0.03803204058273577,9.051308548808752,229.74617511199807
0.9315351205741098,0.051503563803324645,11.048590229070465,199.83374103029956
0.989976940628875,0.02970375829944216,7.718968158987949,257.2603912882667
0.9085296316270419,0.03295999372927173,9.507032349957425,262.0577136549121
0.9740336997912774,0.04137128160379363,9.453414052092528,222.56849456590666
0.8454901608112159,0.047502534541102835,11.674796180327176,207.79786584654576
1.1418838425536604,0.018042086661146865,5.8425920813768695,369.7777103977242
1.1599291698291143,0.01426750080168832,5.297077085970275,430.64544465441753
0.8984975408628616,0.03084631511905559,8.904970705359933,259.38574022019804
0.9295192870196695,0.02606965568644641,8.564825018751202,305.3807131414033
0.9513857060327338,0.03904335792822971,9.473725013769053,230.85018910393995
0.9609031927559233,0.03695299435343404,8.39912526354827,218.40574555091374
0.9078151613367667,0.037565288391592275,9.71101872609178,234.67968459798894
1.1646648393505457,0.017778756867010293,5.630094225909209,368.82065693323415
0.9434373683503721,0.036077966775380575,8.565943439122924,223.99907361628246
1.019681081446723,0.021613668643577715,6.983974070797617,329.4871569812303
8.460600583112255,0.008552538136897376,0.6197467809429872,613.0846647274176
1.0353506534004584,0.03346657071291634,7.76358052223171,240.1808131275732
1.0005078946614236,0.024744600278885403,7.069232018670273,285.83296412786143
1.2266465114830314,0.020527294569564827,5.637969190017293,336.9072926462192
0.9461177767776858,0.03475025585539415,8.833124105819495,240.49249524308388
0.981512398598658,0.039003934480936794,8.708882920262717,219.1542129771479
1.0560076679857775,0.027371060839517285,6.947509793897874,268.04308604546696
0.9638064770426703,0.01962163190269763,7.185051613386941,352.92677577526854
1.0482181177018173,0.03245954906358729,7.797236485743616,251.79661419051268
1.015029739812437,0.030342045770509096,7.60825443935472,254.51825438583361
0.9954445499686284,0.022635953479666363,7.491544017422559,329.450079038742
0.8891147218429015,0.05124815374868969,11.075021106305462,192.1428108146981
0.8767521205140267,0.07975780549456633,15.41846401400338,169.49025785655084
0.9140224254004707,0.0466173374358363,10.237043189628594,200.71689117793218
1.028448732124057,0.025015602004543322,7.042731514100154,289.5428339102516
0.9763190018963879,0.031778661478466017,8.4853105728406,260.68970698688145
0.8895769330952203,0.025170773389089064,8.500194042129122,300.41097386341147
0.9685938614143532,0.03272673828839058,8.371724246695141,247.772956881533
0.9663935644148037,0.033738900225662144,8.417079344543131,241.0929596201922
1.0377482560908982,0.018555059355167425,6.3358276118599,354.3504727873097
0.9668060291736077,0.028103627811161498,7.807166215864467,268.577972174131
0.8321207342043098,0.05273112563490046,12.772452994263839,201.55501774728845
0.9817079360677721,0.025817703889322485,7.713004445972999,293.2839305926522
1.0129067239154201,0.031228155964074744,7.666964501662689,248.6832685442261
1.2334937421037893,0.024419310028810613,5.566603508194994,281.1861016560411
0.9663665191124865,0.03179552119555214,8.791576290175962,267.20382801077335
0.9768830501004251,0.021332088521077573,7.493731657379354,343.1684352360389
1.0359766481772688,0.01860640711030713,6.695321682261257,372.78539987525386
1.087524639695583,0.02476944909923471,6.766000780967095,297.06726750449275
0.8806890869158224,0.04822503573231698,11.897582834049375,217.27451734375077
1.0699555160538405,0.024835032354468087,6.723655982097166,289.67197237409624
1.1508903347870842,0.020798638350304693,5.8228456909779505,322.20651726486557
1.162105823833233,0.020075903578714707,5.595988187813591,323.92716161752423
0.8910861691853101,0.04597360722047516,10.9583216067264,212.40031860909775
1.822301447043693,0.019468206594898764,3.4011361918846426,318.3598537365064
0.997445395672216,0.029121982157433928,8.170083065332145,279.8302564612641
1.09026058429818,0.028511678542587304,7.050517137933808,269.6053451544875
1.0203347068246025,0.023645422477207478,7.075562851490427,305.3209285921437
1.0946919355092617,0.022735983798885154,6.257567444239118,301.28929883604843
0.9273501720119134,0.03688234004912507,9.09149913855417,228.5918756444081
1.1918049400963502,0.02152002178060536,5.655725773588175,313.22096164732733
1.0219680226315269,0.020756134238413975,6.645574817168275,327.20760412996304
1.0079586862273044,0.02403619300497269,6.731548725452575,282.28775697459804
0.8926678417067099,0.03643222723250239,9.863636294137208,241.6802811937955
1.0130865338212607,0.0158847089314198,6.485456106393093,413.6259767454512
0.867294820498139,0.04733656732914599,11.515490301319916,210.98541058937198
1.0878462730543628,0.030181777348442837,7.033327444488555,253.50326322159376
1.06619000162498,0.01900797823556223,6.468389656772522,362.82303636914423
1.1160746493319895,0.027916677876028202,6.764649130720196,270.4424014902389
0.9609554315867181,0.03397830512897527,8.523094324208436,241.04538921777092
0.9135407717510952,0.04294184251460841,10.244899431258021,217.9490395587921
0.9703875163878236,0.035295552994939694,8.879131866683545,244.11570265031196
1.1649672742427697,0.020894210715346757,5.80859947116003,323.8613980338138
1.0827391151807277,0.026798376486826727,7.027941947357587,283.95106880314336
0.9657954391716564,0.021023362229592613,7.407637767904809,340.3005995495711
0.9171487854530889,0.03165456503331672,9.060206257112291,262.5073873521601
1.0190576737602095,0.007794585564938456,5.6422649294708975,737.6650529861524
0.9119587127785418,0.02390903334314135,8.614975509331519,328.59973313652955
0.9163437869095455,0.031229773991866702,9.198137397455111,269.8916763692698
0.9182925849376004,0.036401363363667824,9.362714400080785,236.19201079331134
0.9641103917122761,0.01976100127137045,6.857210975882847,334.55330877338895
0.91600014537303,0.042099596738876234,9.813626738901227,213.5242191327016
0.8880823263621754,0.03450563000354101,9.063924078144813,233.28108428864886
0.9562903378300224,0.027544589899831478,7.828048275435567,271.7734029473353
0.8984425070673386,0.041625826404508307,9.955294350971965,214.87284188337105
0.9088476077181304,0.03141380386174623,8.945667151736723,258.8113246673413
1.0099506822767415,0.02422346604866268,7.152656435644938,298.2162103787596
1.0620633653355194,0.03363150883067074,7.6976497757073306,243.08727470788546
1.1546467443940331,0.024521275443193883,6.052100781718501,284.97858851365123
0.8780913209551678,0.024621074283712963,8.587117096286425,306.2528022695908
0.9365055984244463,0.02353433465439585,7.9791525282531035,317.51571153917683
1.1546929231986307,0.026384189895539378,6.166480749654941,269.8734246099006
1.3308502143869985,0.02211649236361414,4.962922388212997,298.64167498846405
1.3476295151669049,0.021795714654804,5.13205145104644,317.3148537830093
1.0177107667430825,0.027347738731769395,7.345097344610661,273.33830865154863
0.9383248311241651,0.030692496099212457,8.444818385356346,258.1732929019435
0.9203955373970537,0.04440435661307398,10.130079981294005,209.97219911329734
1.0091441596860498,0.035823122644114885,7.967092979122512,224.43452039148346
1.315259887109616,0.012251063271676155,4.56981628889854,490.61015545845265
0.9239767420083984,0.04146833102976505,9.551162301243755,212.81425141422295
0.9535857310093414,0.02778593332503523,7.898405912798156,271.06547359983574
1.0601544384748607,0.03765583405130919,8.142469042723235,229.24136228200385
1.7589371719270674,0.01048163337415109,3.1731688948859222,532.4937939331065
1.102811107776551,0.027355168106943148,6.6127165240434,266.5886463129298
0.8909585877403703,0.030973556458337097,8.84413503111096,254.40275377168632
0.9105214691221224,0.024444127716049386,8.355097953072379,311.2197805240485
1.7281066567171617,0.027097386128749526,4.142840322056573,264.2051858524635
1.0196230870509289,0.03503851379645204,7.895101675778913,229.74798503165377
0.9421285180832335,0.04294970235952805,9.188918951932012,201.56467028577967
0.9183360857933112,0.02979904585596965,9.394818375351859,289.52607325953466
1.159165392326588,0.02309406337718045,6.262707600969269,314.34545730386577
1.3152210522655108,0.01405257969637317,4.642935996116737,434.5456349192665
0.9471482842144286,0.03948857217600987,9.836270019241518,235.92664303659825
0.9295368130022779,0.048634715960003946,10.113574450239058,193.29689866529893
0.9854419984647389,0.02622843724534773,7.49630397881772,281.64746167999806
0.9101040832890389,0.04697799927759482,10.25664046952151,198.7017437030589
1.568960140506714,0.010379135237841288,3.6472111731538885,551.3300312174509
1.1709254508237699,0.024004790114514486,6.125209988292622,298.78054474615675
1.2349945420566786,0.022223475638663386,5.884995057144251,327.03870869591873
0.9134341840013841,0.03180620385156163,9.529149941990314,273.6652051314006
0.8910118820728973,0.022399242850816164,8.072509624181453,321.1136216165187
0.875293912720078,0.034986238875903505,9.972060071926034,249.48333283825698
1.2964057633352581,0.01738873674247394,4.753406371371432,354.387067133419
1.3185109672309634,0.012740164785103304,4.512109330556175,466.9692847803489
0.8972796072152094,0.043033313785192887,10.568640440324092,220.36475253634185
0.9747875700365651,0.03776411917193669,8.7959542893598,227.0458598237186
0.9566909419038584,0.03395210820610536,8.435378941632138,237.68923496582298
1.1222573766912383,0.02295440998849287,6.187339752212841,302.5034266834454
0.9182080378585274,0.03731176595983548,9.5583432251944,235.2219829914156
0.8847317849298775,0.04336579609079846,10.338309519212281,210.91809348868375
0.9704220991269338,0.03775043183207475,8.759321752087999,225.1693289073106
1.2351180973564537,0.015141364430506543,5.106212830154777,416.5262585431935
1.1867105013519428,0.015650699148856417,5.370950023172345,407.2509946113689
1.1759871600531933,0.01855534528089066,5.367433200248184,340.17327246589
0.8562753533163068,0.031393747374442726,9.721974783510138,265.17023576036667
0.8636286522125333,0.04089699561012018,10.530314831482997,222.37040813425622
0.8793031455537882,0.05473492727292684,12.053725895402245,193.6401421092743
0.9909091876069503,0.030212410022206482,7.650373477677926,250.9175984995436
0.9313435739715219,0.023339185797815777,7.778949164402697,310.41675486364267
0.9672254250544852,0.02794576057241529,8.023219557558368,277.6901321671257
0.9188294319428512,0.031135687707410032,9.210096336789553,271.7944650780035
0.9059919157219316,0.042793095438816035,10.418887548316045,220.582965377823
1.1217413676602848,0.021294536126207974,6.156757292223168,324.3221314800571
0.9317751834057023,0.03412519524740366,8.988793152649174,245.43550088677782
0.9511242605408486,0.03729876448049896,9.600127171303951,244.80472702195073
0.8788029933948479,0.028994440976127262,8.926864389017908,270.5675599387481
0.950032836290445,0.03574936202568322,9.270253904269982,246.3553224664257
1.1853643898063968,0.026336712504121302,6.115172888501726,275.23208063288666
0.8713774709175217,0.048142513488423265,11.005409651314801,199.1974521787283
1.0463357573306138,0.02263515216000484,6.71667613255318,310.4860244905898
1.074651562435626,0.01737640439981337,6.05654420604456,374.5697063804598
1.3416903410655985,0.029174352786449448,5.686226899303841,261.50214072432993
1.4939232513907301,0.014521183275387565,4.1348028260776175,425.3839349485512
1.2711097863195577,0.0124076299538489,4.568348965684645,468.00824163870755
0.9253235131610588,0.019130609719483625,7.380028012946362,356.96266602583125
0.9429591896778994,0.03064203670258848,8.340157626555426,256.65488079838735
0.9083848418728095,0.03757837368533433,10.077872130685263,243.61315788979118
0.9253824050062114,0.03539089968501228,9.69400463815443,253.47367278135928
1.05078860772941,0.03126213377032974,7.451793034325093,250.47104222481835
0.8906568754147769,0.04321027119954053,10.756877544448884,221.72244415490024
1.0612363139239305,0.021654469171710284,6.798811154608215,333.1942811236073
0.9601082051695717,0.03273337655153099,8.390234015606051,246.09537329565364
1.8928753158172635,0.009917636567819873,2.9541629755114687,563.830115875698
0.938579456471918,0.04318811689173292,9.414725478270958,204.6041494325804
1.0633704456678097,0.02938877072525245,7.31824591807688,264.7952340764397
0.9573410283798464,0.04299189920701678,9.723034539076322,216.51194890903716
0.8920762990785241,0.044005358280943756,10.767667088534667,218.28206794101413
1.0064804110862686,0.02914442990850367,7.579985867237311,261.76896633888583
0.9374610682721228,0.024817991781008904,7.985269262828558,301.6311359769291
1.0286510521966012,0.026806904026993015,7.640386607004611,293.18162644109356
0.9618525632235208,0.02902846109872311,8.167734872705559,270.6363488000248
0.8905462513448127,0.0409518972764835,10.422726725193245,226.65421704997183
1.2227190019253782,0.01027267072472576,4.785543942506453,569.6060615442084
0.9913599359881997,0.029654858823624022,7.8706619812307546,263.11570067842734
0.992556665106642,0.046234128421147484,9.610139009506065,206.31096231768979
1.032788155903208,0.02674092459340333,7.398915415412242,285.76095717544854
0.978191830625077,0.027910354244564246,7.864040672140171,275.61600522103856
0.9615107244346598,0.03658100716963581,8.59474023970289,225.90780171476402
0.8735568998974725,0.07833689087786265,14.556666202190492,162.32551557673955
1.0322748612326131,0.018393016013111236,6.438513533759325,361.349963478962
0.9757283019303017,0.022773854590565135,7.270591899177139,311.502923653131
1.1260386681475467,0.016405683861616442,5.743989091076473,394.25079018513435
1.0744862347726982,0.024225909045951514,6.839085233050346,303.3323920853184
0.8972709604209937,0.04023103156219561,10.361196067023684,231.08530865772286
1.203655330704174,0.01453585610657465,5.1658569322943695,427.7636754672353
1.3028385777558391,0.01849901551571436,4.958646907491553,349.2248805922585
1.2144714744449858,0.02369177429028108,5.65976510374607,290.1269945568614
1.0421416803446972,0.02428128076868404,6.826509696696959,292.9907344665453
0.9936103432507162,0.04930877808336742,10.15868555144683,204.70543846540693
0.9826647961177366,0.03793832335098636,8.790356960505243,227.6846620364005
0.9236707404225086,0.02741159518362658,8.408813451606612,283.34633190408334
1.0277031157969376,0.0346938902983471,8.565437861308416,253.72557250090512
0.960794391411229,0.03565871832465446,8.84262103731979,238.25704055542843
1.006350198710797,0.026754299697641915,7.443868377846675,279.9975520152851
1.0023940657669166,0.016720144885302966,6.441542847527117,386.1787304498892
0.9166543088890097,0.032250825959457066,9.039246623688333,256.91944687341066
1.2318758749726924,0.012063412042538324,4.647926234279524,474.6309067842179
0.6932923680072092,0.05268930875429982,16.150926964974456,212.51587211503983
1.2024746451766475,0.022589259840634136,5.855479728804412,311.6997174279915
1.0298799561849428,0.03293721780848855,7.866784553607841,245.97838768573914
0.9125743490452282,0.04028140821035249,10.248572477957811,232.18116677737046
1.0050167374260286,0.030577130412192878,8.051902306489877,264.65193028429843
1.0071034091724005,0.02583674829869959,7.563348316185964,294.81550022967093
1.032260821208719,0.022565370250010867,6.84074605758237,312.93234123100126
0.979567405515344,0.02226033121492141,7.427816403253182,326.8615714891879
1.0673078285399045,0.024926755845150483,6.940118504478929,297.16032270064136
1.0007763621390589,0.025202056693454232,7.079084588497876,281.11120484828007
0.9737044152139253,0.018484660479063962,6.920446802350769,364.5438667555803
0.9176271417367631,0.03240916170181415,8.976412389116518,254.15651658815912
1.2825784421134365,0.03839863273470006,6.430926409595489,214.8036788901454
0.8895046054230785,0.05735219510069618,12.210295314150695,189.37573176481678
27.885139782102794,0.01237035743055165,0.1979557755891221,446.22999003603405
0.9112759992493015,0.035935345223363474,9.261590396807907,234.86250072259375
1.0403738055200926,0.03076777046631574,7.400572124172205,250.24112137992384
0.9602094741770293,0.031203870592496796,8.140895563650163,250.51267359063723
0.9244696349171709,0.05825820434265845,10.897535207307085,172.92741010933256
2.247737452585394,0.013170823152570782,2.5998679584667235,443.6944080356693
0.96145236159303,0.028663292669622118,8.059493954775563,270.3394751390881
0.9030504004217583,0.04002034463806867,10.553159687135638,238.12976043482928
0.8804218341356803,0.03285010621744287,9.832550541453347,263.5240240818922
1.037487511696682,0.0342561504469857,7.649299968999857,231.66798042123517
0.9119209069957975,0.034245885123971156,9.28650170856103,247.28679168993787
0.9219797623728139,0.02619067349353024,8.309109559755823,292.5022473868711
0.9018727581624727,0.04227211733875251,10.402462590121624,221.93583426762396
0.9680734256574789,0.03885712725144105,9.370400737594533,233.45101873145015
1.060539182874811,0.02289981600390856,6.4366360866931105,298.09430672625984
1.238213219201632,0.021230699280552136,5.533203928972978,322.7065749863785
0.9926921179185716,0.04159801513943809,9.18231968109383,219.1262333329096
1.0330370206518853,0.0248270735593519,7.306903134263337,304.03508597041287
1.0809429816351261,0.022554282188917415,6.561004081196224,314.4445588932702
0.9927039879385979,0.028976651766735504,7.867977585554222,269.5471094820391
1.064159028277301,0.017798890837745152,6.308640963558391,377.1806512400161
0.8757414268019936,0.05134917120670058,11.451905101212446,195.30807367009928
0.9139989786773294,0.03653293283792185,9.561687255720646,239.21901986169254
1.0490160031012628,0.017058481800840464,6.1397000672823685,377.5625345805262
1.1220671943748937,0.036425804266948095,7.535203826454771,232.11580874454262
0.9301156436179584,0.03774159327755592,9.667564532922952,238.25048777432224
1.2189680039129915,0.011973331769077125,4.78857976723189,487.510547023847
1.0877875560345946,0.02887828358375744,6.8829058550473015,259.26538593482195
0.9010500313876262,0.0332781161288726,9.154831417735494,247.8794503977967
1.0569576358725103,0.02798501201641471,7.30849388128442,276.03234224162907
0.953399968718311,0.028487858551067412,8.440703809499484,282.4840882129348
1.0093182649271846,0.035203850015830464,8.362004908666444,239.74435415253024
1.1068984043597285,0.027438118541793986,6.6086356734095,266.60312990299786
0.894520322468439,0.041636874100210476,10.232477266730125,219.8329980837859
0.8612232681448441,0.06367497578245723,13.596729025325835,183.89986432467694
0.845757689133725,0.05399382644473279,12.522046435140641,196.1449623699134
0.9351191231225081,0.04220361461269442,10.049082226503282,222.66076131325445
0.9837459781846773,0.03536197474372311,8.22820528033168,228.90304941584225
0.8816754462306875,0.04792330787101423,10.445961319228944,192.18096614341167
0.9260392987185252,0.04018987120315117,10.289317351388146,237.08242746557355
0.8882544943484321,0.03708576522082994,9.809934398354393,234.96126523789087
0.9124237077062074,0.03932578001851276,10.079692690086032,233.8656874065296
0.916515415459129,0.033741126562425006,8.893921551821641,241.58696038342543
0.9757602805220845,0.03522927147102811,8.539065619051417,236.5101722496375
0.9802886926909565,0.030978452344931507,8.552327271703529,270.63165155231394
1.0678921319268422,0.02265544556586697,6.506445259992723,306.68925401437076
0.9298794289844825,0.02800876412757153,8.686620714650196,288.3922287021685
0.9624120673546681,0.023759368287898663,7.768806235448785,314.68820127445264
1.3162138426866699,0.013223526158496908,4.619720421105354,459.82742384443713
0.9630322766354309,0.029252685205021153,7.942195893664478,261.46628726061056
0.9505435913485646,0.03013579758683046,8.159936963547793,257.38080315147215
2.0504933917775174,0.013994006177725166,2.879321237211634,421.89699609428544
0.9957700340024497,0.024809898174704505,7.4386609277755795,298.55808326275024
0.9844443327536411,0.028581316618982826,7.358072057317576,253.4387212941838
0.9304676902243278,0.01624763992242497,7.32394063978911,419.4264621189095
1.0387811179225823,0.015416087938082738,6.232527314047517,419.96592889016
0.9427612080151653,0.037440753198389264,8.906039011493416,224.25478602462883
0.953423950060941,0.03248404677782978,8.120171529832984,238.33132823923944
0.9322553214233524,0.030930617945301508,8.965403025446497,270.21913024686734
1.083411569478868,0.006917285293112714,4.939361318943526,773.6215830374915
0.964605253860849,0.043777509319315774,9.602388331997165,211.58157187735935
0.9226931613459322,0.03340522271812056,8.748451051471536,241.64293187555103
0.9632387333700181,0.021941148627781026,7.489538079928229,328.7983366787931
0.912149576678874,0.04274738658308814,9.89423936054566,211.12463160149508
0.9234111692119032,0.027065896595127356,8.570824000548399,292.41206119440574
1.4382317905869582,0.015824481165463315,4.431392434507375,402.75377178146107
0.8745219671820457,0.039326480800749096,10.741916007268568,238.87317976852572
1.0690212174154323,0.024661671455428066,6.621718255883313,287.0347747548283
1.0458806582194924,0.022808581025810112,6.841836313471034,313.7303569593257
1.1310000033103147,0.0223773170788798,6.136616614694465,310.1584245809423
0.8387390509748013,0.032350652574428346,9.829771937298421,254.85153868288228
0.9052234906485225,0.039761763489009096,10.2357490749257,233.02891255232743
1.0700816152146042,0.018225568300528558,6.2990137432870865,369.83531539481027
1.0081590405778578,0.03737763821892704,8.263503550995559,222.8852920826026
1.7341215568187807,0.020401926887448022,3.815963321756434,324.3489839363582
0.9615331347505723,0.036794826450349725,8.985592267859417,234.81411748371622
0.9707803959117443,0.035556797301017684,8.876086215439615,242.3370816393698
1.0754549117247374,0.03935286163652768,7.71810171937963,210.92418843547054
0.8626262698709141,0.03120330329662176,9.10588022290589,251.73525430645856
0.911206974491885,0.02975949601107644,8.791333703374937,269.18213207035615
1.0866655242430998,0.018989515622973675,6.063718414630988,346.99325041897384
2.015922555731697,0.02071712059941883,3.190474774630718,310.4557909389925
0.9382824785217765,0.021043080117181492,7.216871895618747,321.79055593037765
1.058565855995343,0.028693030612105465,7.062684928450946,260.5621280645363
1.0849053514882105,0.01654419384814659,6.023903638097267,395.0247049694216
1.0708387627803297,0.02633375834848379,6.723820695026199,273.41816306418684
0.9220277194957025,0.030543506764854025,8.565462787275827,258.56867651048117
0.9710254483087821,0.03257007642118426,8.349027332097627,248.9130790868926
1.0182021059521367,0.0250267475845799,7.181432862850661,292.1734052735549
1.3729350725243377,0.012985516444828916,4.327670047070681,457.5566951980915
0.8854376444549847,0.03420230068825844,9.702564642206744,251.18240027978683
0.9683411107259586,0.031850267201494774,8.03326611131661,244.23474314289123
1.0094706805821716,0.02311741238391503,7.191130004053308,314.0158932492593
0.9359696541649694,0.027941624803481453,8.30037117030918,278.0402209375877
1.0361911213861403,0.03081899463834395,7.243189608566092,243.52931855780466
1.0749885107647141,0.02450656049839926,6.603967361154989,289.6852473104291
0.7723560571768883,0.03272494281056378,11.748388077653212,277.2789778844497
1.2549372283449842,0.013487711951919017,4.737824051123405,440.8213790669712
0.9026884869468094,0.04482126004652681,10.419714581993135,209.85033398599955
1.0325018621381323,0.02317795731463784,6.781844578534112,302.10889859761915
1.1129778985898355,0.026763749833572593,6.769438521702271,281.50896295803403
1.0622128883063404,0.026418445471548833,7.007326352025834,281.74528178451965
1.0513900622819479,0.027415519367576656,6.983255067297545,267.8090785622672
0.95324057152457,0.025347061007345215,7.451559165027939,280.23479783956
1.0303852254951134,0.024684288100299216,7.247349066110317,302.5228587262907
0.9153683068728601,0.02771025932821146,8.023686503747072,265.0508695288934
1.1407266713590363,0.024701279321545137,6.451762614432414,297.9480372557396
0.9534730896755496,0.02870463486103088,8.008035436192513,266.00046739990296
0.9754340484160396,0.031947160943605314,8.143140746316721,248.63232006821738
0.9758575767847075,0.04080134101339503,8.94458633079639,213.93028085147938
0.8971748548989923,0.03767362438716402,9.674778511169155,230.3990695913896
1.0764295452562065,0.023180397910888762,6.465814679129101,300.253428846295
1.6434531749697379,0.015561330299052286,3.580733169832671,378.1660811504881
0.8699159459969393,0.0443438276776933,10.68106048624997,209.53592244407733
1.0031850403304212,0.023439190918419988,7.105407364492416,304.10769716077255
0.9345254401313888,0.03041201183203128,8.595245845154109,264.1218197219026
0.9066136878802082,0.0392544398123053,9.635714311567304,222.54477529524328
0.9902316970041788,0.038425185003233726,8.349517624967566,215.17025893934232
0.9653380824738845,0.03117569479020477,8.441105281946447,261.3741391064228
0.9885115044845241,0.02682452001425582,8.186006741399483,301.6628754348934
0.9679837544335174,0.03155037687312072,8.092621481411513,248.28629326009116
0.8815278572373856,0.042739592628896254,10.959652719415368,226.0489298927044
1.0596998234336983,0.02275298187686977,6.850248987238717,319.0442325993898
0.97918360044133,0.02869965357382752,8.409363559022532,286.9132502230979
0.9387047007239523,0.033603831790156795,9.193354771526266,256.8113479839085
1.120024066506835,0.014025635884290708,5.448055127840861,435.057127475566
1.0494453793953644,0.013446388150412615,6.006221743359184,468.7654101372082
1.016317262769153,0.026552580715027738,7.613644836872494,291.4171983263158
0.9177245086926216,0.03874611442112117,9.542810774700518,226.0270858278561
1.2658905591451237,0.019481167471091583,5.210091708932154,338.552908412934
1.0506500374479337,0.02504363120830866,6.908338314864709,289.8240214784649
0.9232537478507798,0.05006936572708352,10.835974247472317,199.80987756315426
1.2884131374677965,0.015400366083289058,4.898430543217533,409.808587063607
0.8338812878803316,0.03557757630477518,10.636919374881135,249.31231828219344
1.1155820344972784,0.015711847336966466,5.607731168984689,398.163501225667
0.922455855912517,0.04393780308066257,10.684723355714546,224.32131188238492
0.9356790221912794,0.03045625007337172,8.907156795702006,273.6462874132227
1.0590392981369492,0.016800803546572665,6.072448642494323,382.77703387774943
0.9469019343674188,0.03835334512778084,9.209875559708676,227.38170435241918
1.1198832545851822,0.01791858739381831,5.855131348922708,365.9364104403339
1.1812097783579232,0.019291450142311043,5.886546793467249,360.43151665176066
1.2169746240273267,0.027291207128675,6.194008969593234,276.2044090410517
1.2421688440641145,0.022383803447797154,5.478219730895729,304.00882881794854
1.0764048036619174,0.04032149623404551,7.629167458736394,203.66487525309546
1.0366442951393495,0.02518498225424321,7.1652696074618225,294.9311532851769
0.9505147000986939,0.04549321308735207,9.759853646400378,203.9179853905404
0.9091679751722165,0.03862267140708483,9.431585041354664,222.01714077033088
1.1088055474317697,0.04093336470889782,7.833968794110246,212.2070374397693
0.9990656379146883,0.027307522601078372,7.5213067738484485,275.1724958627418
0.9018547381298455,0.059489484310251896,11.765544028674597,178.3644916738154
1.021078905978772,0.02043646613479225,6.50261944332259,324.89411346320406
1.1217703164293458,0.024444345602640194,6.366150873842272,292.1476891332969
0.9326542705874732,0.04061184339248036,9.674646197693914,222.17903298555498
0.9185695786702941,0.034425882259822675,8.742542574857188,233.27313992664077
0.9623138038306687,0.023077098188953097,7.801416428041154,325.31866254003785
1.0402923164896318,0.025552985584362347,7.006188922840756,285.23025148052915
1.0349011341949477,0.013933059166176398,6.021376214208574,447.24772924430425
1.0177995966923088,0.01817060615218256,6.602654876390123,369.8379357301286
1.098228376726514,0.02882259506085157,6.852479687342484,261.10028009945614
0.9500817196532982,0.03018108128268109,8.44167215318927,265.73860362828435
0.9924397559863087,0.02484959802824116,7.2487082739421025,289.4978929812579
0.9692062579619648,0.023920919725388276,7.6043996612728,308.10820923106513
0.8763846254917786,0.059595626024949055,12.512922504450623,184.00902271384408
1.0340853210097272,0.0200663062007933,6.319220197255717,325.6510082534268
0.9959793549582967,0.03332230753521855,8.07245339695999,241.2797168604725
0.9573458229769645,0.022169894167798226,7.860176877298673,339.4200912457189
0.9607016553349504,0.03150965750689208,8.499661346973255,259.1471749268502
1.1363973392835192,0.01094689518778015,5.185887404015859,538.3470423948206
0.9258436984896654,0.034953452424121685,8.932113984931508,236.59297933709203
1.0981580520459482,0.03774778231652252,7.204566634189866,209.595170240614
1.1273242386276572,0.024403917379501112,6.40984315370291,296.0988369449461
1.0754937307764838,0.016550022882387386,5.98117955595751,388.6835178896646
0.9809544710741067,0.023706080054287364,7.7537635311139645,320.84971391640926
1.5076736706119196,0.02844096847578256,4.961166945318545,262.99458773128595
1.037100313988214,0.026100527312841546,7.422009165607376,294.9123572797581
0.8858817657563296,0.02582682099040197,8.651647490998133,296.7588135944043
0.9175174485035045,0.028679617775980652,8.892597354855873,284.4917006679803
1.0565130744424862,0.020124914992922165,6.407372622968537,336.37274748101527
1.2140191868875188,0.008574081784722083,4.559170624673161,645.5409166389912
0.926198380548255,0.030198586471953795,8.451002805142151,259.1944202223121
1.156542317674965,0.027234397666339758,6.403404199195912,271.9284643001604
0.8367168342607288,0.044560536216998126,11.724423820268369,220.15046530530492
0.9848328316943114,0.028305727207998427,8.035961445555701,279.5928402636704
1.4743742849365862,0.01120085820806223,3.9030459218101954,513.75978814744
1.374454057327893,0.014788895650082847,4.494319278544154,417.69416144926123
1.0057903333292812,0.030368814843151785,7.891024637493417,261.34428825904007
1.2217755642003298,0.035314386235157806,6.350182285521233,219.69792970502053
1.3391669277651848,0.017581363324671737,4.789087240410261,364.7832723836506
0.8274759006832381,0.038569906128488936,11.187690548708257,240.01988188713287
1.0518634387466912,0.021121636630344613,6.810935684035238,339.1865107365482
0.8807593165891489,0.04397132880272492,10.830902423599948,216.94632562622226
1.0865126651119343,0.0095654236687056,5.311219811955877,603.288238216048
0.8724665622566825,0.03830872882813341,10.454021311922816,238.08631387093203
0.9849687307180364,0.03818259557288172,8.691372362226701,224.20503046944012
0.8930401977444775,0.0619925650193405,11.774799642906773,169.62307331891287
0.9006840156898929,0.040108669943522454,9.78860611200519,219.8138475641803
1.2220143472868574,0.020766576611157193,5.66420451655756,333.3115185428077
0.9267158085844374,0.03762999501495905,8.64003400892456,212.77855868954
1.1702095553089331,0.026000851887031412,6.1951972226674785,278.8246715333512
1.0770696741583659,0.026520294666902124,6.5889925887924985,267.5989912547835
0.8592264386642591,0.03806924868751712,10.26085102230702,231.5883497972019
1.155886273191395,0.024610928431834152,6.269346190261644,294.44850986745723
0.979450540443289,0.03684229380960788,8.671469834057286,230.53059234846492
1.0148856793640542,0.02769287058735114,7.492108238535225,274.57006797294054
1.0563602726191943,0.03816080887713655,8.024726590599066,222.13895927186675
0.927563140602018,0.04431547812765006,10.399034553515298,217.6612226072138
1.0067237533652715,0.033741028537098657,8.351815900409855,249.19132033665483
0.8718334120906641,0.02644952820243677,9.124270711406432,300.75561296520624
1.2131994325552933,0.01934657662350096,5.62419920636906,352.6864425955548
1.0901852659062408,0.024021815641460675,6.813195124937655,309.20414384212694
1.4204045518143584,0.0262616711131959,4.999338584881125,270.39723601055107
1.0052358803511365,0.05106255496297689,9.348523663825967,184.03840978978045
1.0980249998762797,0.02483460104639724,6.570600565549734,290.50934507447886
0.9082346818046245,0.04768538889374609,10.701689982201138,203.82859868069386
0.984671083651993,0.03732719863852271,8.595241272474533,226.73776352676194
1.021670962705008,0.020754145541513332,6.857705509697868,337.5864631972499
1.1225977793159156,0.024711320627083637,6.558649309687044,297.9494807856195
1.1383145107471213,0.029849351843229656,6.691200982603777,255.17107416022074
1.1538906417655395,0.02135025417708221,5.979076947829249,323.14373774069514
1.178471727075594,0.022010846975358787,5.727321055532921,306.64362636232795
0.9488877714346623,0.04286867276754672,9.34630555731012,206.87822782648118
0.8640351755598886,0.03436954989674218,10.190526239355691,256.18529060527356
1.102686111460144,0.01563103031517287,5.618233999230264,396.3365483253417
0.8930217708434295,0.06274607689302852,12.392669767757228,176.37634812368637
0.9898505952357295,0.031224765114823368,8.517635529908244,270.0160135160833
1.0858850612715536,0.02276412568440462,6.499639273906619,310.0431481110793
0.8653572368927854,0.07081719557197079,13.96234655709721,170.61417837296167
0.9543907906187977,0.022265472819952604,7.376336258420481,316.18045798854104
0.9527241691209359,0.02619821008103043,7.789454728373236,283.271328882429
0.9960928349805518,0.04375616965483319,8.639883931367594,196.6837259062563
1.257617199583941,0.015480179802823936,4.661844484732379,378.73047215610916
0.9252898163230374,0.03162196693889406,8.694150386846482,254.39938097700755
0.972376089232506,0.03696664398735103,8.839767998457903,232.52256923848225
1.2358346409331853,0.013370338303508209,4.834669057548162,446.8736215296877
1.0556258549471138,0.01671861521328591,6.2647851157785475,395.5632125948007
0.8694431724287193,0.049574676844342885,11.17899687674907,196.05780869957556
1.0509757144714722,0.02545055505354027,7.002478768068883,289.1659970032278
1.5059858644716944,0.01519648272404379,4.100222812320856,406.3359731768543
1.036445378676044,0.021447545182690552,6.752814602494683,326.3274854159193
1.0882888365749481,0.018797196144098985,6.344025719433056,367.2958624507819
0.9845119899171957,0.02581556446304119,7.547085606334835,287.81847009410006
0.8772800248825614,0.045496504632355945,10.27378059795469,198.10274594593506
1.0194444345042926,0.030758504394311874,7.804907269280932,258.6819298977995
0.8851929992943567,0.05867238846570735,11.739621343130413,177.11620234072177
0.9532694453635662,0.0251202142039416,7.807799100696184,296.29270904317906
0.8894405808332421,0.02820699805242367,8.796940828746035,277.3906016419649
1.050954708866028,0.033945344409668766,7.66809872083766,237.4058828644108
0.942270646555862,0.04006108858131701,9.009544016802828,211.91208642906048
0.8543929564808822,0.03038321627125066,9.363848541460072,263.3166340242737
1.1363663333788985,0.0232319608505445,6.414452838696899,313.75604925621343
1.408587111396518,0.019231975476384916,4.660203382977843,341.3223165664597
1.0330349899543247,0.019320321386740523,6.745094998750523,360.65234137654016
0.8956113132040436,0.04220810277983365,10.699929150641376,227.04118324822554
0.9578417374499756,0.03321028640256919,8.841727262497422,255.01061028230626
0.9530985785813015,0.03181869987818575,8.279540733925556,248.00568643662564
1.0771851053248662,0.015194654718635126,6.202830895941489,439.7333914907971
0.9103134250695182,0.016250692590758065,7.474710502975163,418.7101122838366
1.038345030977362,0.021996836064268204,7.150764983766704,337.5467847688435
1.0549043094880728,0.027199215016910562,7.030291014727883,272.66537963616946
0.9516748659092455,0.03529799766879029,8.994456013278661,242.5009429906547
0.9377440169361501,0.03417702293285813,9.019451067911493,247.47434238489006
1.0460295273478724,0.02560157865133386,7.118186920831528,290.8349442733789
0.9610746116278225,0.02760261314727746,7.8426414564626015,273.0670299833366
1.0504660927980791,0.03232587991782601,7.2942481045549,237.03485646081964
1.8313112475512512,0.018229632289537147,3.5090940738362075,352.5163505256227
1.0823007921775532,0.018920977835849888,5.885971510474795,336.68405955485525
0.9883347426378554,0.03117642535201872,7.863993095395423,249.29919015042697
1.0840302195098894,0.02408894085549176,6.516730278366107,293.2604051179543
0.886277055889589,0.04079030117180589,10.379452405718153,225.5210247440968
0.9579031118113964,0.029636535173740288,8.227431673556891,265.92455413947624
0.9925899000762372,0.016707301854211955,6.659232066489145,395.6286029389338
0.9081263726028246,0.03906953532391952,10.27133798950756,238.74542742458502
0.9218738376308314,0.030470234257779873,8.787679776239338,265.8703576302229
0.8469942955004558,0.0582141162437864,12.320777455357561,179.26284712657377
1.1392271590721639,0.015867561588333093,5.609942837883146,402.77135249677843
0.9336790250612694,0.03371323402489906,8.866063723712506,245.54327026511857
0.9670407897630072,0.02948731722592441,8.11190362860664,266.0310407822544
1.00182052866262,0.030762252312474002,7.842069233059983,255.38916543140422
0.8590371144012253,0.05405413574120302,12.41201875670622,197.253820275723
1.003597153358561,0.030579985078337278,7.92940994485271,260.233392138069
1.0259619594987037,0.01808999161602974,6.675168784637363,378.5778010091849
0.9317391069352261,0.04454815663291447,9.958624731630122,208.28785779424194
0.937889126829296,0.03924801158083066,9.44834328256961,225.78209887200373
0.9913187421590697,0.025944902970364295,7.847259598418012,299.83290064276554
1.4041356060060595,0.026484655607086263,5.127649135344039,271.8523069681273
0.9547951249687815,0.03217361207632619,8.359820555210174,248.08889635372012
1.2623878325640694,0.021753723331363266,5.299446297971384,307.531562481563
0.9699262552365665,0.03547557826410423,8.646392134118246,236.39819713489803
0.8587118404529037,0.06084214834212832,13.337529562007818,188.24277033880466
1.457760446960992,0.014876761586664294,4.225186563402293,414.02221963953383
0.8640805349118148,0.028062553767705743,8.854994636788392,272.65617255413844
1.3334316459958988,0.01345005312395917,4.347455190761408,431.0045676015871
1.2144791136562385,0.023158954660117234,5.880707653737351,308.3902846134007
1.2311959674674293,0.01913512256263241,5.457086386531802,351.1209678029397
0.9766790632318499,0.0215594449547145,7.013116425156717,317.7059518389938
1.0677730875543023,0.03427357081972605,7.323200510915211,228.15003611525302
1.0375359363824581,0.024757113583760954,7.330382806356545,307.2060708249827
1.00104781346318,0.030926675857541712,7.921798373129441,256.4161430295971
0.9046363193586324,0.039592507891228555,10.062205845652295,229.90806457239944
0.8947943947430499,0.03634432054014821,9.826223254709545,241.92086574008778
0.8923313374039945,0.0293892736436479,8.938465877670838,271.39402312809153
1.1706080344544851,0.017259706752127638,5.499858429530683,373.01783619105794
1.541942034641936,0.01453039925734298,3.9679817166935214,421.07568369592184
1.0939960756002818,0.02435219517333546,6.836950139300408,307.14260329431255
1.0830604599324543,0.011485969558020481,5.563171993665109,524.5749248860701
2.718754203036655,0.018038284804439544,2.2466934617353735,338.62461748717266
1.082902075125103,0.02082642866681112,6.364784618256476,330.946730286889
0.8088562973045886,0.07021768280782145,15.129135540122038,174.27656489170377
2.2028449163009465,0.009023029750721046,2.3599732959477184,576.154054813904
1.8248874779222883,0.01541195856024553,3.2618711459561487,386.22916001122246
1.111365730060043,0.024707928741481134,6.636327467671404,298.5028408570691
1.0284010888324546,0.030151140304853722,7.644383974750439,260.7361686357573
0.9722196752682261,0.025696978356215226,7.6337814036500475,288.81654389260956
1.0169625357932273,0.03404124530585405,7.804279172559797,233.14833126859253
1.0771947335775225,0.019195355757243075,6.3725437449360385,357.61101009796494
0.9496124849048599,0.03667270102218033,8.971683955318623,232.3151242510977
0.8843081290280705,0.034561087845835586,9.79818478189705,250.70433231154004
1.8661302915554372,0.01833080883989184,3.2966453911368916,335.6082035796013
0.8771541141837446,0.06652200265868201,14.088488375986216,185.769746064813
0.8797549522357544,0.046902871835158184,10.871706755760451,203.9200902505442
0.961700167325787,0.04025362188081315,9.09934951180557,217.39275968680764
1.5606337366651193,0.017115081079952185,4.023546942431498,366.8859685841422
0.8445541351524315,0.061698564714804026,13.38364885121767,183.2006308894227
0.949763656818693,0.030662003927662173,8.330270839675288,258.0323358396804
1.0452679352360026,0.01862048100776446,6.319951249708746,354.7729186383872
0.9057591670293439,0.0407360354580818,10.054683170271616,223.56425583978572
1.106719212879431,0.026077871438715528,6.621933317396873,281.0283364572994
0.8858180681553632,0.029451415168550137,8.688415485128578,261.3237895809617
1.0476666739056786,0.03457233619826464,8.022478486125596,243.11007806469698
0.9345405993909384,0.035336125768666876,8.860113357897825,234.3249427616546
1.471926466537217,0.013001140004469768,4.076490243228495,461.5205956959058
0.9168421885078619,0.041947679008960084,9.867552487593676,215.6731583649511
1.0178779166680694,0.024983318855481867,7.213841681221151,293.90851488266145
0.9079637546900027,0.04949281451740213,10.65288092835117,195.43099054450286
0.9546017582844876,0.030857515890443967,8.857901111966223,274.0262050326507
0.9580362979794886,0.036040726250397996,8.310094889047365,220.89933726774692
1.2441742683295565,0.017776368471455157,5.172928903091798,362.05510948199907
0.9187369891604725,0.03126104479817238,9.183407595125466,269.8929705853033
0.9079560424886047,0.026242493680053124,8.42136827108862,291.3683547371344
0.9093056940743378,0.039158573025444614,10.015508484415024,232.5712657611588
0.9488204212314872,0.033675376424243175,9.01885159535845,254.1106136996832
1.1034211207317475,0.025182454619280113,6.282941717582013,275.30003315081046
0.9058847267648236,0.04692383863030845,10.251437215394313,197.90836964510245
1.054434206875221,0.02418504857785358,7.1339277243855115,311.02924593071816
1.3075484451566695,0.022468670518672545,5.339588754382186,310.73360427650925
0.8843565866815251,0.05427175089236501,12.268118264258936,199.90862676795652
1.0241621979947528,0.02748522102793351,7.386868834144894,275.2516275487844
1.628546668103055,0.021196970139530494,4.127891612033671,317.1426900550837
0.9575120527347696,0.027896682548458295,8.023377267493627,275.39046708935217
0.9104101994586195,0.030874128127630907,8.913246928404211,262.8320670422469
0.9913025363876623,0.03910608929491908,8.480014659886562,214.96038577404633
1.0040768784095566,0.024865328857555713,7.492228141553262,302.5406616497301
0.9043749305662097,0.04159944196931464,10.492260513653992,228.10251590677154
1.2694373477149272,0.022893683468953027,5.382539762313308,298.4577387517107
1.1376768391588064,0.031651251178404186,6.721815783613001,241.60985267231314
1.2628969488108426,0.029609785140483926,5.983214546839974,255.19210488811257
0.8799220363858848,0.04141641370807489,10.620397789256508,225.6381278161883
2.10223951212229,0.008485277378289678,2.6210547724952513,649.3700394844191
1.060289090645868,0.02350936899208545,6.70302993751521,302.3113686893378
1.2081864578603438,0.014249695537338018,4.996987399320544,423.6787017756651
1.1239300763720648,0.038401677898753074,7.001067199553178,204.90536931812719
0.9894894512408414,0.025333001080970346,7.844075300348806,306.3841405771842
0.8849103979308298,0.042726857711552456,10.380365563643021,214.9864023140463
0.9364121555410329,0.04396409651259924,10.434432271842587,222.2479247975192
0.9901576952325915,0.025281829563756613,7.744360684010811,303.3063056845731
1.1589967277607252,0.022262645012461182,5.990175766397864,311.84947287623305
0.8856709111012745,0.030093236875629613,9.259226752270635,272.50733537467806
0.9237326694810533,0.027536775826586403,8.960823295311252,300.59456762306
1.1813664642888497,0.01911652083619486,5.64013435458288,348.5501173399674
0.9142666814031041,0.04007350864876886,9.927842392539345,226.5011431186187
0.8761315219689424,0.048905691421554084,11.557764354585983,207.0540540416314
1.2266919014055064,0.03230353408800637,6.303819887483952,239.38076814841693
1.0889909444486365,0.02075450949080176,6.562783908971385,344.3498508317181
0.927897072175376,0.05623595743418524,11.530849803227683,190.25979569443413
1.3917315354382322,0.02583155070783194,5.100708306193189,274.811864107271
2.09600103713257,0.01226230903539939,2.714115278390566,463.9247324448706
0.9553097432131035,0.01666579759178684,6.668173229825989,382.2301825521314
1.0741090483382705,0.02764250810458259,7.135463328913377,277.26375973825577
1.0766672820896668,0.018121144332545996,6.189542893804267,367.75151737414353
1.8371967072320146,0.012145225389918362,3.1086626917835374,470.24445227509403
0.8853724463220923,0.038050936827025726,10.279556333425479,239.18559428388397
1.121485917327564,0.021294544084650664,6.174131285945078,325.1631620472197
1.6881222578613118,0.016505375332358747,3.6470976492377223,373.0146448836931
0.8955786492969705,0.03962286576281843,10.446844634166698,236.12555091009685
0.8508995267003558,0.04476741314756327,11.977950378824596,227.66632225514147
1.1220703810145236,0.015695117249448713,5.559393108373941,397.45038180850634
0.9127624557598457,0.04500787075849522,10.501467656053684,212.970425956285
0.9807491205308065,0.023958442885935995,7.567247434215343,309.7685146434239
1.2772919342272802,0.017392120293751725,5.109848213100199,375.27154811960247
0.831432121785848,0.04201773544728035,10.921158531690018,216.10403115978437
0.945030087470903,0.013174635916785369,6.566614032509875,471.0299299902516
1.0117852143940866,0.027413473804119848,7.329214076584261,270.50896536514495
1.1688114889009207,0.020021790167223122,5.8182716848609735,339.6530846649862
0.9503582024918668,0.03204991237605682,8.412006205949854,249.43653522152016
1.2199752524304406,0.012596920491447325,5.0076479362560224,484.9761939249009
0.9806270709074938,0.03290703201770636,8.137021830652701,242.48263652005463
1.0827048821346383,0.025522389982299443,6.308287832351906,267.6087168456703
0.9268172417189522,0.017922117525501585,7.356113481409436,380.4111203327624
0.9864717917240751,0.023927553636256055,7.766923251249261,320.21036551909225
0.8864848164839553,0.039823542794434307,10.685543319026868,237.86361643150352
1.0315509759693484,0.021856087368043304,6.576748687912013,310.4055823660508
1.1456888151490423,0.0268045075282181,6.388647506771873,273.06608728897345
0.9613070681528809,0.03737698809081444,8.678206279822854,223.19671706593755
0.9364039247859888,0.03306785134510372,8.641254897907041,244.7000537479561
1.0143300620963884,0.03348580343224366,7.981429743785928,241.76825095487624
0.8855767046227409,0.05293306512586097,11.308247309220665,189.18837145264837
0.9386346963188185,0.034839937244733894,8.675225439889259,233.72222340895712
1.1002490796928908,0.02336153100907068,6.697604377706181,315.4345085455699
0.9049140102921909,0.04266477620484621,10.639171619898356,225.65536053733038
0.9449951138154674,0.04250497329356552,9.842235023443244,218.8182531474572
0.9277455684804033,0.03710760228827431,9.251530296686045,231.30209728276748
1.0035805125948563,0.028197925467416327,7.574822819927514,269.5923349830248
1.3510709470448206,0.017450482432219156,4.903362175207556,379.63364070267465
0.9997548557341722,0.023664710140061964,7.185112388361791,303.546967477948
0.9174167427255895,0.026587299809540648,7.926783891329521,273.5202261970071
1.0018615377693858,0.016516336092152063,6.741431212919615,408.9272950162001
1.1039934736324524,0.013307957634704855,5.556213176784203,460.9289609762449
0.8151832979329636,0.05010032867323527,12.130277483019501,197.37195074994412
0.891745066686609,0.04690283557915043,10.527482067838264,200.15485381015333
1.0665520774067325,0.021341726978998752,6.590803195078466,329.3751647374722
0.8880338757785537,0.05512741346696443,11.779444042158332,189.75215214011496
0.9161364994527209,0.03974043477639595,9.866518393311646,227.452912216331
1.0569933629801376,0.02946952320799006,7.557992737973541,271.08508356606615
0.8779896878945888,0.039650507257158754,10.691616437319672,236.74675630274922
0.8835243599377935,0.04443402272083094,10.619777763619258,211.16324331545584
0.9835226833369478,0.0335852026807265,8.528477613442298,249.75139399606607
0.9165294291935319,0.040782401008320195,10.01362991509756,225.04281953304422
1.0263854541275699,0.025667311150753297,7.448878179221776,297.8660354338326
1.0762779710705532,0.033609219401928944,7.49113073646448,239.8906946825285
0.8880297746356313,0.027679472829965843,9.388409907093004,301.204708095339
0.8578636749589829,0.047224903228332935,11.392139607649646,206.94383855509489
0.9645607677896694,0.03644010207379281,8.873232635857109,234.8723411006587
0.9743492343993988,0.02932960457333228,8.540360896548975,283.716545862099
0.9366101375360721,0.03715214967524055,9.4364215672319,237.89331651577442
0.955369079192876,0.02281897502905662,7.332527317226126,306.9931871302172
0.8963215327887712,0.034257026936798704,9.614588626585755,251.5619008857327
0.9911810618563236,0.02376506345333452,7.3791040449497975,307.76388193465516
0.9929701498196863,0.014238105024705664,6.427353848077444,448.24578147129745
1.3659655711787353,0.0279219770192371,5.485577154929794,268.3588460271367
0.9228074483674807,0.032526746689283265,9.176269127450567,260.337425686225
1.0064079346653434,0.024237642569811556,6.965444287079407,289.222781415107
0.9009855184222314,0.0307810826261105,8.908923566598736,260.77091620640846
0.8615760311811316,0.053396011443363776,11.682042367964494,188.4966203918885
0.9444736099707792,0.039380124506599584,9.199253228659156,220.6303818173808
0.9114807839178909,0.040939127594585366,9.781741329948117,217.78356744178305
1.0766136115723837,0.027730675650202836,7.357255056897285,285.6375025975046
1.0519864270618793,0.015082367733440169,5.742775570166258,400.5552748911441
1.092684706908743,0.023698445641532985,6.448122975777033,297.3091767482979
1.0322404029465324,0.027503118283242672,7.473214218977818,280.4828738784708
0.9597114871240277,0.04066973072446373,8.96030239033128,211.4423916491078
1.8590795449506647,0.015744719478206926,3.166808755780667,373.92532707816645
0.95167435629379,0.04389773009118368,9.840995777650704,213.3464145533705
0.9049748383528916,0.03883703077499577,9.31673849906276,217.09728444518046
0.8660864735874733,0.04798595440071134,11.129093749288021,200.86622595970223
1.0681715779130283,0.0258369849265185,6.874093626303924,284.1938196896403
0.9209396742935239,0.0359794991629663,9.607106367094888,245.90574117058318
0.9594258199689903,0.049991381561466174,10.476087327100446,201.0552291200834
1.1257927092443127,0.018270440750942994,5.738641756020345,353.6051011554955
1.1707243634555509,0.02720999460702434,6.4102006875385,275.8022641284727
0.9721337868805902,0.027499195304900876,7.844624863347961,277.3181102395743
1.3342712424446774,0.024270839997738224,5.409549202742515,297.3859139807889
0.9315436481862777,0.029121419026642153,8.796859145086161,281.3962552132978
1.0227261284297917,0.02605476358198525,7.30601190639207,286.78246293712823
1.6363755267898406,0.02934650714650245,4.552675190714073,253.85938525211046
1.1997221249744212,0.025003459261368714,5.913062867368413,283.72203518683204
1.1311987559016428,0.023945751151290134,5.969309086055056,281.9905280513218
0.8750318050726389,0.04891271046193089,11.11095728972902,198.77125846222782
0.9892640342520148,0.029424545385332932,7.891912186372423,265.3289892915396
0.8757781857186859,0.06373113508190607,12.011939386198177,165.0652301906693
1.0716284862078302,0.02452518207142102,6.981481752733302,305.0560318117829
0.7975474514969466,0.07549540253956802,15.878135691034656,167.7395739200182
0.9522471870928574,0.0332937691730454,8.307776472579839,237.6137329448165
0.8617197757868674,0.04676076317100434,11.314096041704355,208.4991698838254
1.0566602212756315,0.023234480866257918,6.68615402885776,304.07363247249793
0.9522118078556401,0.03335098922512131,8.494377407565159,242.52493421613954
0.9230229810891284,0.03199220450913964,8.733591725472046,251.9771923737725
1.0600839385859206,0.027992924343926757,7.014891515981644,265.6519103059752
1.0953323654202098,0.018894087169916748,5.910266452123297,342.63132561256447
1.0475765023818313,0.030761396604664495,7.404563177610538,252.16171082721058
0.8637520309203048,0.044267415438614593,11.17157474898665,217.9813364391261
0.9617779271242201,0.02997695473289105,7.720267754534989,247.69637823329748
0.9301671022438879,0.023296519363228105,7.505833757393441,299.68767124324563
0.8662542002469074,0.05491603065380491,11.848553104563003,186.9009608210839
1.1497605720291038,0.015832672029071085,5.658679602320632,410.9304282023526
0.9174031003743014,0.018990611073790915,8.100995334286424,391.34487073188
0.9705747659701415,0.03594637029269628,8.55261023580656,230.92589350358986
1.0576226626129666,0.029773857924151055,7.330832394581962,260.4047650149534
0.8844618652778627,0.0500415988199204,11.688900736263307,206.59585608858995
1.15958681509571,0.021137838890688238,5.816279576540427,319.0714597052708
0.8894706879322127,0.039540348005495045,10.090456737661158,226.9875190463775
1.0194466314945436,0.02613451991786463,7.3920646519814355,288.34719110723535
1.2213197067909813,0.021208836763807144,5.547792119541882,319.47192202161733
1.0249013587715352,0.027354920017396513,6.992552361002005,261.988571398285
0.9853264429792558,0.023309914266739406,7.342697950318737,310.3809979937202
1.221296428906648,0.020668676012488455,5.558407153619451,328.4420735524069
1.012026543861421,0.023710663881068617,7.037708281609583,300.38583586978206
0.9915287745831612,0.021566344205914488,7.06667293779755,324.89556373086185
0.9956732035831992,0.03352423844267243,8.319648167642812,247.09437495283692
1.0688484286981574,0.03258033730726157,7.430841801548505,243.78027485060682
1.4270919170971994,0.01707769255080326,4.350807162526931,363.57380928483457
1.1457430979661012,0.022873465381317962,6.144077703630414,307.7598651952205
0.9849410318188562,0.023884838257939727,7.441821046241913,306.87898409612444
0.6203015038431243,0.03494650958907971,15.056265869818176,267.24913220599746
1.0108897947365525,0.022991528528171726,7.190475930778975,316.150304179071
1.1024606632540321,0.025862786793447893,6.5962203516412945,281.1790361927479
1.0587170810498796,0.0331041663948198,7.530285785196099,240.8289666892732
1.0550528560565073,0.031166691860895428,7.418136873742889,251.1182941773939
0.8736350155739722,0.04786104789978216,11.016236755664096,201.0856550770375
0.9654281619757633,0.037945730744970624,9.146914717806549,232.71890909444315
0.9700400698352701,0.03043025265450074,7.980982427798321,254.4136862587139
0.9194967857272126,0.02934757838527146,8.580836709372589,268.84847770192556
0.8823465972880669,0.04332639503096006,10.446462289594889,212.74330459147623
1.0278910372287546,0.024974022433444293,7.131984407162591,293.5411333642587
0.9196946325837145,0.022352714288383143,8.19937307893867,337.3603453237161
1.0364744494341307,0.021658700966721595,6.977606580398427,333.912497794697
0.8010075769863195,0.05739039554061809,14.43486492573914,201.46988131677531
1.008024382575845,0.026617452086596993,7.634225195553792,289.11426661562666
1.0584271120189974,0.01972278620057089,6.422946566822077,344.68866194863716
2.228380832481646,0.013682321631562909,2.5343850928136185,412.7643915287768
0.9792681219384262,0.02879932869504492,8.244146601460182,280.3270188997847
0.8873469070163271,0.04890118111039748,11.534590362082392,209.30339204665796
0.8906182840405358,0.057410316473821756,11.591888907790517,179.82740458420005
0.8783233815865752,0.04044621379832958,10.006106407053995,217.29097462076237
0.9600964937766,0.036966872578692876,9.098926412082456,236.31556407092089
1.4201829745171173,0.020867847448612347,4.6032988306853015,313.2822703468894
1.1941347805554374,0.015014543634562252,5.284423467989281,420.2800972107842
1.0976314737365254,0.030046683892794582,7.060654884554064,257.9318587744913
0.9969321642885643,0.04579930941676931,8.78243977160292,191.17093250389186
0.9198591207793588,0.022345095857166233,8.179299508423522,336.70937473273653
1.1414597372613953,0.02063887588147899,6.011526741873959,332.4752653547899
1.39912174227383,0.018184821932449798,4.679532780973169,360.0385025414796
0.875823606518206,0.03435571721797671,9.626266520908517,245.40053721352868
0.9479003598811827,0.040166456066558553,9.019699571218682,212.85862151768572
1.1564871848629197,0.015008513841810574,5.44411122090898,419.4982212302858
1.0580930098219392,0.03112743089695529,7.857752613927978,267.10309441311836
1.047559660374532,0.02401542408352661,6.928282093217326,302.2136445022504
1.0238537851038418,0.033255062694610024,7.840646598982652,241.39710009721549
1.2230748721188562,0.019547382231531,5.60138236968396,350.4771096376849
0.9472581750765626,0.05422848029200551,10.460171038217192,182.7173189308619
1.116762575971374,0.018167585320874924,5.859994402135097,360.21421273782477
0.9445052340950002,0.02377195750211364,7.725410928596607,306.94531811044334
1.0463881938287949,0.02858537330143734,7.409816259552797,271.2416651227298
1.3670291726082844,0.00584475504203369,3.7882113941969804,886.0243843636729
0.972590229540543,0.0384369587779664,8.980508543527135,227.23844818718447
0.9019845704842746,0.04799874910039414,10.834712008855517,203.6041197071135
0.9612266517589004,0.03937932839974567,9.169294229438508,223.81717386557327
3.6610126528825866,0.015951526567704453,1.6810818385958461,385.8227521678628
1.2458150339645144,0.020747067006671914,5.2901054763944275,317.6590180978735
1.1151559732646972,0.02015632420787829,5.988520803699598,331.3170931560676
0.7975173213187485,0.06143444509426615,14.279618826936677,185.37228323356672
2.294125821971582,0.010901603732008698,2.4178738842894485,508.81567965386836
0.9919268259751393,0.03343013742498487,8.18313619967668,242.80702809797756
0.9000242288773058,0.028922174210075542,8.981628398670097,279.49776924998514
1.0170885560647527,0.028756639850096306,7.2582902180421405,256.7171949104713
0.9112917300198766,0.04982255312427401,10.173269574342402,186.07670319978513
0.9239441158096259,0.04434765556904721,10.357541152612248,215.7901940794238
0.8756999718604146,0.0403648067208527,10.248174281213597,222.33045711682254
50.07994328591995,0.004543055902150407,0.09999485122774726,1102.2837020339607
0.9590551444602613,0.031115255962989936,8.713083853267472,268.5604741137031
1.1015190152390348,0.0407092322709046,8.253758743970357,223.33194945011854
0.9583078324268957,0.021029683701654183,7.25462717598138,330.58823626211336
0.9472007020229953,0.029254128850285995,8.205665515547523,265.6859883495219
0.9233685000777067,0.044618973420603586,10.08984421995558,208.80454230925852
1.0112879203688228,0.021634189192999365,6.678963666181465,312.2074608822055
0.9284682272979996,0.02944160436938947,8.4514195980939,266.5233345962707
1.0823206746239489,0.016587636987102156,5.866521321792598,382.7825096266222
1.0532455646765275,0.02494394570233095,7.117438240483247,300.53025083146997
1.0371835033795698,0.020236581022757036,6.349738259763062,325.44251256663557
0.9482492709693524,0.0213964985582062,7.866614623665529,348.6323503630802
0.9398917258928643,0.03501795826632869,8.864182752331192,237.91712704533396
0.9455405786588315,0.05006361370792259,10.009991978309586,189.05654039998495
1.3140521411135815,0.0248961125136948,5.227843566580091,275.93300071617944
1.0374976792856831,0.01876309495589714,6.726772217389592,371.9541248940727
0.97592660862351,0.023556107973798982,7.415589732970069,307.22695561976786
0.9569759186628655,0.051013846305912845,10.620572034386802,199.2328047249089
1.1156171184912473,0.014873441416437122,5.362215690566545,402.20547820407603
0.9811847516545216,0.03486610443607889,8.661524884355345,243.74837051802916
1.5680854430799023,0.013712657848992537,3.733671218943285,426.95701680484234
0.7230976195855879,0.06812188518234588,17.271457707638977,183.3324183812146
1.3070943619327158,0.029903925418914554,5.67040036798783,247.85202099956012
0.9092320725412468,0.09125421188311424,13.26078882277598,132.12688221238662
0.8992341012890153,0.04639368682007552,10.719860531420647,207.77965304417984
0.9055928229018771,0.040936736001699975,9.753665467215162,215.76828801712804
0.9765986792851626,0.020897268234575675,7.170391726430912,335.09619589432793
0.970280110753955,0.030502885904851843,8.04770623217338,255.99313188351283
1.0661994252720495,0.02472473953741826,6.691013162719563,288.5350673879834
1.1856090956281162,0.01937919801448442,5.690482042242606,348.1406848079408
1.5300393240911014,0.016140554253262242,4.134220589039895,391.9022839268135
0.8926760760144643,0.05191280265282336,10.686262722134224,183.7575816865594
1.069116274649695,0.027375886915894782,7.195897103389058,281.0228843936027
1.0262363316602825,0.021431518159301468,6.978407090116089,334.1571436872142
0.9728302321976404,0.04417462489780073,10.298811627871068,226.80430972488853
1.2416891976363895,0.026409011832114342,5.863461649375148,275.6860815947264
0.8754040656722711,0.05590295279233721,11.647339526563874,182.38979993945824
0.9175194703593667,0.04607190367198224,10.200033505885482,203.13311571840205
1.0353299449766957,0.02517711723132918,7.254611099763629,298.3231178428714
1.0203578696288196,0.020826036359755412,6.806090157043052,333.4598832527769
0.9808768439229612,0.03841202694258845,9.111272899874356,232.66245802407346
0.9583604806213991,0.027440950249723605,7.632531722754982,266.5620797971898
1.4461514404850127,0.018691744599105574,4.370495884093258,338.1385233948534
1.031961140349084,0.0404232992434061,8.545175823200026,218.14868039083606
1.04295173283624,0.02980872289147572,7.290277601432189,255.07324433027776
0.8953503513036485,0.04168519052517879,10.373989974670211,222.82147331511237
0.9285242335770557,0.0442711214358889,9.923552183170388,208.1324887733826
0.9394626522525218,0.037131978324085976,8.973837487754388,227.04379210682328
1.199083370959729,0.019400046442998847,5.520779600017279,341.2298538853976
1.1049087842416578,0.02516067974446101,6.612296118953638,290.37307974349426
0.9902543762552946,0.025770432294625577,7.387699285751216,283.87965962445054
1.0034242637387234,0.028099012527928888,7.6188818980095485,272.0725844519922
1.049656113178527,0.01806706939890947,6.490031506610972,377.0562394610962
0.9663677048065834,0.022412279871187105,7.448791907804635,321.17535480096376
0.8432663106409717,0.03925252589155763,10.531298740389907,226.2450436846041
1.303003002600298,0.025712805765421145,5.397616301282954,273.5255853297117
0.9577825150481829,0.027945578035953433,7.881654040371738,270.12897782306925
0.8820013093681034,0.030493550161691564,9.408946543188074,272.14617933506037
1.0405771520362663,0.032537454246439196,7.649927007237654,244.65156979353517
0.9218047317013912,0.025930894809495755,8.378814693125692,297.8543967308082
1.2517253958502432,0.026213369978261413,5.722253719870682,273.24568754801965
0.918319977259384,0.039340892575861826,10.259437277014571,239.4822687043649
1.0091582081597439,0.022142446388868302,7.168615707505834,326.71491014693277
0.8942218347800394,0.042627481905420476,10.521855656748311,220.72317317603003
1.651719263257992,0.014578521282215413,3.6423842487929856,412.6753400743137
1.0581735666265772,0.031101131489147196,7.341536261102129,249.78575498578445
0.9796884161396667,0.043346687419484525,8.760604466890426,198.0004292262487
0.9113160414031589,0.038420237353234736,9.836395846221357,233.31624013244692
0.8649220856226838,0.04997449735026268,11.739050660887248,203.17091154877966
0.9533274334854005,0.03149248908958901,8.664015187959192,262.27343730496654
0.8671028758445064,0.040363518326561654,10.84591285063209,232.99560132133536
0.8925698377721963,0.04025739205703177,9.4096962099627,208.6277970444197
1.1569749160634197,0.02261028582851803,6.1556039788814765,314.984049772751
1.1521639674649744,0.031578178528961096,6.607704369330121,241.08923429579164
1.1953382696344228,0.027271189997787472,6.37236896483981,279.31074854165513
0.9202707112083169,0.03185635422542234,8.84293453371069,255.45590041223983
0.9843393564040098,0.03894522588251261,8.611223491412652,217.6484022703877
1.0674805533864993,0.031232098621161948,7.349111426705059,251.1849628754245
1.1716377012528612,0.022065216579405047,5.933771507058971,315.07646359470965
1.1375789194061279,0.011296565992577381,5.247809685998241,528.4612753795673
0.9178128262847843,0.04880606087296406,10.734099219508893,201.85800218382664
1.1285607755310236,0.02636895333117315,6.5731427568213325,281.3229252654747
1.374119078764532,0.01202665739522263,4.258327844867067,486.5399705815575
0.9366137889332183,0.030577991725773017,8.333024997703143,255.24325424535894
0.7076404015475394,0.05104185234146281,15.06715090510854,208.8898468131655
0.8597499698349824,0.03759429887594815,10.375615292124783,237.28158793062968
1.0677922508974607,0.013780630951135188,5.994685134366913,464.4982044541219
0.9871586917179935,0.026455800545233058,7.678394144100946,286.50781157902094
1.1593168876299473,0.019362141691968395,5.724180544972541,342.7378685273333
1.0035258893775019,0.01590543747871135,6.6117297215646165,417.15557701807785
1.1024622599890193,0.020818458136438456,6.262144455538687,331.6181190549955
0.9396330104118958,0.034913613716454024,8.978508497655593,241.63935126214025
0.9364886474745007,0.0471917364633288,10.10775582884241,200.58169702042434
0.9153278088629908,0.04542141370013252,10.611519254409206,213.84228003051956
0.8889641919368866,0.04486150870378938,10.984822646292999,217.67243834372033
0.8925840195977012,0.04137504017816935,9.73934411679928,210.10693603156176
0.9708807573614059,0.022375252072863033,7.580233028429757,328.91260217548637
1.0509392268622713,0.027786716881589846,7.123948596234556,269.4394253857939
0.8766462911103294,0.0224301586033049,8.509583325684698,332.58323283798086
1.0610077592705656,0.02269880549528397,6.681075324409831,312.29276628423133
1.6256113982171831,0.023385190366494696,4.100589528295492,285.05070825328346
1.0701928534539167,0.019425176084806525,6.081619296529216,335.0551614131136
1.1421005950962706,0.01973864249758891,5.8631801457178305,339.25035799189004
0.9943633073424313,0.04898287993704792,9.490975184778542,192.66889751623918
1.0179782399063826,0.03273945767423708,7.785172347381246,242.0668088766586
0.9816745404145767,0.027449565359625356,8.097789467456886,289.5999863638
0.8229937288846323,0.059006962998387806,13.856165033473927,193.2574792783545
0.9817561642746271,0.028681004751899646,8.095497199191282,277.1103853203611
0.9317160690686752,0.06241647748004185,12.013401704810592,179.32891865177942
1.0182147664527892,0.033657394189957224,8.147777410702602,246.4892922644409
0.955123189991728,0.02967220236039361,8.856464714914871,285.0821360617891
0.9114865501246052,0.03532028867709839,8.99178195504054,232.04477145133808
0.9134369087102108,0.026370649259683222,7.950475056443091,275.3916783322404
1.0324144546729004,0.027309442233045756,7.467277657833051,282.295234198309
0.8895334667963168,0.04535190294815924,10.533580128943713,206.6059292062497
0.9410046353980498,0.033908289461030985,8.765778769911048,243.26318391376944
1.0259345961304245,0.016136758914411672,6.561588216001992,417.16929601929223
1.890265716734027,0.012395610035743526,3.0428733270317316,464.02227190648125
1.434820766210244,0.022898259080812552,4.715358129628719,295.4676047917918
0.9409683644636643,0.032763015495419066,8.96624118522411,257.5144313143805
1.154592069994149,0.024086460488197237,6.033608335928683,289.22291598333766
1.0873551217757316,0.02789383897643767,6.930828057847522,270.1769158850256
0.8804575811436196,0.03398657915546093,9.745012160432038,252.45464675165798
0.98051809784074,0.033855776624898234,8.578943050257077,248.4600785951514
1.1497025075750082,0.02300632916600168,5.80282503977039,289.9863968347508
0.9790256689881494,0.0229136928227611,7.2307086248442225,308.94406255043225
1.0384482023857293,0.030853763930714068,7.574448426413415,254.93396430126856
0.9501852177358902,0.03494841217816356,9.124815924364682,248.08752860336594
0.9013458392015568,0.029511530260296685,8.797978494284008,268.70925496792404
0.9240233870394464,0.023160874941404137,7.710196464856095,307.6050395427754
0.9495499944945421,0.01785164324977186,7.256001117825344,385.9552717406841
1.1727433530420823,0.018576745345430662,5.695907232687818,359.5806058848735
1.2120884817881128,0.025174345075750375,5.738015719956014,276.27263952845857
0.840667836237761,0.046771284650345295,11.310236806452636,203.2903815770437
0.8587957173860079,0.048505497976695004,11.377704340784991,201.44363359067017
1.0492571210152217,0.021612622226437977,7.052265068814289,342.375823961267
