α,β,L,id,time,h_sample,strain
0.33827373,0.02090004,14.084778,best,40.45,102.436,jt305
0.36543715,0.02167512,12.898648,001,40.45,102.436,jt305
0.32788038,0.032262646,17.573942,002,40.45,102.436,jt305
0.38198534,0.053718626,16.628614,003,40.45,102.436,jt305
0.35041144,0.033256985,15.829807,004,40.45,102.436,jt305
0.33510616,-0.009036836,9.588731,005,40.45,102.436,jt305
0.3394556,0.0394826,18.074553,006,40.45,102.436,jt305
0.36249262,0.08674176,26.368715,007,40.45,102.436,jt305
0.32132015,0.011391783,13.141375,008,40.45,102.436,jt305
0.338707,0.04396036,19.121767,009,40.45,102.436,jt305
0.36277932,0.041528746,16.626503,010,40.45,102.436,jt305
0.33821788,0.020416645,14.011406,best,41.12,104.752,jt305
0.3400143,-0.00814788,9.90388,001,41.12,104.752,jt305
0.33452478,-0.014438402,7.8778844,002,41.12,104.752,jt305
0.33617446,0.0010592244,10.661478,003,41.12,104.752,jt305
0.4003068,-0.01980027,5.8772926,004,41.12,104.752,jt305
0.33696496,0.052113794,20.982056,005,41.12,104.752,jt305
0.33405676,0.0027751052,10.790876,006,41.12,104.752,jt305
0.34767115,0.017001053,12.747254,007,41.12,104.752,jt305
0.34604052,0.009022352,11.666222,008,41.12,104.752,jt305
0.31693542,0.0019320553,11.985599,009,41.12,104.752,jt305
0.32149577,0.03327684,18.174215,010,41.12,104.752,jt305
0.33837894,0.020689618,14.046183,best,41.78,106.611,jt305
0.366327,0.019489175,11.966314,001,41.78,106.611,jt305
0.42101628,0.013727907,9.188434,002,41.78,106.611,jt305
0.33259958,0.0028704114,10.82901,003,41.78,106.611,jt305
0.3639473,0.030899318,14.030829,004,41.78,106.611,jt305
0.34848395,0.03238233,15.066966,005,41.78,106.611,jt305
0.32399955,-0.008075615,10.546899,006,41.78,106.611,jt305
0.3335018,0.008060585,11.888053,007,41.78,106.611,jt305
0.37028697,0.009702191,10.373991,008,41.78,106.611,jt305
0.3743366,0.053105377,17.653887,009,41.78,106.611,jt305
0.32089865,0.028143587,16.275711,010,41.78,106.611,jt305
0.3383689,0.020665692,14.042499,best,42.44,108.289,jt305
0.35867012,0.06046748,21.076967,001,42.44,108.289,jt305
0.34098065,0.020711051,14.19842,002,42.44,108.289,jt305
0.33457348,0.02276663,14.945655,003,42.44,108.289,jt305
0.311444,0.015325946,14.76942,004,42.44,108.289,jt305
0.35436666,0.038596988,16.315382,005,42.44,108.289,jt305
0.3568589,0.031542405,14.904449,006,42.44,108.289,jt305
0.34833875,0.055479527,20.13128,007,42.44,108.289,jt305
0.37675822,0.02911111,13.674415,008,42.44,108.289,jt305
0.31032816,0.020716596,16.249258,009,42.44,108.289,jt305
0.315971,0.030819725,17.80768,010,42.44,108.289,jt305
0.33860844,0.021112183,14.103179,best,43.01,108.676,jt305
0.37708044,0.02238229,11.497492,001,43.01,108.676,jt305
0.33201414,0.051921528,21.997961,002,43.01,108.676,jt305
0.347248,0.015836336,12.540363,003,43.01,108.676,jt305
0.3174472,0.03555768,18.978197,004,43.01,108.676,jt305
0.3550678,0.007606756,10.936895,005,43.01,108.676,jt305
0.36589077,0.002856658,9.255972,006,43.01,108.676,jt305
0.35988474,0.008751183,10.70483,007,43.01,108.676,jt305
0.3345081,0.020267634,14.176395,008,43.01,108.676,jt305
0.35290006,0.0130748,12.070495,009,43.01,108.676,jt305
0.3244309,0.01311442,13.817166,010,43.01,108.676,jt305
0.33894002,0.021757858,14.193348,best,43.75,108.789,jt305
0.34363475,0.03334653,16.34005,001,43.75,108.789,jt305
0.33267814,0.024733933,14.976821,002,43.75,108.789,jt305
0.34406626,0.012067799,12.323229,003,43.75,108.789,jt305
0.32346076,-0.0018072018,10.453119,004,43.75,108.789,jt305
0.3330606,0.032959443,17.134237,005,43.75,108.789,jt305
0.32213965,0.032092065,17.683361,006,43.75,108.789,jt305
0.337,0.020295955,14.070201,007,43.75,108.789,jt305
0.3582756,0.023275135,13.373072,008,43.75,108.789,jt305
0.34877685,-0.0022419519,9.202745,009,43.75,108.789,jt305
0.3444352,0.012446107,11.94528,010,43.75,108.789,jt305
0.33901206,0.021902671,14.213949,best,44.41,111.335,jt305
0.33441672,-0.06533104,3.789749,001,44.41,111.335,jt305
0.34140024,0.020168865,13.568581,002,44.41,111.335,jt305
0.35751736,0.027204882,14.069756,003,44.41,111.335,jt305
0.3348534,0.034984473,17.664215,004,44.41,111.335,jt305
0.36760372,0.027884156,13.29132,005,44.41,111.335,jt305
0.3404077,0.019084178,13.335872,006,44.41,111.335,jt305
0.38967985,0.030402357,13.165806,007,44.41,111.335,jt305
0.32638144,0.012264472,12.722229,008,44.41,111.335,jt305
0.34656838,0.011320121,11.61312,009,44.41,111.335,jt305
0.32267082,0.03444168,18.16783,010,44.41,111.335,jt305
0.3391593,0.022212666,14.259127,best,45.07,113.711,jt305
0.3345341,0.012262206,12.294029,001,45.07,113.711,jt305
0.3543609,0.061128233,21.779888,002,45.07,113.711,jt305
0.3294813,0.011138323,12.488934,003,45.07,113.711,jt305
0.3735366,0.03811668,15.14576,004,45.07,113.711,jt305
0.3208798,0.02756972,16.770628,005,45.07,113.711,jt305
0.34776017,0.0050013894,10.562681,006,45.07,113.711,jt305
0.32489416,0.011086144,12.638427,007,45.07,113.711,jt305
0.34150952,0.010238659,12.103285,008,45.07,113.711,jt305
0.34883353,0.020066801,13.130621,009,45.07,113.711,jt305
0.34855637,0.013324245,12.302108,010,45.07,113.711,jt305
0.33925003,0.02241011,14.2883835,best,45.73,116.454,jt305
0.33727086,0.032048367,16.563873,001,45.73,116.454,jt305
0.32979164,0.022370953,14.994699,002,45.73,116.454,jt305
0.32025155,0.025900483,16.58528,003,45.73,116.454,jt305
0.32970768,0.02949078,16.73544,004,45.73,116.454,jt305
0.33432004,0.039774273,18.730648,005,45.73,116.454,jt305
0.32175285,0.033576295,18.27381,006,45.73,116.454,jt305
0.3444737,0.034859166,16.449684,007,45.73,116.454,jt305
0.33814847,0.043181803,19.05538,008,45.73,116.454,jt305
0.33610922,0.021295788,14.480209,009,45.73,116.454,jt305
0.36837608,0.034385994,15.105237,010,45.73,116.454,jt305
0.33930293,0.022522062,14.304781,best,46.44,120.09,jt305
0.34789237,0.03952169,17.629292,001,46.44,120.09,jt305
0.3460426,0.021850623,13.518747,002,46.44,120.09,jt305
0.35110375,0.009537013,11.395761,003,46.44,120.09,jt305
0.37743536,0.018982645,11.742967,004,46.44,120.09,jt305
0.33740208,0.010971634,12.075547,005,46.44,120.09,jt305
0.3674941,0.028985126,13.575246,006,46.44,120.09,jt305
0.33693793,0.03426297,17.200932,007,46.44,120.09,jt305
0.34067518,0.014717073,12.451721,008,46.44,120.09,jt305
0.33669823,0.037953354,18.370808,009,46.44,120.09,jt305
0.37006617,0.02801002,13.760878,010,46.44,120.09,jt305
0.33934397,0.022614844,14.318784,best,47.14,120.624,jt305
0.3520885,0.009428562,10.983977,001,47.14,120.624,jt305
0.34754795,0.02107574,13.346604,002,47.14,120.624,jt305
0.3608076,0.025417674,13.689475,003,47.14,120.624,jt305
0.32835874,0.022608375,14.895296,004,47.14,120.624,jt305
0.34069693,0.014526008,12.433431,005,47.14,120.624,jt305
0.34324354,0.017728126,12.766292,006,47.14,120.624,jt305
0.36224827,0.009606833,10.563597,007,47.14,120.624,jt305
0.33474183,0.024382798,14.975344,008,47.14,120.624,jt305
0.332775,0.023905411,14.977125,009,47.14,120.624,jt305
0.34136808,0.017686412,12.883151,010,47.14,120.624,jt305
0.339418,0.022794684,14.346825,best,47.84,122.494,jt305
0.33620927,-0.0030516374,9.142721,001,47.84,122.494,jt305
0.33347887,0.019076288,13.764174,002,47.84,122.494,jt305
0.35117996,0.021226956,13.300859,003,47.84,122.494,jt305
0.32818884,0.008732285,12.21512,004,47.84,122.494,jt305
0.35072306,0.029248517,15.063346,005,47.84,122.494,jt305
0.34034562,0.030388404,15.958263,006,47.84,122.494,jt305
0.33563378,0.0107361255,12.179268,007,47.84,122.494,jt305
0.33843455,0.019700272,13.694617,008,47.84,122.494,jt305
0.33098188,0.023311784,14.99475,009,47.84,122.494,jt305
0.3230892,0.019261915,14.993843,010,47.84,122.494,jt305
0.3393526,0.022601467,14.314735,best,48.54,126.038,jt305
0.33791953,0.017173199,13.221312,001,48.54,126.038,jt305
0.3359423,0.00693969,11.44121,002,48.54,126.038,jt305
0.33396804,0.0417707,19.210764,003,48.54,126.038,jt305
0.35252228,0.020921316,13.059806,004,48.54,126.038,jt305
0.33625418,0.018845119,13.595938,005,48.54,126.038,jt305
0.3593065,0.004297072,9.743,006,48.54,126.038,jt305
0.33682358,0.025938636,14.955738,007,48.54,126.038,jt305
0.35093376,0.03435863,16.017847,008,48.54,126.038,jt305
0.3361076,0.03353216,17.017084,009,48.54,126.038,jt305
0.32790226,0.02125108,14.848815,010,48.54,126.038,jt305
0.33926412,0.02230948,14.26503,best,49.24,127.793,jt305
0.34047505,0.042571817,19.127796,001,49.24,127.793,jt305
0.34636226,0.019291596,13.102489,002,49.24,127.793,jt305
0.37187755,0.016864568,11.393892,003,49.24,127.793,jt305
0.34963894,0.029629549,15.352926,004,49.24,127.793,jt305
0.33530933,0.025276758,14.962794,005,49.24,127.793,jt305
0.36030975,0.023866383,13.356236,006,49.24,127.793,jt305
0.3453723,0.051891983,20.424273,007,49.24,127.793,jt305
0.33812478,0.036698803,18.03704,008,49.24,127.793,jt305
0.358443,0.020459695,12.968744,009,49.24,127.793,jt305
0.32990655,0.021413578,14.929006,010,49.24,127.793,jt305
0.3391878,0.022030914,14.216601,best,49.94,129.444,jt305
0.32173207,0.022839984,15.746424,001,49.94,129.444,jt305
0.32864463,0.018282847,14.140167,002,49.94,129.444,jt305
0.33375463,0.034855295,17.61882,003,49.94,129.444,jt305
0.32665637,0.0065333718,12.006066,004,49.94,129.444,jt305
0.35880157,0.017684499,12.174409,005,49.94,129.444,jt305
0.33341837,0.0315852,16.834127,006,49.94,129.444,jt305
0.34729746,0.014298722,12.076012,007,49.94,129.444,jt305
0.3301017,0.025202148,15.774408,008,49.94,129.444,jt305
0.3902492,0.0134883635,10.168737,009,49.94,129.444,jt305
0.35235232,0.030538773,14.928126,010,49.94,129.444,jt305
0.3391483,0.021860994,14.186175,best,50.7,130.366,jt305
0.32789612,0.014153213,13.628449,001,50.7,130.366,jt305
0.33261433,0.024224741,14.966356,002,50.7,130.366,jt305
0.33700275,0.025237037,14.898968,003,50.7,130.366,jt305
0.32599834,0.025509898,16.76577,004,50.7,130.366,jt305
0.34688067,0.019452142,13.1684265,005,50.7,130.366,jt305
0.33594692,0.025498064,14.836683,006,50.7,130.366,jt305
0.3288818,0.03776086,18.927242,007,50.7,130.366,jt305
0.37282112,0.024024272,12.872069,008,50.7,130.366,jt305
0.35552248,0.011342271,11.082215,009,50.7,130.366,jt305
0.32766417,0.00871124,12.088406,010,50.7,130.366,jt305
0.33909693,0.02161837,14.1421385,best,51.44,131.87,jt305
0.3437589,0.014505162,12.042837,001,51.44,131.87,jt305
0.35039404,0.036618,16.644392,002,51.44,131.87,jt305
0.32864058,0.02833828,16.106256,003,51.44,131.87,jt305
0.3436606,0.014001455,12.221254,004,51.44,131.87,jt305
0.34611976,0.027578298,14.87304,005,51.44,131.87,jt305
0.34680903,0.0056543923,10.807383,006,51.44,131.87,jt305
0.34291318,0.020767072,13.78512,007,51.44,131.87,jt305
0.33172253,0.02412238,14.938391,008,51.44,131.87,jt305
0.35176477,0.022919156,13.519845,009,51.44,131.87,jt305
0.32975212,0.030346338,16.840698,010,51.44,131.87,jt305
0.3389822,0.020987632,14.025607,best,52.19,135.425,jt305
0.3634492,0.012279877,11.294481,001,52.19,135.425,jt305
0.344533,0.023681762,14.450361,002,52.19,135.425,jt305
0.3420134,0.021215884,14.027761,003,52.19,135.425,jt305
0.35373047,0.013384689,11.554419,004,52.19,135.425,jt305
0.3329459,0.034161646,17.558292,005,52.19,135.425,jt305
0.34377772,0.02453866,14.469358,006,52.19,135.425,jt305
0.31964505,0.015238914,14.047411,007,52.19,135.425,jt305
0.34400657,0.028468383,15.261551,008,52.19,135.425,jt305
0.3449264,0.020274445,13.399642,009,52.19,135.425,jt305
0.33253038,0.019878363,14.217071,010,52.19,135.425,jt305
0.3388962,0.020388873,13.912607,best,52.94,135.931,jt305
0.3321983,0.010282245,12.148464,001,52.94,135.931,jt305
0.3597701,0.011327327,10.595621,002,52.94,135.931,jt305
0.3375136,0.01709088,13.046458,003,52.94,135.931,jt305
0.32866865,0.022043457,14.842727,004,52.94,135.931,jt305
0.36850503,0.017479433,11.869121,005,52.94,135.931,jt305
0.33814573,0.034640346,17.36486,006,52.94,135.931,jt305
0.36415705,0.026622508,13.805767,007,52.94,135.931,jt305
0.3515902,0.0043447018,10.075441,008,52.94,135.931,jt305
0.33887738,0.036861204,17.688465,009,52.94,135.931,jt305
0.32082593,0.023781251,15.956085,010,52.94,135.931,jt305
0.33883372,0.019777805,13.79471,best,53.69,137.931,jt305
0.31820694,0.018602017,14.799352,001,53.69,137.931,jt305
0.34989727,0.02039117,13.390957,002,53.69,137.931,jt305
0.32361653,0.018706864,14.845651,003,53.69,137.931,jt305
0.33161625,0.014171669,12.728984,004,53.69,137.931,jt305
0.3944288,0.01064423,9.565071,005,53.69,137.931,jt305
0.32765156,0.020292575,14.829268,006,53.69,137.931,jt305
0.32708475,0.031081602,17.473917,007,53.69,137.931,jt305
0.34448302,0.014770688,12.461046,008,53.69,137.931,jt305
0.36528736,0.010238389,10.515934,009,53.69,137.931,jt305
0.3372488,0.013878289,12.385953,010,53.69,137.931,jt305
0.3386258,0.019103881,13.670389,best,54.74,142.33,jt305
0.32950157,0.02840943,16.787827,001,54.74,142.33,jt305
0.33628958,0.022201687,14.810488,002,54.74,142.33,jt305
0.3433752,0.024913592,15.092367,003,54.74,142.33,jt305
0.3268917,0.029984204,16.871897,004,54.74,142.33,jt305
0.33394504,0.023412919,14.848857,005,54.74,142.33,jt305
0.32413974,0.033159714,18.342522,006,54.74,142.33,jt305
0.33671996,0.019865045,13.757438,007,54.74,142.33,jt305
0.34989053,0.017694427,12.8128195,008,54.74,142.33,jt305
0.32821345,0.002251389,11.073039,009,54.74,142.33,jt305
0.3433438,0.015632492,12.762369,010,54.74,142.33,jt305
0.33931664,0.018045593,13.408374,best,55.66,144.986,jt305
0.32122943,0.023940073,15.824915,001,55.66,144.986,jt305
0.34871224,0.018898094,12.938489,002,55.66,144.986,jt305
0.3688434,0.017653054,11.578981,003,55.66,144.986,jt305
0.32415172,0.023642529,15.793006,004,55.66,144.986,jt305
0.3425067,0.0141106695,12.371844,005,55.66,144.986,jt305
0.35432306,0.022428975,13.331576,006,55.66,144.986,jt305
0.3308574,0.015672216,13.361532,007,55.66,144.986,jt305
0.37603357,0.015464381,11.184393,008,55.66,144.986,jt305
0.4143244,0.010330134,9.120086,009,55.66,144.986,jt305
0.330927,0.020711116,14.5207405,010,55.66,144.986,jt305
0.3392322,0.017117975,13.221799,best,56.58,148.481,jt305
0.33051595,0.024657825,16.493502,001,56.58,148.481,jt305
0.36367086,0.0053537395,9.52721,002,56.58,148.481,jt305
0.35524833,0.017016623,12.297689,003,56.58,148.481,jt305
0.32582173,0.013970647,13.141727,004,56.58,148.481,jt305
0.3457337,0.02028291,14.150509,005,56.58,148.481,jt305
0.3290966,0.02206111,14.839512,006,56.58,148.481,jt305
0.3480994,0.018052185,13.064501,007,56.58,148.481,jt305
0.36810043,0.013214708,11.080535,008,56.58,148.481,jt305
0.40807894,0.005027714,8.433984,009,56.58,148.481,jt305
0.32322186,0.024429118,16.2527,010,56.58,148.481,jt305
0.34035742,0.015976332,12.929734,best,57.51,151.56,jt305
0.33956763,0.01013076,12.04634,001,57.51,151.56,jt305
0.34782693,0.01630427,12.782991,002,57.51,151.56,jt305
0.33835012,0.018737212,13.64887,003,57.51,151.56,jt305
0.34134418,0.0438543,19.173409,004,57.51,151.56,jt305
0.35077164,0.020441394,13.238939,005,57.51,151.56,jt305
0.32727396,0.018501483,14.064677,006,57.51,151.56,jt305
0.32645753,0.015744502,13.636122,007,57.51,151.56,jt305
0.31958765,0.015931439,14.067827,008,57.51,151.56,jt305
0.34134308,0.020280613,13.891864,009,57.51,151.56,jt305
0.35996017,0.009503093,10.674201,010,57.51,151.56,jt305
0.3403249,0.015141193,12.766312,best,58.43,153.417,jt305
0.35818654,0.016327308,12.252584,001,58.43,153.417,jt305
0.3233514,0.011884165,12.986924,002,58.43,153.417,jt305
0.37102047,0.010507603,10.489215,003,58.43,153.417,jt305
0.32879984,0.01991583,14.460689,004,58.43,153.417,jt305
0.33384228,0.010121945,12.12241,005,58.43,153.417,jt305
0.3404083,0.028562075,15.720174,006,58.43,153.417,jt305
0.37864593,0.0022482807,8.5665655,007,58.43,153.417,jt305
0.34720027,0.014112923,12.145787,008,58.43,153.417,jt305
0.3725712,0.007821733,10.040759,009,58.43,153.417,jt305
0.352393,0.012744124,11.963734,010,58.43,153.417,jt305
0.3413895,0.014113656,12.491558,best,59.35,155.774,jt305
0.34916672,0.0076017054,10.598905,001,59.35,155.774,jt305
0.32339564,0.014867044,13.56474,002,59.35,155.774,jt305
0.32057574,0.019322569,14.821683,003,59.35,155.774,jt305
0.34791073,0.015282489,12.058789,004,59.35,155.774,jt305
0.3367469,0.021194637,14.701537,005,59.35,155.774,jt305
0.33430728,0.01685423,13.3385935,006,59.35,155.774,jt305
0.34762526,0.00722344,10.5623255,007,59.35,155.774,jt305
0.35350436,0.0073291687,10.598102,008,59.35,155.774,jt305
0.32092083,0.022570945,15.631002,009,59.35,155.774,jt305
0.34454423,0.015047789,13.060521,010,59.35,155.774,jt305
0.34153053,0.013560784,12.376878,best,60.28,159.151,jt305
0.35526022,0.030777235,14.909173,001,60.28,159.151,jt305
0.35622287,0.032261327,15.319027,002,60.28,159.151,jt305
0.31412673,0.013329973,13.818685,003,60.28,159.151,jt305
0.32098636,0.020854155,15.446643,004,60.28,159.151,jt305
0.35923353,0.012150991,11.314812,005,60.28,159.151,jt305
0.34643027,0.008089386,10.951821,006,60.28,159.151,jt305
0.35960877,0.008550696,10.390311,007,60.28,159.151,jt305
0.34205982,0.014360027,12.589983,008,60.28,159.151,jt305
0.32344136,0.015240062,13.855281,009,60.28,159.151,jt305
0.33725005,0.0154864425,13.081294,010,60.28,159.151,jt305
0.34191927,0.013017762,12.245183,best,61.2,160.861,jt305
0.37452224,0.0076937512,9.925541,001,61.2,160.861,jt305
0.36285028,0.010461131,10.774667,002,61.2,160.861,jt305
0.37941158,0.008641793,9.704382,003,61.2,160.861,jt305
0.39100024,0.009206889,9.448016,004,61.2,160.861,jt305
0.34415057,0.016457137,12.845884,005,61.2,160.861,jt305
0.31679398,0.014746125,14.104983,006,61.2,160.861,jt305
0.32725057,0.024778862,15.562117,007,61.2,160.861,jt305
0.3342325,0.009391157,11.769017,008,61.2,160.861,jt305
0.31280664,0.022326764,16.981241,009,61.2,160.861,jt305
0.40586448,0.0046789586,8.4021,010,61.2,160.861,jt305
0.3422453,0.0125401635,12.130292,best,62.13,163.898,jt305
0.32302538,0.012459392,13.196671,001,62.13,163.898,jt305
0.33168453,0.018070158,13.983235,002,62.13,163.898,jt305
0.32582837,0.014237368,13.411792,003,62.13,163.898,jt305
0.32477504,0.016955433,14.056678,004,62.13,163.898,jt305
0.3437148,0.008794767,10.984997,005,62.13,163.898,jt305
0.3407582,0.022498736,14.518759,006,62.13,163.898,jt305
0.36971375,0.01036965,10.501499,007,62.13,163.898,jt305
0.33025238,0.017750802,14.084394,008,62.13,163.898,jt305
0.31166697,0.024360655,17.147583,009,62.13,163.898,jt305
0.3306758,0.027594846,16.252377,010,62.13,163.898,jt305
0.34257126,0.012110597,12.024866,best,63.06,166.873,jt305
0.3773142,0.0059160977,9.367468,001,63.06,166.873,jt305
0.3881751,0.011263283,9.984899,002,63.06,166.873,jt305
0.34634656,0.014753858,12.513157,003,63.06,166.873,jt305
0.3343409,0.013289308,12.735921,004,63.06,166.873,jt305
0.33612984,0.01735676,13.412654,005,63.06,166.873,jt305
0.33467808,0.015804358,13.399967,006,63.06,166.873,jt305
0.339781,0.006287113,10.961253,007,63.06,166.873,jt305
0.34116337,0.010659779,11.646743,008,63.06,166.873,jt305
0.36657682,0.008331986,10.335244,009,63.06,166.873,jt305
0.3650224,0.009276542,10.51347,010,63.06,166.873,jt305
0.34283715,0.011750185,11.936421,best,63.98,170.054,jt305
0.34201494,0.008356323,11.216566,001,63.98,170.054,jt305
0.36328167,0.0076942323,10.098928,002,63.98,170.054,jt305
0.34515846,0.02133456,14.180653,003,63.98,170.054,jt305
0.35058236,0.014076877,12.165528,004,63.98,170.054,jt305
0.34873083,0.018037109,13.083123,005,63.98,170.054,jt305
0.33645368,0.026868584,16.017464,006,63.98,170.054,jt305
0.32793412,0.01327684,13.105306,007,63.98,170.054,jt305
0.35084677,0.015506904,12.396494,008,63.98,170.054,jt305
0.37057734,0.0075411103,10.062942,009,63.98,170.054,jt305
0.36123624,0.010319478,10.312792,010,63.98,170.054,jt305
0.34310737,0.011450567,11.860057,best,64.9,172.439,jt305
0.3358095,0.012403562,12.627461,001,64.9,172.439,jt305
0.34437686,0.013589708,12.299663,002,64.9,172.439,jt305
0.32301918,0.010580564,12.688147,003,64.9,172.439,jt305
0.35970816,0.005958123,9.979013,004,64.9,172.439,jt305
0.3350248,0.014400411,12.941486,005,64.9,172.439,jt305
0.34495488,0.013197118,12.129169,006,64.9,172.439,jt305
0.36956218,0.0053911437,9.522282,007,64.9,172.439,jt305
0.34208238,0.027445495,15.899947,008,64.9,172.439,jt305
0.37416792,0.008956311,9.945935,009,64.9,172.439,jt305
0.33374628,0.013450168,12.759212,010,64.9,172.439,jt305
0.34408048,0.010974531,11.7098255,best,65.83,175.901,jt305
0.35161817,0.012274828,11.506848,001,65.83,175.901,jt305
0.34173566,0.005034409,10.475475,002,65.83,175.901,jt305
0.33607984,0.022390453,14.834532,003,65.83,175.901,jt305
0.32416523,0.01057932,12.419654,004,65.83,175.901,jt305
0.384913,0.0057185977,8.939065,005,65.83,175.901,jt305
0.33019912,0.011456726,12.483095,006,65.83,175.901,jt305
0.33486745,0.01803095,13.7332945,007,65.83,175.901,jt305
0.3399054,0.01151815,12.067217,008,65.83,175.901,jt305
0.32473466,0.014097445,13.522248,009,65.83,175.901,jt305
0.35601604,0.019096645,12.725955,010,65.83,175.901,jt305
0.3441496,0.010739396,11.658723,best,66.75,177.42,jt305
0.35428295,0.0113604795,11.458184,001,66.75,177.42,jt305
0.35717928,0.009127727,10.858991,002,66.75,177.42,jt305
0.34973997,0.0075795767,10.713846,003,66.75,177.42,jt305
0.3451239,0.009405203,11.323488,004,66.75,177.42,jt305
0.3673424,0.003580792,9.08255,005,66.75,177.42,jt305
0.37147433,0.01713937,11.651742,006,66.75,177.42,jt305
0.33145678,0.021677213,14.882889,007,66.75,177.42,jt305
0.33573306,0.014389504,13.000284,008,66.75,177.42,jt305
0.32971486,0.014751868,13.523668,009,66.75,177.42,jt305
0.33579382,0.018262243,13.951075,010,66.75,177.42,jt305
0.3444554,0.01053088,11.599944,best,67.68,179.495,jt305
0.37727034,0.01295341,10.846568,001,67.68,179.495,jt305
0.35739094,0.009967266,11.017966,002,67.68,179.495,jt305
0.3476216,0.0075882026,10.833115,003,67.68,179.495,jt305
0.35450426,0.008790475,10.870009,004,67.68,179.495,jt305
0.33247587,0.009215024,11.81693,005,67.68,179.495,jt305
0.34777886,0.006154251,10.070736,006,67.68,179.495,jt305
0.38235143,0.0055036214,9.092961,007,67.68,179.495,jt305
0.3938889,0.008121332,9.18363,008,67.68,179.495,jt305
0.38220435,0.0062191896,9.14526,009,67.68,179.495,jt305
0.342526,0.017879812,13.314667,010,67.68,179.495,jt305
0.34457088,0.010442488,11.575455,best,68.7,179.932,jt305
0.3347434,0.0064648823,11.155396,001,68.7,179.932,jt305
0.32950196,0.011347583,12.430995,002,68.7,179.932,jt305
0.38462314,0.003975648,8.753814,003,68.7,179.932,jt305
0.3454484,0.013140221,12.102524,004,68.7,179.932,jt305
0.35133904,0.008971373,11.004934,005,68.7,179.932,jt305
0.37885273,0.008956556,9.973194,006,68.7,179.932,jt305
0.33782306,0.019044662,13.3403225,007,68.7,179.932,jt305
0.35036674,0.004108073,9.849023,008,68.7,179.932,jt305
0.3414847,0.00691621,10.936904,009,68.7,179.932,jt305
0.3580885,0.010192136,11.012418,010,68.7,179.932,jt305
0.34460607,0.010417626,11.568372,best,69.73,181.105,jt305
0.34178206,0.010214488,11.594096,001,69.73,181.105,jt305
0.3468867,0.01472214,12.473148,002,69.73,181.105,jt305
0.3322832,0.009946076,12.147253,003,69.73,181.105,jt305
0.34990263,0.009761223,11.224353,004,69.73,181.105,jt305
0.34829816,0.009555026,11.328254,005,69.73,181.105,jt305
0.32878956,0.02098035,14.7823305,006,69.73,181.105,jt305
0.33553687,0.009729678,11.946361,007,69.73,181.105,jt305
0.3411449,0.002636252,9.886768,008,69.73,181.105,jt305
0.33328968,0.023150343,15.353306,009,69.73,181.105,jt305
0.32240018,0.01480657,13.958541,010,69.73,181.105,jt305
0.34468055,0.010367181,11.553788,best,70.76,184.227,jt305
0.3617506,0.0058872076,9.8815565,001,70.76,184.227,jt305
0.33008194,0.009139226,12.132912,002,70.76,184.227,jt305
0.33365285,0.009904991,12.218186,003,70.76,184.227,jt305
0.33788708,0.011331633,12.169646,004,70.76,184.227,jt305
0.3457691,0.011011995,11.612135,005,70.76,184.227,jt305
0.33278394,0.011577727,12.684749,006,70.76,184.227,jt305
0.34957853,0.016620759,13.028683,007,70.76,184.227,jt305
0.32306325,0.008119421,11.920352,008,70.76,184.227,jt305
0.35909003,0.0043545063,9.624783,009,70.76,184.227,jt305
0.34364963,0.007011074,10.881524,010,70.76,184.227,jt305
0.34467208,0.010373547,11.555559,best,71.79,184.735,jt305
0.41199312,0.0071162377,8.548113,001,71.79,184.735,jt305
0.32197636,0.017657299,14.647806,002,71.79,184.735,jt305
0.3234573,0.014291455,13.685279,003,71.79,184.735,jt305
0.35399288,0.012038568,11.389256,004,71.79,184.735,jt305
0.330535,0.0098800035,12.085811,005,71.79,184.735,jt305
0.42622435,0.0064227893,8.044063,006,71.79,184.735,jt305
0.36051384,0.0064516435,9.932234,007,71.79,184.735,jt305
0.3115391,0.014070082,14.660516,008,71.79,184.735,jt305
0.36607993,0.010680639,10.521292,009,71.79,184.735,jt305
0.3772857,0.005386774,9.080046,010,71.79,184.735,jt305
0.3445788,0.010432858,11.573129,best,72.91,185.724,jt305
0.4667299,0.007080721,7.2270803,001,72.91,185.724,jt305
0.36368233,0.01016501,10.854715,002,72.91,185.724,jt305
0.3374253,0.012127096,12.182412,003,72.91,185.724,jt305
0.35722563,0.005715524,10.007023,004,72.91,185.724,jt305
0.3841141,0.010747837,10.188711,005,72.91,185.724,jt305
0.3355516,0.011787297,12.408439,006,72.91,185.724,jt305
0.33313262,0.011768422,12.416467,007,72.91,185.724,jt305
0.322091,0.008363889,11.964405,008,72.91,185.724,jt305
0.32892257,0.009213362,11.9443,009,72.91,185.724,jt305
0.38687682,0.006547757,9.112982,010,72.91,185.724,jt305
0.34452733,0.010464251,11.582591,best,73.87,187.467,jt305
0.33159113,0.014927363,12.903624,001,73.87,187.467,jt305
0.37876353,0.009479283,10.01628,002,73.87,187.467,jt305
0.3364033,0.010384215,11.991926,003,73.87,187.467,jt305
0.33065882,0.013397006,12.972351,004,73.87,187.467,jt305
0.3697189,0.0057417178,9.503281,005,73.87,187.467,jt305
0.3507604,0.010759886,11.357845,006,73.87,187.467,jt305
0.33434272,0.011288687,12.32461,007,73.87,187.467,jt305
0.34095082,0.013457768,12.213312,008,73.87,187.467,jt305
0.38077796,0.010229101,10.023015,009,73.87,187.467,jt305
0.32113248,0.011494111,13.054498,010,73.87,187.467,jt305
0.34452024,0.010468377,11.5838585,best,74.83,189.265,jt305
0.32538107,0.011179948,12.634058,001,74.83,189.265,jt305
0.3478159,0.0099691,11.30443,002,74.83,189.265,jt305
0.33523932,0.011928153,12.740902,003,74.83,189.265,jt305
0.3589124,0.009385503,10.933054,004,74.83,189.265,jt305
0.34885573,0.0142824305,12.0753355,005,74.83,189.265,jt305
0.3241648,0.016145317,14.013033,006,74.83,189.265,jt305
0.33844188,0.00786212,11.002917,007,74.83,189.265,jt305
0.3261314,0.014858186,13.485714,008,74.83,189.265,jt305
0.3318617,0.009960141,12.176786,009,74.83,189.265,jt305
0.3520855,0.0103805605,11.087315,010,74.83,189.265,jt305
0.3444503,0.010507217,11.596024,best,75.79,190.578,jt305
0.37936482,0.009543754,10.120109,001,75.79,190.578,jt305
0.3412946,0.009289694,11.513131,002,75.79,190.578,jt305
0.3240571,0.014845043,13.822859,003,75.79,190.578,jt305
0.4138482,0.004201654,8.006036,004,75.79,190.578,jt305
0.38206992,0.011908359,10.307789,005,75.79,190.578,jt305
0.33167887,0.009497309,11.841442,006,75.79,190.578,jt305
0.3202836,0.012296063,13.594033,007,75.79,190.578,jt305
0.35696188,0.0073492015,10.215963,008,75.79,190.578,jt305
0.3520521,0.00913307,10.949367,009,75.79,190.578,jt305
0.35697472,0.008755717,10.518339,010,75.79,190.578,jt305
0.34442616,0.010520105,11.60013,best,76.75,193.092,jt305
0.3284909,0.012400127,13.050786,001,76.75,193.092,jt305
0.3517809,0.012753302,11.822226,002,76.75,193.092,jt305
0.34913298,0.007450197,10.677582,003,76.75,193.092,jt305
0.35845077,0.007243591,10.215461,004,76.75,193.092,jt305
0.36241838,0.0077890023,10.274384,005,76.75,193.092,jt305
0.35875818,0.0065518953,9.876994,006,76.75,193.092,jt305
0.32872415,0.011912038,12.823905,007,76.75,193.092,jt305
0.37444717,0.015804518,11.337837,008,76.75,193.092,jt305
0.3637482,0.012177423,11.279178,009,76.75,193.092,jt305
0.41446853,0.0056952946,8.165786,010,76.75,193.092,jt305
0.34432203,0.010547902,11.611391,best,77.71,195.303,jt305
0.38812974,0.0097379275,9.676179,001,77.71,195.303,jt305
0.36599913,0.0063871583,9.634073,002,77.71,195.303,jt305
0.34960893,0.012541607,11.7045355,003,77.71,195.303,jt305
0.314537,0.014948973,14.729923,004,77.71,195.303,jt305
0.3418204,0.008086699,11.074984,005,77.71,195.303,jt305
0.35449088,0.008423066,10.7016735,006,77.71,195.303,jt305
0.35362965,0.0078294,10.525462,007,77.71,195.303,jt305
0.31749135,0.017019518,14.835137,008,77.71,195.303,jt305
0.32335967,0.013253775,13.536091,009,77.71,195.303,jt305
0.32059178,0.0102681685,12.516785,010,77.71,195.303,jt305
0.3444293,0.010519315,11.599761,best,78.67,197.905,jt305
0.34219432,0.005779949,10.592731,001,78.67,197.905,jt305
0.32319808,0.010569656,12.410318,002,78.67,197.905,jt305
0.34835887,0.011421216,11.338323,003,78.67,197.905,jt305
0.34743586,0.007964957,10.613044,004,78.67,197.905,jt305
0.36283803,0.015880298,12.024196,005,78.67,197.905,jt305
0.33841416,0.012296092,12.364489,006,78.67,197.905,jt305
0.33816186,0.008840252,11.563198,007,78.67,197.905,jt305
0.3507657,0.009679258,11.198438,008,78.67,197.905,jt305
0.35108155,0.012566381,11.666823,009,78.67,197.905,jt305
0.3433262,0.008619907,10.893234,010,78.67,197.905,jt305
0.3443326,0.010541627,11.6094675,best,79.91,199.172,jt305
0.3426176,0.01192163,11.95564,001,79.91,199.172,jt305
0.31611845,0.015483441,14.475508,002,79.91,199.172,jt305
0.33856374,0.01147346,12.226931,003,79.91,199.172,jt305
0.34958208,0.0093792295,11.031115,004,79.91,199.172,jt305
0.36054203,0.009987415,10.721413,005,79.91,199.172,jt305
0.36595556,0.008659018,10.193029,006,79.91,199.172,jt305
0.34204063,0.0075050234,10.820144,007,79.91,199.172,jt305
0.3287705,0.012881377,13.2174425,008,79.91,199.172,jt305
0.38289276,0.008181117,9.725895,009,79.91,199.172,jt305
0.34542868,0.008845798,11.260564,010,79.91,199.172,jt305
0.344416,0.010525761,11.601903,best,80.87,201.272,jt305
0.34688517,0.011086188,11.641678,001,80.87,201.272,jt305
0.35144117,0.00774053,10.582847,002,80.87,201.272,jt305
0.3255536,0.011738635,12.793656,003,80.87,201.272,jt305
0.34778997,0.014410541,12.178643,004,80.87,201.272,jt305
0.35477212,0.009575921,10.874022,005,80.87,201.272,jt305
0.31555855,0.0116199395,13.188268,006,80.87,201.272,jt305
0.36728272,0.013046279,11.056304,007,80.87,201.272,jt305
0.33604527,0.0150098745,12.965699,008,80.87,201.272,jt305
0.3383919,0.009235312,11.656255,009,80.87,201.272,jt305
0.34822232,0.008938733,10.991314,010,80.87,201.272,jt305
0.34439424,0.010535268,11.605206,best,81.83,202.998,jt305
0.3451031,0.008753715,11.045416,001,81.83,202.998,jt305
0.36564586,0.00762404,9.947462,002,81.83,202.998,jt305
0.3401015,0.008051911,11.326441,003,81.83,202.998,jt305
0.34111553,0.012288479,12.139109,004,81.83,202.998,jt305
0.3434304,0.008360174,11.142251,005,81.83,202.998,jt305
0.35370854,0.01257963,11.674572,006,81.83,202.998,jt305
0.34746972,0.013618488,12.098349,007,81.83,202.998,jt305
0.36904055,0.009260766,10.42839,008,81.83,202.998,jt305
0.38306487,0.01015813,10.096767,009,81.83,202.998,jt305
0.40147817,0.00541844,8.367517,010,81.83,202.998,jt305
0.34428263,0.010562602,11.616914,best,82.79,204.784,jt305
0.35987553,0.008841786,10.767253,001,82.79,204.784,jt305
0.33090118,0.012423412,12.968263,002,82.79,204.784,jt305
0.33146894,0.014200288,12.968542,003,82.79,204.784,jt305
0.36226833,0.0069802944,10.089968,004,82.79,204.784,jt305
0.3839351,0.008269462,9.625332,005,82.79,204.784,jt305
0.32266816,0.01230795,13.430716,006,82.79,204.784,jt305
0.36498618,0.014479309,11.328298,007,82.79,204.784,jt305
0.36544403,0.009042745,10.259064,008,82.79,204.784,jt305
0.35607806,0.011898239,11.444356,009,82.79,204.784,jt305
0.35132512,0.012929029,11.965688,010,82.79,204.784,jt305
0.34423834,0.010581239,11.623524,best,83.75,206.701,jt305
0.34903485,0.011680116,11.567515,001,83.75,206.701,jt305
0.33783066,0.010511011,11.925016,002,83.75,206.701,jt305
0.35152474,0.011435605,11.379683,003,83.75,206.701,jt305
0.31368086,0.015574173,14.584105,004,83.75,206.701,jt305
0.35112962,0.008283024,10.682504,005,83.75,206.701,jt305
0.41539747,0.008793874,8.648693,006,83.75,206.701,jt305
0.33606127,0.010991788,12.439059,007,83.75,206.701,jt305
0.33559784,0.008493668,11.527454,008,83.75,206.701,jt305
0.35335854,0.010556437,11.319699,009,83.75,206.701,jt305
0.36635023,0.0075233453,10.022243,010,83.75,206.701,jt305
0.34420532,0.010594861,11.628402,best,84.71,208.949,jt305
0.32385716,0.016672546,14.793917,001,84.71,208.949,jt305
0.36585405,0.007578222,10.027912,002,84.71,208.949,jt305
0.3717627,0.008606356,10.245712,003,84.71,208.949,jt305
0.3393656,0.011305011,11.919977,004,84.71,208.949,jt305
0.33219227,0.0097610075,11.869632,005,84.71,208.949,jt305
0.38604128,0.009944308,9.786806,006,84.71,208.949,jt305
0.3621632,0.0076336237,10.252145,007,84.71,208.949,jt305
0.33816272,0.014605813,13.070717,008,84.71,208.949,jt305
0.34263024,0.010936493,11.9272995,009,84.71,208.949,jt305
0.3387246,0.01161025,12.104768,010,84.71,208.949,jt305
0.34417096,0.010608696,11.633415,best,85.67,210.747,jt305
0.3136817,0.012368507,14.010577,001,85.67,210.747,jt305
0.36790285,0.010875199,10.354205,002,85.67,210.747,jt305
0.35887724,0.0094359275,10.706501,003,85.67,210.747,jt305
0.36306256,0.010147663,10.590823,004,85.67,210.747,jt305
0.34721908,0.007847065,10.555137,005,85.67,210.747,jt305
0.39444155,0.0064121666,8.83421,006,85.67,210.747,jt305
0.3412536,0.012029449,12.037142,007,85.67,210.747,jt305
0.35701472,0.010914033,11.244005,008,85.67,210.747,jt305
0.3981628,0.009603088,9.426385,009,85.67,210.747,jt305
0.32290974,0.013934627,13.861035,010,85.67,210.747,jt305
0.34416872,0.010609891,11.6338,best,86.63,213.434,jt305
0.32113817,0.009860109,12.456256,001,86.63,213.434,jt305
0.35918427,0.00799437,10.245191,002,86.63,213.434,jt305
0.34147206,0.009477152,11.425559,003,86.63,213.434,jt305
0.33316064,0.009718805,12.046146,004,86.63,213.434,jt305
0.42339,0.006379928,8.18314,005,86.63,213.434,jt305
0.34696022,0.0107760895,11.784268,006,86.63,213.434,jt305
0.343298,0.01113533,11.759437,007,86.63,213.434,jt305
0.35297394,0.012388264,11.774064,008,86.63,213.434,jt305
0.35742325,0.010076439,11.1452465,009,86.63,213.434,jt305
0.33506167,0.009095142,11.629085,010,86.63,213.434,jt305
0.3441492,0.010617485,11.636597,best,87.6,214.982,jt305
0.35950473,0.009488005,10.707955,001,87.6,214.982,jt305
0.3570536,0.008373876,10.477302,002,87.6,214.982,jt305
0.35467902,0.011145132,11.454948,003,87.6,214.982,jt305
0.34611994,0.0143274125,12.31043,004,87.6,214.982,jt305
0.365701,0.0073896716,9.955856,005,87.6,214.982,jt305
0.36930057,0.008532558,10.178844,006,87.6,214.982,jt305
0.3387019,0.009591746,11.523914,007,87.6,214.982,jt305
0.34920904,0.010521906,11.321202,008,87.6,214.982,jt305
0.39399236,0.010112026,9.591986,009,87.6,214.982,jt305
0.3276983,0.013538876,13.423138,010,87.6,214.982,jt305
