0,0.03881
0.174,0.03717
0.347,0.0382
0.521,0.03732
0.695,0.03466
0.868,0.03106
1.042,0.02743
1.215,0.0269
1.389,0.02895
1.563,0.03203
1.736,0.0316
1.91,0.02939
2.084,0.02703
2.257,0.02622
2.431,0.02835
2.604,0.02845
2.778,0.02575
2.952,0.02449
3.125,0.02604
3.299,0.02758
3.473,0.02778
3.646,0.0268
3.82,0.02596
3.993,0.02897
4.167,0.03309
4.341,0.03583
4.514,0.03741
4.688,0.03818
4.862,0.0386
5.035,0.0403
5.209,0.04464
5.383,0.04833
5.556,0.04545
5.73,0.04283
5.903,0.04633
6.077,0.04856
6.251,0.05089
6.424,0.05469
6.598,0.05607
6.772,0.05455
6.945,0.05324
7.119,0.05538
7.292,0.05624
7.466,0.05392
7.64,0.05195
7.813,0.05499
7.987,0.05803
8.161,0.05492
8.334,0.05235
8.508,0.05007
8.682,0.04735
8.855,0.04563
9.029,0.04751
9.202,0.04622
9.376,0.04412
9.55,0.04385
9.723,0.04026
9.897,0.03678
10.071,0.0359
10.244,0.03372
10.418,0.03406
10.591,0.03577
10.765,0.0335
10.939,0.0349
11.112,0.03688
11.286,0.03225
11.46,0.03006
11.633,0.03068
11.807,0.03766
11.98,0.04059
12.154,0.0352
12.328,0.03518
12.501,0.04037
12.675,0.04212
12.849,0.0408
13.022,0.03968
13.196,0.03772
13.37,0.03983
13.543,0.04687
13.717,0.05007
13.89,0.04973
14.064,0.04696
14.238,0.04763
14.411,0.04986
14.585,0.04582
14.759,0.04529
14.932,0.0455
15.106,0.04551
15.279,0.04507
15.453,0.04158
15.627,0.04207
15.8,0.04559
15.974,0.04201
16.148,0.0396
16.321,0.04279
16.495,0.04435
16.668,0.04527
16.842,0.04296
17.016,0.03946
17.189,0.03911
17.363,0.04434
17.537,0.04536
17.71,0.04005
17.884,0.04264
18.058,0.04947
18.231,0.05092
18.405,0.04842
18.578,0.05045
18.752,0.05095
18.926,0.04857
19.099,0.04561
19.273,0.04646
19.447,0.04837
19.62,0.04673
19.794,0.04679
19.967,0.04914
20.141,0.04816
20.315,0.04384
20.488,0.04251
20.662,0.04204
20.836,0.04121
21.009,0.04005
21.183,0.04011
21.356,0.04157
21.53,0.04313
21.704,0.04505
21.877,0.04635
22.051,0.04641
22.225,0.04388
22.398,0.04248
22.572,0.04559
22.746,0.04933
22.919,0.04937
23.093,0.04833
23.266,0.04546
23.44,0.03923
23.614,0.03659
23.787,0.0374
23.961,0.0368
24.135,0.0359
24.308,0.0361
24.482,0.03532
24.655,0.03678
24.829,0.03889
25.003,0.03777
25.176,0.03382
25.35,0.02967
25.524,0.02586
25.697,0.02622
25.871,0.02622
26.045,0.02482
26.218,0.02588
26.392,0.02742
26.565,0.02671
26.739,0.02383
26.913,0.02278
27.086,0.02588
27.26,0.02783
27.434,0.02651
27.607,0.02325
27.781,0.02305
27.954,0.0261
28.128,0.02821
28.302,0.02827
28.475,0.02652
28.649,0.02663
28.823,0.0296
28.996,0.03052
29.17,0.02886
29.343,0.03087
29.517,0.03547
29.691,0.03658
29.864,0.03558
30.038,0.03679
30.212,0.04158
30.385,0.04524
30.559,0.04527
30.733,0.04383
30.906,0.04226
31.08,0.04197
31.253,0.03823
31.427,0.03233
31.601,0.03235
31.774,0.03423
31.948,0.03154
32.122,0.02652
32.295,0.02226
32.469,0.0212
32.642,0.02136
32.816,0.01925
32.99,0.01951
33.163,0.02188
33.337,0.02619
33.511,0.02851
33.684,0.02583
33.858,0.02583
34.031,0.02684
34.205,0.02806
34.379,0.03131
34.552,0.03364
34.726,0.03208
34.9,0.03148
35.073,0.03412
35.247,0.0354
35.421,0.03601
35.594,0.03405
35.768,0.03397
35.941,0.03886
36.115,0.04258
36.289,0.04155
36.462,0.03852
36.636,0.04125
36.81,0.04368
36.983,0.04543
37.157,0.04598
37.33,0.04445
37.504,0.04261
37.678,0.04415
37.851,0.04625
38.025,0.04774
38.199,0.0476
38.372,0.044
38.546,0.04413
38.719,0.04575
38.893,0.04392
39.067,0.04441
39.24,0.04782
39.414,0.04948
39.588,0.04527
39.761,0.0418
39.935,0.0429
40.109,0.04159
40.282,0.03758
40.456,0.03367
40.629,0.03561
40.803,0.03568
40.977,0.03954
41.15,0.04673
41.324,0.04969
41.498,0.04789
41.671,0.04257
41.845,0.04145
42.018,0.04047
42.192,0.03833
42.366,0.03742
42.539,0.03545
42.713,0.03565
42.887,0.03403
43.06,0.03224
43.234,0.03581
43.408,0.03836
43.581,0.03814
43.755,0.03874
43.928,0.04077
44.102,0.04659
44.276,0.04921
44.449,0.0514
44.623,0.05433
44.797,0.05515
44.97,0.05101
45.144,0.05146
45.317,0.05425
45.491,0.05155
45.665,0.05074
45.838,0.05038
46.012,0.04958
46.186,0.04644
46.359,0.04196
46.533,0.04139
46.706,0.04093
46.88,0.04238
47.054,0.04109
47.227,0.03889
47.401,0.03741
47.575,0.04001
47.748,0.04573
47.922,0.04448
48.096,0.04111
48.269,0.04259
48.443,0.04559
48.616,0.04641
48.79,0.04682
48.964,0.04663
49.137,0.04492
49.311,0.04639
49.485,0.0496
49.658,0.05141
49.832,0.05059
50.005,0.04997
50.179,0.04753
50.353,0.04512
50.526,0.04395
50.7,0.04239
50.874,0.03928
51.047,0.03625
51.221,0.03604
51.394,0.03633
51.568,0.03486
51.742,0.03263
51.915,0.03494
52.089,0.0371
52.263,0.03475
52.436,0.03224
52.61,0.02725
52.784,0.02295
52.957,0.02446
53.131,0.02604
53.304,0.02651
53.478,0.02662
53.652,0.02516
53.825,0.02443
53.999,0.02506
54.173,0.02404
54.346,0.02258
54.52,0.02463
54.693,0.02644
54.867,0.02447
55.041,0.02552
55.214,0.02993
55.388,0.03254
55.562,0.03006
55.735,0.02628
55.909,0.02527
56.082,0.02538
56.256,0.02353
56.43,0.0213
56.603,0.02101
56.777,0.0197
56.951,0.0178
57.124,0.01747
57.298,0.01777
57.472,0.01752
57.645,0.01707
57.819,0.0162
57.992,0.01509
58.166,0.01421
58.34,0.01411
58.513,0.01531
58.687,0.01352
58.861,0.01392
59.034,0.01493
59.208,0.01497
59.381,0.01802
59.555,0.02031
59.729,0.01821
59.902,0.01469
60.076,0.01683
60.25,0.02119
60.423,0.02132
60.597,0.01782
60.771,0.0177
60.944,0.01947
61.118,0.01502
61.291,0.01093
61.465,0.01145
61.639,0.01241
61.812,0.01146
61.986,0.00821
62.16,0.00845
62.333,0.01072
62.507,0.01319
62.68,0.01748
62.854,0.01993
63.028,0.01855
63.201,0.01712
63.375,0.01732
63.549,0.01818
63.722,0.02191
63.896,0.02303
64.069,0.0202
64.243,0.02143
64.417,0.02457
64.59,0.02205
64.764,0.02172
64.938,0.02165
65.111,0.02402
65.285,0.02809
65.459,0.02491
65.632,0.01989
65.806,0.0198
65.979,0.02045
66.153,0.02233
66.327,0.02064
66.5,0.02021
66.674,0.02161
66.848,0.02128
67.021,0.0214
67.195,0.0215
67.368,0.0199
67.542,0.02127
67.716,0.0235
67.889,0.02352
68.063,0.02417
68.237,0.02686
68.41,0.0251
68.584,0.01939
68.757,0.02127
68.931,0.02479
69.105,0.0214
69.278,0.02697
69.452,0.02721
69.626,0.02153
69.799,0.01929
69.973,0.02632
70.147,0.03252
70.32,0.0309
70.494,0.02805
70.667,0.02713
70.841,0.02361
71.015,0.01939
71.188,0.0184
71.362,0.0161
71.536,0.01649
71.709,0.01687
71.883,0.0188
72.056,0.01754
72.23,0.01576
72.404,0.01733
72.577,0.01915
72.751,0.01981
72.925,0.01848
73.098,0.01681
73.272,0.01662
73.445,0.01514
73.619,0.0154
73.793,0.01746
73.966,0.0169
74.14,0.01623
74.314,0.01883
74.487,0.01985
74.661,0.01871
74.835,0.01538
75.008,0.01437
75.182,0.01693
75.355,0.01854
75.529,0.01696
75.703,0.01594
75.876,0.01688
76.05,0.01871
76.224,0.02102
76.397,0.02362
76.571,0.02696
76.744,0.03047
76.918,0.02914
77.092,0.02938
77.265,0.03424
77.439,0.03813
77.613,0.03712
77.786,0.03833
77.96,0.04098
78.134,0.03768
78.307,0.03374
78.481,0.03478
78.654,0.03948
78.828,0.04299
79.002,0.04223
79.175,0.04258
79.349,0.04606
79.523,0.04988
79.696,0.04902
79.87,0.04625
80.043,0.04492
80.217,0.04404
80.391,0.04512
80.564,0.04508
80.738,0.04349
80.912,0.04436
81.085,0.04543
81.259,0.04177
81.432,0.03444
81.606,0.03155
81.78,0.03177
81.953,0.02944
82.127,0.02682
82.301,0.02649
82.474,0.02728
82.648,0.02635
82.822,0.02483
82.995,0.02563
83.169,0.03016
83.342,0.0351
83.516,0.03583
83.69,0.03327
83.863,0.03127
84.037,0.02857
84.211,0.02488
84.384,0.02628
84.558,0.03102
84.731,0.03391
84.905,0.0336
85.079,0.03297
85.252,0.03031
85.426,0.0275
85.6,0.02946
85.773,0.0305
85.947,0.03025
86.12,0.03022
86.294,0.03064
86.468,0.02795
86.641,0.02106
86.815,0.01997
86.989,0.02355
87.162,0.02594
87.336,0.0232
87.51,0.02135
87.683,0.02488
87.857,0.02629
88.03,0.02661
88.204,0.02766
88.378,0.02863
88.551,0.02616
88.725,0.02481
88.899,0.02673
89.072,0.02706
89.246,0.02952
89.419,0.03503
89.593,0.03779
89.767,0.03703
89.94,0.03715
90.114,0.03436
90.288,0.03504
90.461,0.03971
90.635,0.0405
90.808,0.04115
90.982,0.04537
91.156,0.0486
91.329,0.05151
91.503,0.05689
91.677,0.0572
91.85,0.05421
92.024,0.05568
92.198,0.05715
92.371,0.05705
92.545,0.05579
92.718,0.05719
92.892,0.06066
93.066,0.06247
93.239,0.0607
93.413,0.05318
93.587,0.05103
93.76,0.04816
93.934,0.04477
94.107,0.04655
94.281,0.04937
94.455,0.04826
94.628,0.04536
94.802,0.04527
94.976,0.04579
95.149,0.04804
95.323,0.04787
95.497,0.04923
95.67,0.05315
95.844,0.05585
96.017,0.05274
96.191,0.05119
96.365,0.05111
96.538,0.04709
96.712,0.04665
96.886,0.0457
97.059,0.04879
97.233,0.05083
97.406,0.05095
97.58,0.05049
97.754,0.0452
97.927,0.04126
98.101,0.04186
98.275,0.04537
98.448,0.05021
98.622,0.0514
98.795,0.05109
98.969,0.05137
99.143,0.05046
99.316,0.0457
99.49,0.04465
99.664,0.04807
99.837,0.05062
100.011,0.05179
100.185,0.05234
100.358,0.05509
100.532,0.05686
100.705,0.05653
100.879,0.05642
101.053,0.05479
101.226,0.05587
101.4,0.05628
101.574,0.06021
101.747,0.06527
101.921,0.06753
102.094,0.07046
102.268,0.07693
102.442,0.07827
102.615,0.07668
102.789,0.07923
102.963,0.08455
103.136,0.08802
103.31,0.08968
103.483,0.09096
103.657,0.09376
103.831,0.09935
104.004,0.10583
104.178,0.11338
104.352,0.1208
104.525,0.12746
104.699,0.13294
104.873,0.13931
105.046,0.14938
105.22,0.15822
105.393,0.16169
105.567,0.16313
105.741,0.16482
105.914,0.16687
106.088,0.16796
106.262,0.17362
106.435,0.19291
106.609,0.21593
106.782,0.22467
106.956,0.22918
107.13,0.25111
107.303,0.29524
107.477,0.35143
107.651,0.39772
107.824,0.41912
107.998,0.43024
108.171,0.45827
108.345,0.49488
108.519,0.50877
108.692,0.50415
108.866,0.50961
109.04,0.53732
109.213,0.58769
109.387,0.64976
109.561,0.69904
109.734,0.72304
109.908,0.74148
110.081,0.7732
110.255,0.80948
110.429,0.8288
110.602,0.83204
110.776,0.84643
110.95,0.8785
111.123,0.91162
111.297,0.94468
111.47,0.98008
111.644,1.01894
111.818,1.05962
111.991,1.09016
112.165,1.11365
112.339,1.14102
112.512,1.16546
112.686,1.17977
112.86,1.19603
113.033,1.22372
113.207,1.24928
113.38,1.27262
113.554,1.30355
113.728,1.33141
113.901,1.3531
114.075,1.37503
114.249,1.40067
114.422,1.42374
114.596,1.43865
114.769,1.45664
114.943,1.48058
115.117,1.51239
115.29,1.54584
115.464,1.5666
115.638,1.57607
115.811,1.57727
115.985,1.58068
116.158,1.60465
116.332,1.63967
116.506,1.66968
116.679,1.69218
116.853,1.70556
117.027,1.71573
117.2,1.73096
117.374,1.75386
117.548,1.78264
117.721,1.80766
117.895,1.81948
118.068,1.8348
118.242,1.861
118.416,1.88664
118.589,1.9121
118.763,1.93642
118.937,1.95776
119.11,1.98016
119.284,1.9994
119.457,2.0168
119.631,2.0286
119.805,2.03858
119.978,2.04941
120.152,2.05946
120.326,2.07509
120.499,2.09488
120.673,2.11252
120.846,2.13189
121.02,2.15609
121.194,2.17614
121.367,2.1906
121.541,2.204
121.715,2.20814
121.888,2.21155
122.062,2.22265
122.236,2.23425
122.409,2.24345
122.583,2.257
122.756,2.27217
122.93,2.28211
123.104,2.29463
123.277,2.3072
123.451,2.31681
123.625,2.33039
123.798,2.34705
123.972,2.36063
124.145,2.37779
124.319,2.39624
124.493,2.40881
124.666,2.41561
124.84,2.41549
125.014,2.4233
125.187,2.4325
125.361,2.44014
125.535,2.44729
125.708,2.45216
125.882,2.45851
126.055,2.46514
126.229,2.47117
126.403,2.4784
126.576,2.48664
126.75,2.49473
126.924,2.5031
127.097,2.50377
127.271,2.4995
127.444,2.50051
127.618,2.50253
127.792,2.50462
127.965,2.50521
128.139,2.507
128.313,2.50978
128.486,2.51133
128.66,2.51069
128.833,2.51178
129.007,2.51849
129.181,2.52587
129.354,2.52734
129.528,2.52625
129.702,2.52611
129.875,2.52702
130.049,2.5314
130.223,2.53361
130.396,2.52982
130.57,2.52449
130.743,2.52411
130.917,2.52355
131.091,2.52076
131.264,2.5206
131.438,2.51946
131.612,2.51217
131.785,2.50284
131.959,2.49746
132.132,2.49784
132.306,2.49767
132.48,2.49555
132.653,2.49143
132.827,2.48687
133.001,2.48098
133.174,2.47246
133.348,2.46798
133.521,2.46662
133.695,2.46239
133.869,2.45531
134.042,2.4494
134.216,2.44337
134.39,2.43677
134.563,2.43173
134.737,2.42598
134.911,2.41766
135.084,2.4089
135.258,2.40007
135.431,2.39293
135.605,2.38828
135.779,2.3826
135.952,2.37624
136.126,2.36958
136.3,2.36241
136.473,2.35504
136.647,2.34433
136.82,2.33526
136.994,2.33163
137.168,2.32495
137.341,2.31598
137.515,2.30859
137.689,2.29858
137.862,2.28708
138.036,2.27386
138.209,2.25709
138.383,2.24149
138.557,2.22744
138.73,2.21277
138.904,2.19919
139.078,2.18382
139.251,2.16822
139.425,2.15525
139.599,2.13907
139.772,2.12049
139.946,2.10467
140.119,2.09025
140.293,2.07558
140.467,2.05799
140.64,2.04278
140.814,2.02896
140.988,2.01223
141.161,1.99399
141.335,1.9754
141.508,1.95898
141.682,1.94141
141.856,1.92489
142.029,1.90495
142.203,1.87988
142.377,1.8586
142.55,1.84166
142.724,1.82952
142.898,1.82108
143.071,1.81703
143.245,1.80842
143.418,1.78819
143.592,1.75991
143.766,1.73233
143.939,1.706
144.113,1.6777
144.287,1.65691
144.46,1.64243
144.634,1.62611
144.807,1.6076
144.981,1.59208
145.155,1.57658
145.328,1.55657
145.502,1.53072
145.676,1.50878
145.849,1.49099
146.023,1.47111
146.196,1.44387
146.37,1.41361
146.544,1.38251
146.717,1.35815
146.891,1.34328
147.065,1.32598
147.238,1.30552
147.412,1.28496
147.586,1.25621
147.759,1.23031
147.933,1.20789
148.106,1.17962
148.28,1.1502
148.454,1.1207
148.627,1.08881
148.801,1.0667
148.975,1.05215
149.148,1.02994
149.322,0.99519
149.495,0.96282
149.669,0.93973
149.843,0.91787
150.016,0.88971
150.19,0.86261
150.364,0.84524
150.537,0.82854
150.711,0.79986
150.884,0.77329
151.058,0.74742
151.232,0.71901
151.405,0.69484
151.579,0.67985
151.753,0.67769
151.926,0.66576
152.1,0.63878
152.274,0.60371
152.447,0.57132
152.621,0.5385
152.794,0.51394
152.968,0.49589
153.142,0.4713
153.315,0.44636
153.489,0.42517
153.663,0.41656
153.836,0.4221
154.01,0.41971
154.183,0.38143
154.357,0.32491
154.531,0.29791
154.704,0.28049
154.878,0.2524
155.052,0.22837
155.225,0.20763
155.399,0.18491
155.572,0.16281
155.746,0.14404
155.92,0.13139
156.093,0.12247
156.267,0.1155
156.441,0.10792
156.614,0.10006
156.788,0.09302
156.962,0.08571
157.135,0.08045
157.309,0.07886
157.482,0.07418
157.656,0.0701
157.83,0.0645
158.003,0.05794
158.177,0.05705
158.351,0.05606
158.524,0.05371
158.698,0.0517
158.871,0.05224
159.045,0.05035
159.219,0.04825
159.392,0.05038
159.566,0.05022
159.74,0.04699
159.913,0.04348
160.087,0.04218
160.26,0.04094
160.434,0.03672
160.608,0.03381
160.781,0.03446
160.955,0.0376
161.129,0.0381
161.302,0.03508
161.476,0.03463
161.65,0.03368
161.823,0.03118
161.997,0.03171
162.17,0.03337
162.344,0.03244
162.518,0.03009
162.691,0.03005
162.865,0.03114
163.039,0.03236
163.212,0.03486
163.386,0.0356
163.559,0.03342
163.733,0.03152
163.907,0.03318
164.08,0.03762
164.254,0.03978
164.428,0.03482
164.601,0.02837
164.775,0.02598
164.949,0.02485
165.122,0.02066
165.296,0.01763
165.469,0.01747
165.643,0.01832
165.817,0.01687
165.99,0.01439
166.164,0.01399
166.338,0.01479
166.511,0.01682
166.685,0.01616
166.858,0.01461
167.032,0.01434
167.206,0.01314
167.379,0.01561
167.553,0.01695
167.727,0.01573
167.9,0.01462
168.074,0.01344
168.247,0.0144
168.421,0.01472
168.595,0.01398
168.768,0.01348
168.942,0.01668
169.116,0.01821
169.289,0.01798
169.463,0.01775
169.637,0.01696
169.81,0.01702
169.984,0.01802
170.157,0.01762
170.331,0.01488
170.505,0.01233
170.678,0.01493
170.852,0.0178
171.026,0.01505
171.199,0.01049
171.373,0.00923
171.546,0.00825
171.72,0.00524
171.894,0.00217
172.067,0.00346
172.241,0.00284
172.415,-0.0005
172.588,-0.0004
172.762,0.00031
172.935,-0.00046
173.109,-0.00212
173.283,0.00155
173.456,0.00543
173.63,0.00746
173.804,0.00747
173.977,0.00688
174.151,0.01107
174.325,0.0131
174.498,0.01149
174.672,0.00887
174.845,0.00552
175.019,0.00719
175.193,0.00909
175.366,0.00919
175.54,0.00492
175.714,0.00301
175.887,0.00279
176.061,0.00108
176.234,0.00137
176.408,-0.00034
176.582,-0.00105
176.755,0.00067
176.929,0.00397
177.103,0.00286
177.276,0.00301
177.45,0.00273
177.624,0.00399
177.797,0.00466
177.971,0.00273
178.144,0.00071
178.318,0.00251
178.492,0.00446
178.665,0.00268
178.839,0.00135
179.013,-0.00044
179.186,0.00096
179.36,0.0049
179.533,0.00464
179.707,0.00441
179.881,0.00483
180.054,0.00392
180.228,0.00142
180.402,0.0004
180.575,0.00099
180.749,-0.0014
180.922,-0.00249
181.096,-0.00034
181.27,0.00011
181.443,-0.00371
181.617,-0.0049
181.791,0.0006
181.964,0.0036
182.138,0.00395
182.312,0.00287
182.485,0.00105
182.659,0.00036
182.832,0.00146
183.006,0.00321
183.18,0.0022
183.353,0.0003
183.527,-0.0002
183.701,0.00128
183.874,-0.00037
184.048,-0.00305
184.221,-0.00423
184.395,-0.00443
184.569,-0.00612
184.742,-0.00629
184.916,-0.00532
185.09,-0.00403
185.263,-0.00337
185.437,-0.00304
185.61,-0.00376
185.784,-0.00444
185.958,-0.00306
186.131,-0.00294
186.305,-0.00339
186.479,-0.00215
186.652,-0.00361
186.826,-0.0055
187,-0.0062
187.173,-0.00308
187.347,0.00162
187.52,0.00155
187.694,-0.00155
187.868,-0.0025
188.041,-0.00206
188.215,-0.00426
188.389,-0.00663
188.562,-0.00467
188.736,-0.00284
188.909,-0.00523
189.083,-0.00602
189.257,-0.00376
189.43,-0.00315
189.604,-0.0055
189.778,-0.00722
189.951,-0.00718
190.125,-0.00641
190.298,-0.0056
190.472,-0.01029
190.646,-0.01597
190.819,-0.01611
190.993,-0.01468
191.167,-0.01436
191.34,-0.0147
191.514,-0.01723
191.688,-0.02273
191.861,-0.02601
192.035,-0.0246
192.208,-0.0243
192.382,-0.02529
192.556,-0.02557
192.729,-0.02514
192.903,-0.02476
193.077,-0.02364
193.25,-0.02248
193.424,-0.0252
193.597,-0.02696
193.771,-0.0249
193.945,-0.02312
194.118,-0.02192
194.292,-0.01941
194.466,-0.0162
194.639,-0.01494
194.813,-0.01509
194.986,-0.01428
195.16,-0.01387
195.334,-0.01324
195.507,-0.0119
195.681,-0.00869
195.855,-0.00712
196.028,-0.00632
196.202,-0.00496
196.376,-0.00512
196.549,-0.00334
196.723,-0.0029
196.896,-0.00561
197.07,-0.0088
197.244,-0.00886
197.417,-0.00832
197.591,-0.00882
197.765,-0.01003
197.938,-0.00866
198.112,-0.00842
198.285,-0.00821
198.459,-0.00702
198.633,-0.00727
198.806,-0.00632
198.98,-0.00672
199.154,-0.0072
199.327,-0.00696
199.501,-0.00908
199.675,-0.01118
199.848,-0.01286
200.022,-0.01507
200.195,-0.01953
200.369,-0.02032
200.543,-0.01757
200.716,-0.01567
200.89,-0.01291
201.064,-0.01338
201.237,-0.01495
201.411,-0.01527
201.584,-0.01589
201.758,-0.0141
201.932,-0.0131
202.105,-0.01405
202.279,-0.01511
202.453,-0.01585
202.626,-0.01983
202.8,-0.02313
202.973,-0.02253
203.147,-0.0167
203.321,-0.01458
203.494,-0.01445
203.668,-0.01728
203.842,-0.01797
204.015,-0.01625
204.189,-0.01781
204.363,-0.01343
204.536,-0.01121
204.71,-0.01142
204.883,-0.00886
205.057,-0.00365
205.231,-0.00159
205.404,-0.0047
205.578,-0.00402
205.752,-0.0036
205.925,-0.00174
206.099,-0.00164
206.272,-0.00167
206.446,-0.00106
206.62,-0.00179
206.793,-0.00146
206.967,-0.00226
207.141,-0.00043
207.314,0.0016
207.488,0.00391
207.661,0.00238
207.835,-0.00051
208.009,-0.00049
208.182,0.00173
208.356,0.0054
208.53,0.00934
208.703,0.0083
208.877,0.00616
209.051,0.00605
209.224,0.00762
209.398,0.00905
209.571,0.01128
209.745,0.00863
209.919,0.00368
210.092,0.00233
210.266,0.00545
210.44,0.00596
210.613,0.00396
210.787,0.00173
210.96,0.00257
211.134,0.00488
211.308,0.00483
211.481,0.0059
211.655,0.00751
211.829,0.00781
212.002,0.00891
212.176,0.0094
212.35,0.00941
212.523,0.00978
212.697,0.01098
212.87,0.00861
213.044,0.00646
213.218,0.0058
213.391,0.00779
213.565,0.0104
213.739,0.0085
213.912,0.00636
214.086,0.00558
214.259,0.0026
214.433,-0.00075
214.607,-0.00245
214.78,-0.00388
214.954,-0.00351
215.128,-0.00413
215.301,-0.0065
215.475,-0.00764
215.648,-0.00621
215.822,-0.00381
215.996,-0.00382
216.169,-0.00559
216.343,-0.00647
216.517,-0.00659
216.69,-0.00718
216.864,-0.00632
217.038,-0.00574
217.211,-0.00947
217.385,-0.01249
217.558,-0.01138
217.732,-0.00974
217.906,-0.008
218.079,-0.00638
218.253,-0.00743
218.427,-0.01154
218.6,-0.01261
218.774,-0.01004
218.947,-0.00809
219.121,-0.00763
219.295,-0.00794
219.468,-0.0081
219.642,-0.00782
219.816,-0.00854
219.989,-0.00936
220.163,-0.00868
220.336,-0.007
220.51,-0.00621
220.684,-0.0078
220.857,-0.00826
221.031,-0.005
221.205,-0.00252
221.378,-0.00476
221.552,-0.00628
221.726,-0.00706
221.899,-0.00849
222.073,-0.00909
222.246,-0.00901
222.42,-0.00914
222.594,-0.00991
222.767,-0.0096
222.941,-0.00767
223.115,-0.00696
223.288,-0.00848
223.462,-0.01087
223.635,-0.01204
223.809,-0.0107
223.983,-0.0098
224.156,-0.01014
224.33,-0.01088
224.504,-0.01133
224.677,-0.00757
224.851,-0.0047
225.024,-0.00178
225.198,0.00067
225.372,0.00186
225.545,0.00308
225.719,0.00245
225.893,0.00653
226.066,0.01029
226.24,0.00662
226.414,0.00609
226.587,0.01109
226.761,0.01573
226.934,0.01285
227.108,0.01107
227.282,0.01114
227.455,0.01275
227.629,0.01025
227.803,0.00705
227.976,0.0067
228.15,0.00355
228.323,-0.00125
228.497,-0.00327
228.671,-0.00513
228.844,-0.00538
229.018,-0.00535
229.192,-0.00698
229.365,-0.00666
229.539,-0.00522
229.713,-0.00512
229.886,-0.00343
230.06,-0.00599
230.233,-0.00577
230.407,-0.00534
230.581,-0.00542
230.754,-0.00715
230.928,-0.00497
231.102,-0.00349
231.275,-0.00749
231.449,-0.01061
231.622,-0.01285
231.796,-0.01159
231.97,-0.01375
232.143,-0.01943
232.317,-0.01963
232.491,-0.01922
232.664,-0.02091
232.838,-0.02443
233.011,-0.02275
233.185,-0.02428
233.359,-0.02606
233.532,-0.02216
233.706,-0.02365
233.88,-0.02701
234.053,-0.02917
234.227,-0.02743
234.401,-0.02702
234.574,-0.02785
234.748,-0.02626
234.921,-0.02397
235.095,-0.02404
235.269,-0.02229
235.442,-0.02037
235.616,-0.01846
235.79,-0.0165
235.963,-0.01539
236.137,-0.0157
236.31,-0.01099
236.484,-0.00906
236.658,-0.01007
236.831,-0.01176
237.005,-0.01223
237.179,-0.01468
237.352,-0.01391
237.526,-0.01344
237.699,-0.01571
237.873,-0.01691
238.047,-0.01559
238.22,-0.01468
238.394,-0.01748
238.568,-0.0185
238.741,-0.01612
238.915,-0.014
239.089,-0.01299
239.262,-0.01231
239.436,-0.01079
239.609,-0.01045
239.783,-0.00799
239.957,-0.00535
240.13,-0.00594
240.304,-0.00721
240.478,-0.00858
240.651,-0.00882
240.825,-0.00875
240.998,-0.01026
241.172,-0.01227
241.346,-0.01179
241.519,-0.01128
241.693,-0.01346
241.867,-0.01287
242.04,-0.00952
242.214,-0.00808
242.387,-0.00746
242.561,-0.00692
242.735,-0.00727
242.908,-0.00617
243.082,-0.0067
243.256,-0.00773
243.429,-0.0054
243.603,-0.00164
243.777,-0.00098
243.95,-0.00034
244.124,0.00162
244.297,0.00172
244.471,0.00051
244.645,-0.00019
244.818,0.00034
244.992,0.00241
245.166,0.00286
245.339,0.00207
245.513,0.0004
245.686,-0.0022
245.86,-0.00267
246.034,-0.00084
246.207,0.0009
246.381,0.00127
246.555,0.00058
246.728,-0.00111
246.902,-0.00388
247.076,-0.00442
247.249,-0.00285
247.423,-0.00195
247.596,-0.00281
247.77,-0.0031
247.944,-0.00113
248.117,-0.00155
248.291,-0.00152
248.465,0.00146
248.638,0.00174
248.812,8E-05
248.985,0.00188
249.159,0.00645
249.333,0.00746
249.506,0.00637
249.68,0.0042
249.854,0.00404
250.027,0.0042
250.201,0.00486
250.374,0.00781
250.548,0.00727
250.722,0.00616
250.895,0.00955
251.069,0.01365
251.243,0.01261
251.416,0.01092
251.59,0.00947
251.764,0.01076
251.937,0.01098
252.111,0.012
252.284,0.01252
252.458,0.01048
252.632,0.00768
252.805,0.00422
252.979,0.007
253.153,0.00963
253.326,0.00863
253.5,0.00819
253.673,0.00481
253.847,0.00273
254.021,0.00138
254.194,0.00302
254.368,0.00348
254.542,0.00652
254.715,0.01032
254.889,0.01125
255.062,0.01367
255.236,0.01714
255.41,0.01892
255.583,0.02203
255.757,0.02473
255.931,0.02342
256.104,0.02181
256.278,0.0223
256.452,0.0253
256.625,0.02714
256.799,0.03074
256.972,0.03249
257.146,0.03096
257.32,0.02988
257.493,0.02967
257.667,0.03059
257.841,0.03385
258.014,0.036
258.188,0.03617
258.361,0.03441
258.535,0.03636
258.709,0.03679
258.882,0.03897
259.056,0.04115
259.23,0.04054
259.403,0.04095
259.577,0.04177
259.75,0.04198
259.924,0.04599
260.098,0.04827
260.271,0.0467
260.445,0.04744
260.619,0.04791
260.792,0.04804
260.966,0.05108
261.14,0.04941
261.313,0.0463
261.487,0.04763
261.66,0.04633
261.834,0.04768
262.008,0.04893
262.181,0.05057
262.355,0.05161
262.529,0.05396
262.702,0.05578
262.876,0.05752
263.049,0.0594
263.223,0.06022
263.397,0.06354
263.57,0.067
263.744,0.07
263.918,0.07291
264.091,0.0767
264.265,0.07485
264.439,0.0783
264.612,0.08713
264.786,0.0937
264.959,0.09788
265.133,0.10068
265.307,0.10735
265.48,0.1147
265.654,0.1193
265.828,0.12232
266.001,0.1275
266.175,0.13654
266.348,0.14837
266.522,0.16465
266.696,0.17497
266.869,0.17709
267.043,0.17568
267.217,0.18151
267.39,0.19922
267.564,0.22021
267.737,0.24344
267.911,0.27025
268.085,0.29576
268.258,0.32335
268.432,0.35944
268.606,0.39894
268.779,0.4404
268.953,0.4754
269.127,0.48679
269.3,0.48934
269.474,0.51164
269.647,0.54885
269.821,0.57933
269.995,0.60466
270.168,0.633
270.342,0.66306
270.516,0.69276
270.689,0.72091
270.863,0.7477
271.036,0.76834
271.21,0.78866
271.384,0.82031
271.557,0.85697
271.731,0.88228
271.905,0.89476
272.078,0.90764
272.252,0.93344
272.425,0.97432
272.599,1.01128
272.773,1.03685
272.946,1.06861
273.12,1.11598
273.294,1.16031
273.467,1.1863
273.641,1.20366
273.815,1.22742
273.988,1.26256
274.162,1.30228
274.335,1.33055
274.509,1.34265
274.683,1.35342
274.856,1.37527
275.03,1.40842
275.204,1.44253
275.377,1.46777
275.551,1.49135
275.724,1.5164
275.898,1.53755
276.072,1.56169
276.245,1.59258
276.419,1.62055
276.593,1.64523
276.766,1.67249
276.94,1.70043
277.113,1.73004
277.287,1.76636
277.461,1.80404
277.634,1.83624
277.808,1.86005
277.982,1.87903
278.155,1.89934
278.329,1.92011
278.503,1.9447
278.676,1.97359
278.85,2.00175
279.023,2.02272
279.197,2.03869
279.371,2.05878
279.544,2.08488
279.718,2.11462
279.892,2.14312
280.065,2.16986
280.239,2.19102
280.412,2.2032
280.586,2.21661
280.76,2.23464
280.933,2.26008
281.107,2.2872
281.281,2.30868
281.454,2.33122
281.628,2.3595
281.802,2.38454
281.975,2.40271
282.149,2.42511
282.322,2.44648
282.496,2.46883
282.67,2.49244
282.843,2.51546
283.017,2.53021
283.191,2.54747
283.364,2.57107
283.538,2.59344
283.711,2.61212
283.885,2.63314
284.059,2.65486
284.232,2.67209
284.406,2.69017
284.58,2.70711
284.753,2.7223
284.927,2.73287
285.1,2.75023
285.274,2.77234
285.448,2.78555
285.621,2.79905
285.795,2.81653
285.969,2.84125
286.142,2.86384
286.316,2.87589
286.49,2.88779
286.663,2.90094
286.837,2.91752
287.01,2.92615
287.184,2.93606
287.358,2.95299
287.531,2.96836
287.705,2.98299
287.879,2.99816
288.052,3.01351
288.226,3.02893
288.399,3.03885
288.573,3.04443
288.747,3.05282
288.92,3.06579
289.094,3.07974
289.268,3.09064
289.441,3.10443
289.615,3.11872
289.788,3.1307
289.962,3.14188
290.136,3.15194
290.309,3.15946
290.483,3.16541
290.657,3.17209
290.83,3.18339
291.004,3.19309
291.178,3.20319
291.351,3.21208
291.525,3.21908
291.698,3.22426
291.872,3.2322
292.046,3.24184
292.219,3.24965
292.393,3.26056
292.567,3.2699
292.74,3.27722
292.914,3.28426
293.087,3.28536
293.261,3.28689
293.435,3.28945
293.608,3.29064
293.782,3.29096
293.956,3.29644
294.129,3.30409
294.303,3.31126
294.477,3.31723
294.65,3.31885
294.824,3.31882
294.997,3.31912
295.171,3.31737
295.345,3.31666
295.518,3.32076
295.692,3.32363
295.866,3.32332
296.039,3.32269
296.213,3.32088
296.386,3.31707
296.56,3.31204
296.734,3.3067
296.907,3.30213
297.081,3.29831
297.255,3.29297
297.428,3.28622
297.602,3.28102
297.775,3.27787
297.949,3.27555
298.123,3.27306
298.296,3.2709
298.47,3.27028
298.644,3.26931
298.817,3.26739
298.991,3.26309
299.165,3.25562
299.338,3.24697
299.512,3.23882
299.685,3.22958
299.859,3.21649
300.033,3.20699
300.206,3.20507
300.38,3.20097
300.554,3.1914
300.727,3.17771
300.901,3.16332
301.074,3.15218
301.248,3.14703
301.422,3.14317
301.595,3.13735
301.769,3.12975
301.943,3.12241
302.116,3.11701
302.29,3.10562
302.463,3.08593
302.637,3.06655
302.811,3.05543
302.984,3.0536
303.158,3.05381
303.332,3.04854
303.505,3.03938
303.679,3.02391
303.853,3.00704
304.026,2.99095
304.2,2.97456
304.373,2.96021
304.547,2.94712
304.721,2.93377
304.894,2.92194
305.068,2.90917
305.242,2.89363
305.415,2.87413
305.589,2.85577
305.762,2.8378
305.936,2.82103
306.11,2.80387
306.283,2.78688
306.457,2.77603
306.631,2.76251
306.804,2.74568
306.978,2.72428
307.151,2.70063
307.325,2.68304
307.499,2.6645
307.672,2.64599
307.846,2.63192
308.02,2.61709
308.193,2.59488
308.367,2.57333
308.541,2.55341
308.714,2.53377
308.888,2.51865
309.061,2.50181
309.235,2.48272
309.409,2.46746
309.582,2.44823
309.756,2.42101
309.93,2.3988
310.103,2.39183
310.277,2.38297
310.45,2.36153
310.624,2.33572
310.798,2.30743
310.971,2.27151
311.145,2.24596
311.319,2.23143
311.492,2.21693
311.666,2.19198
311.84,2.14719
312.013,2.10896
312.187,2.09843
312.36,2.0994
312.534,2.07181
312.708,2.02682
312.881,1.9919
313.055,1.98098
313.229,1.98147
313.402,1.96968
313.576,1.9398
313.749,1.90489
313.923,1.86899
314.097,1.83355
314.27,1.81328
314.444,1.80687
314.618,1.78784
314.791,1.74618
314.965,1.69528
315.138,1.66336
315.312,1.66932
315.486,1.66592
315.659,1.62533
315.833,1.57213
316.007,1.53869
316.18,1.52848
316.354,1.5193
316.527,1.49071
316.701,1.44769
316.875,1.40346
317.048,1.37542
317.222,1.3599
317.396,1.34544
317.569,1.3177
317.743,1.27451
317.917,1.2363
318.09,1.21117
318.264,1.19104
318.437,1.15853
318.611,1.11551
318.785,1.0848
318.958,1.06754
319.132,1.04912
319.306,1.01677
319.479,0.97806
319.653,0.94665
319.826,0.92046
320,0.89234
320.174,0.8692
320.347,0.84985
320.521,0.82096
320.695,0.78499
320.868,0.74441
321.042,0.70629
321.216,0.67729
321.389,0.64954
321.563,0.612
321.736,0.57899
321.91,0.56729
322.084,0.55784
322.257,0.5317
322.431,0.48082
322.605,0.41803
322.778,0.39018
322.952,0.40575
323.125,0.40897
323.299,0.36748
323.473,0.31479
323.646,0.28177
323.82,0.2646
323.994,0.25591
324.167,0.24964
324.341,0.23842
324.514,0.22165
324.688,0.204
324.862,0.18418
325.035,0.16534
325.209,0.14831
325.383,0.13335
325.556,0.12187
325.73,0.1118
325.904,0.10242
326.077,0.09314
326.251,0.08494
326.424,0.07882
326.598,0.07323
326.772,0.06818
326.945,0.06165
327.119,0.05676
327.293,0.05264
327.466,0.04579
327.64,0.04113
327.813,0.03881
327.987,0.03795
328.161,0.03664
328.334,0.0305
328.508,0.02268
328.682,0.01897
328.855,0.02189
329.029,0.02457
329.203,0.02184
329.376,0.01945
329.55,0.01867
329.723,0.01649
329.897,0.01318
330.071,0.01069
330.244,0.01015
330.418,0.01243
330.592,0.01481
330.765,0.01325
330.939,0.00806
331.112,0.00507
331.286,0.00637
331.46,0.01185
331.633,0.01359
331.807,0.01219
331.981,0.0112
332.154,0.00862
332.328,0.0066
332.501,0.00521
332.675,0.00486
332.849,0.00307
333.022,0.00212
333.196,0.00218
333.37,-0.00102
333.543,-0.00297
333.717,-0.00194
333.891,0.00129
334.064,-0.00025
334.238,-0.00933
334.411,-0.01063
334.585,-0.00876
334.759,-0.00853
334.932,-0.00969
335.106,-0.01217
335.28,-0.01656
335.453,-0.02237
335.627,-0.02772
335.8,-0.03127
335.974,-0.03164
336.148,-0.02861
336.321,-0.02868
336.495,-0.03021
336.669,-0.03463
336.842,-0.03889
337.016,-0.03738
337.189,-0.03542
337.363,-0.0333
337.537,-0.03017
337.71,-0.02862
337.884,-0.02905
338.058,-0.03086
338.231,-0.02774
338.405,-0.02758
338.579,-0.02988
338.752,-0.02987
338.926,-0.02929
339.099,-0.02658
339.273,-0.02574
339.447,-0.0242
339.62,-0.02133
339.794,-0.01841
339.968,-0.0163
340.141,-0.02199
340.315,-0.02013
340.488,-0.02015
340.662,-0.02268
340.836,-0.02323
341.009,-0.02305
341.183,-0.02401
341.357,-0.02688
341.53,-0.02456
341.704,-0.02441
341.878,-0.0319
342.051,-0.03612
342.225,-0.03572
342.398,-0.0364
342.572,-0.03899
342.746,-0.03984
342.919,-0.03719
343.093,-0.03499
343.267,-0.03626
343.44,-0.0398
343.614,-0.04358
343.787,-0.04349
343.961,-0.04282
344.135,-0.04508
344.308,-0.04651
344.482,-0.04534
344.656,-0.04304
344.829,-0.04117
345.003,-0.0419
345.176,-0.04054
345.35,-0.03977
345.524,-0.03995
345.697,-0.03659
345.871,-0.03114
346.045,-0.03093
346.218,-0.03411
346.392,-0.03827
346.565,-0.0407
346.739,-0.03958
346.913,-0.03913
347.086,-0.03986
347.26,-0.04085
347.434,-0.04232
347.607,-0.04297
347.781,-0.0418
347.955,-0.04142
348.128,-0.04682
348.302,-0.04871
348.475,-0.04512
348.649,-0.03707
348.823,-0.03411
348.996,-0.03767
349.17,-0.03679
349.344,-0.03151
349.517,-0.03085
349.691,-0.03286
349.864,-0.03186
350.038,-0.02873
350.212,-0.03214
350.385,-0.03708
350.559,-0.03537
350.733,-0.03345
350.906,-0.03497
351.08,-0.03753
351.254,-0.03844
351.427,-0.0381
351.601,-0.03964
351.774,-0.0432
351.948,-0.04526
352.122,-0.04438
352.295,-0.04275
352.469,-0.04205
352.643,-0.04103
352.816,-0.04166
352.99,-0.04233
353.163,-0.03992
353.337,-0.03576
353.511,-0.03384
353.684,-0.03557
353.858,-0.0376
354.032,-0.03822
354.205,-0.03684
354.379,-0.03549
354.552,-0.03531
354.726,-0.03528
354.9,-0.03591
355.073,-0.03573
355.247,-0.0355
355.421,-0.03637
355.594,-0.03562
355.768,-0.03407
355.942,-0.0342
356.115,-0.03677
356.289,-0.03994
356.462,-0.04101
356.636,-0.04114
356.81,-0.03921
356.983,-0.03601
357.157,-0.03635
357.331,-0.04008
357.504,-0.04271
357.678,-0.04117
357.851,-0.03605
358.025,-0.03288
358.199,-0.03318
358.372,-0.03452
358.546,-0.03253
358.72,-0.03291
358.893,-0.03785
359.067,-0.03952
359.24,-0.03783
359.414,-0.03805
359.588,-0.03685
359.761,-0.03439
359.935,-0.0367
360.109,-0.04001
360.282,-0.03713
360.456,-0.03747
360.63,-0.03615
360.803,-0.03602
360.977,-0.0377
361.15,-0.03526
361.324,-0.03519
361.498,-0.03825
361.671,-0.03898
361.845,-0.03719
362.019,-0.03625
362.192,-0.03875
362.366,-0.04165
362.539,-0.04152
362.713,-0.03558
362.887,-0.02957
363.06,-0.02995
363.234,-0.03194
363.408,-0.03436
363.581,-0.03663
363.755,-0.03543
363.928,-0.03399
364.102,-0.03586
364.276,-0.03612
364.449,-0.03322
364.623,-0.03478
364.797,-0.04184
364.97,-0.04177
365.144,-0.03808
365.318,-0.03528
365.491,-0.03495
365.665,-0.03615
365.838,-0.03472
366.012,-0.03477
366.186,-0.03371
366.359,-0.03019
366.533,-0.03085
366.707,-0.02851
366.88,-0.02343
367.054,-0.02227
367.227,-0.02774
367.401,-0.02704
367.575,-0.02392
367.748,-0.02811
367.922,-0.03227
368.096,-0.03402
368.269,-0.03581
368.443,-0.03832
368.617,-0.03653
368.79,-0.03685
368.964,-0.04167
369.137,-0.04161
369.311,-0.03708
369.485,-0.03851
369.658,-0.04628
369.832,-0.048
370.006,-0.04607
370.179,-0.04658
370.353,-0.05097
370.526,-0.04951
370.7,-0.04585
370.874,-0.04324
371.047,-0.04466
371.221,-0.04691
371.395,-0.04695
371.568,-0.04689
371.742,-0.0435
371.915,-0.03847
372.089,-0.03793
372.263,-0.04394
372.436,-0.04679
372.61,-0.04332
372.784,-0.04225
372.957,-0.03982
373.131,-0.03865
373.305,-0.04197
373.478,-0.04462
373.652,-0.04212
373.825,-0.03706
373.999,-0.03532
374.173,-0.03839
374.346,-0.0438
374.52,-0.04581
374.694,-0.04475
374.867,-0.04369
375.041,-0.04342
375.214,-0.04597
375.388,-0.04989
375.562,-0.05286
375.735,-0.05214
375.909,-0.05018
376.083,-0.05095
376.256,-0.05372
376.43,-0.05259
376.603,-0.05078
376.777,-0.04882
376.951,-0.04519
377.124,-0.04633
377.298,-0.05176
377.472,-0.05419
377.645,-0.0517
377.819,-0.04992
377.993,-0.04865
378.166,-0.04747
378.34,-0.04821
378.513,-0.04497
378.687,-0.0408
378.861,-0.04218
379.034,-0.0424
379.208,-0.03908
379.382,-0.03708
379.555,-0.0382
379.729,-0.03951
379.902,-0.03887
380.076,-0.03695
380.25,-0.03622
380.423,-0.0352
380.597,-0.03504
380.771,-0.03481
380.944,-0.03191
381.118,-0.03075
381.292,-0.03277
381.465,-0.03342
381.639,-0.03065
381.812,-0.02945
381.986,-0.03141
382.16,-0.03134
382.333,-0.03034
382.507,-0.03149
382.681,-0.03094
382.854,-0.02807
383.028,-0.02679
383.201,-0.02767
383.375,-0.03116
383.549,-0.03337
383.722,-0.03196
383.896,-0.03182
384.07,-0.03436
384.243,-0.03635
384.417,-0.03388
384.59,-0.03193
384.764,-0.03296
384.938,-0.03284
385.111,-0.03366
385.285,-0.0343
385.459,-0.03274
385.632,-0.032
385.806,-0.03173
385.98,-0.03207
386.153,-0.03281
386.327,-0.03323
386.5,-0.03377
386.674,-0.03567
386.848,-0.03621
387.021,-0.03492
387.195,-0.0346
387.369,-0.03672
387.542,-0.04124
387.716,-0.04246
387.889,-0.04138
388.063,-0.04079
388.237,-0.03829
388.41,-0.03879
388.584,-0.03947
388.758,-0.03532
388.931,-0.03612
389.105,-0.04224
389.278,-0.04752
389.452,-0.0496
389.626,-0.05019
389.799,-0.05167
389.973,-0.05124
390.147,-0.04884
390.32,-0.04577
390.494,-0.04505
390.668,-0.04795
390.841,-0.04573
391.015,-0.04386
391.188,-0.04387
391.362,-0.04251
391.536,-0.04325
391.709,-0.04325
391.883,-0.04505
392.057,-0.04462
392.23,-0.04357
392.404,-0.04244
392.577,-0.04206
392.751,-0.042
392.925,-0.04061
393.098,-0.04029
393.272,-0.04225
393.446,-0.04331
393.619,-0.04151
393.793,-0.03747
393.966,-0.03856
394.14,-0.04234
394.314,-0.04567
394.487,-0.03782
394.661,-0.03116
394.835,-0.0334
395.008,-0.03446
395.182,-0.03196
395.356,-0.03022
395.529,-0.02861
395.703,-0.03271
395.876,-0.03677
396.05,-0.03907
396.224,-0.04174
396.397,-0.03793
396.571,-0.03421
396.745,-0.0352
396.918,-0.04243
397.092,-0.04471
397.265,-0.04141
397.439,-0.0406
397.613,-0.0408
397.786,-0.04266
397.96,-0.0403
398.134,-0.03255
398.307,-0.03064
398.481,-0.0319
398.655,-0.03109
398.828,-0.02951
399.002,-0.02945
399.175,-0.02753
399.349,-0.02811
399.523,-0.03218
399.696,-0.03204
399.87,-0.03211
400.044,-0.0313
400.217,-0.03281
400.391,-0.03491
400.564,-0.035
400.738,-0.0352
400.912,-0.03383
401.085,-0.03257
401.259,-0.03265
401.433,-0.0324
401.606,-0.0234
401.78,-0.01666
401.953,-0.01699
402.127,-0.02046
402.301,-0.02352
402.474,-0.02198
402.648,-0.01949
402.822,-0.02021
402.995,-0.02229
403.169,-0.02483
403.343,-0.03119
403.516,-0.03617
403.69,-0.03734
403.863,-0.03672
404.037,-0.03747
404.211,-0.03901
404.384,-0.03919
404.558,-0.03823
404.732,-0.03783
404.905,-0.04179
405.079,-0.04436
405.252,-0.04207
405.426,-0.04034
405.6,-0.04128
405.773,-0.04229
405.947,-0.04172
406.121,-0.04276
406.294,-0.04307
406.468,-0.04107
406.641,-0.04164
406.815,-0.0425
406.989,-0.04379
407.162,-0.04688
407.336,-0.04808
407.51,-0.04884
407.683,-0.05042
407.857,-0.05146
408.031,-0.05242
408.204,-0.05032
408.378,-0.04579
408.551,-0.04292
408.725,-0.0445
408.899,-0.04506
409.072,-0.04157
409.246,-0.0401
409.42,-0.04165
409.593,-0.04281
409.767,-0.04198
409.94,-0.04043
410.114,-0.03888
410.288,-0.03737
410.461,-0.03735
410.635,-0.03831
410.809,-0.03788
410.982,-0.03698
411.156,-0.03588
411.329,-0.03283
411.503,-0.03031
411.677,-0.03049
411.85,-0.03041
412.024,-0.0313
412.198,-0.03529
412.371,-0.03363
412.545,-0.02723
412.719,-0.02774
412.892,-0.02973
413.066,-0.02977
413.239,-0.0262
413.413,-0.02328
413.587,-0.0233
413.76,-0.02333
413.934,-0.02336
414.108,-0.02337
414.281,-0.02416
414.455,-0.02628
414.628,-0.02856
414.802,-0.0312
414.976,-0.03223
415.149,-0.03475
415.323,-0.03344
415.497,-0.03201
415.67,-0.03407
415.844,-0.0352
416.018,-0.03305
416.191,-0.0301
416.365,-0.02861
416.538,-0.02758
416.712,-0.02763
416.886,-0.02997
417.059,-0.02955
417.233,-0.02519
417.407,-0.02253
417.58,-0.02618
417.754,-0.03132
417.927,-0.03179
418.101,-0.03307
418.275,-0.03829
418.448,-0.03974
418.622,-0.03717
418.796,-0.03173
418.969,-0.02918
419.143,-0.03037
419.316,-0.03302
419.49,-0.03412
419.664,-0.03316
419.837,-0.03441
420.011,-0.03642
420.185,-0.03818
420.358,-0.03635
420.532,-0.03483
420.706,-0.0379
420.879,-0.03835
421.053,-0.03731
421.226,-0.03719
421.4,-0.03613
421.574,-0.03512
421.747,-0.03817
421.921,-0.04276
422.095,-0.03927
422.268,-0.03577
422.442,-0.03423
422.615,-0.03856
422.789,-0.04377
422.963,-0.04664
423.136,-0.04676
423.31,-0.04679
423.484,-0.04681
423.657,-0.04561
423.831,-0.04468
424.004,-0.04343
424.178,-0.04304
424.352,-0.0423
424.525,-0.0416
424.699,-0.03979
424.873,-0.0409
425.046,-0.04284
425.22,-0.04451
425.394,-0.04625
425.567,-0.04631
425.741,-0.04783
425.914,-0.049
426.088,-0.04752
426.262,-0.04845
426.435,-0.04754
426.609,-0.04516
426.783,-0.04085
426.956,-0.03611
427.13,-0.03307
427.303,-0.03072
427.477,-0.02798
427.651,-0.02903
427.824,-0.03084
427.998,-0.02837
428.172,-0.02313
428.345,-0.02208
428.519,-0.02276
428.693,-0.02189
428.866,-0.02164
429.04,-0.02411
429.213,-0.0267
429.387,-0.03006
429.561,-0.0303
429.734,-0.02588
429.908,-0.02187
430.082,-0.02115
430.255,-0.02219
430.429,-0.02163
430.602,-0.01989
430.776,-0.02085
430.95,-0.02069
431.123,-0.01996
431.297,-0.01992
431.471,-0.02034
431.644,-0.02416
431.818,-0.02677
431.991,-0.0257
432.165,-0.0243
432.339,-0.02435
432.512,-0.02555
432.686,-0.02377
432.86,-0.01991
433.033,-0.01877
433.207,-0.02094
433.381,-0.02293
433.554,-0.02042
433.728,-0.01838
433.901,-0.02085
434.075,-0.0236
434.249,-0.02434
434.422,-0.0228
434.596,-0.02118
434.77,-0.01897
434.943,-0.01914
435.117,-0.02162
435.29,-0.02233
435.464,-0.02212
435.638,-0.02348
435.811,-0.02459
435.985,-0.02424
436.159,-0.02295
436.332,-0.01975
436.506,-0.01679
436.679,-0.01693
436.853,-0.01806
437.027,-0.01888
437.2,-0.01974
437.374,-0.02079
437.548,-0.02011
437.721,-0.01588
437.895,-0.01017
438.069,-0.01009
438.242,-0.01387
438.416,-0.01489
438.589,-0.0156
438.763,-0.01862
438.937,-0.02102
439.11,-0.01935
439.284,-0.01712
439.458,-0.01818
439.631,-0.01965
439.805,-0.02015
439.978,-0.02
440.152,-0.02211
440.326,-0.02341
440.499,-0.02208
440.673,-0.01997
440.847,-0.02114
441.02,-0.02124
441.194,-0.01812
441.367,-0.0173
441.541,-0.01928
441.715,-0.0231
441.888,-0.0251
442.062,-0.02288
442.236,-0.02211
442.409,-0.02138
442.583,-0.01813
442.757,-0.01728
442.93,-0.01875
443.104,-0.01893
443.277,-0.01541
443.451,-0.01345
443.625,-0.01101
443.798,-0.00681
443.972,-0.00594
444.146,-0.00908
444.319,-0.0103
444.493,-0.01119
444.666,-0.01
444.84,-0.00732
445.014,-0.00416
445.187,-0.00442
445.361,-0.00656
445.535,-0.00979
445.708,-0.01172
445.882,-0.01056
446.056,-0.0111
446.229,-0.01198
446.403,-0.01287
446.576,-0.01682
446.75,-0.02034
446.924,-0.01996
447.097,-0.02121
447.271,-0.02237
447.445,-0.02262
447.618,-0.02434
447.792,-0.02512
447.965,-0.02255
448.139,-0.02276
448.313,-0.02047
448.486,-0.01561
448.66,-0.01791
448.834,-0.0187
449.007,-0.01751
449.181,-0.02073
449.354,-0.0211
449.528,-0.0209
449.702,-0.02484
449.875,-0.0239
450.049,-0.02154
450.223,-0.02093
450.396,-0.02377
450.57,-0.02821
450.743,-0.0318
450.917,-0.03191
451.091,-0.0312
451.264,-0.03815
451.438,-0.03902
451.612,-0.03655
451.785,-0.03496
451.959,-0.03696
452.133,-0.03962
452.306,-0.03972
452.48,-0.04478
452.653,-0.04875
452.827,-0.04546
453.001,-0.04144
453.174,-0.04125
453.348,-0.04546
453.522,-0.04468
453.695,-0.03855
453.869,-0.03455
454.042,-0.03231
454.216,-0.03154
454.39,-0.03134
454.563,-0.03147
454.737,-0.03102
454.911,-0.03135
455.084,-0.02785
455.258,-0.02491
455.432,-0.02631
455.605,-0.02878
455.779,-0.02823
455.952,-0.02943
456.126,-0.02749
456.3,-0.02716
456.473,-0.02776
456.647,-0.02845
456.821,-0.03096
456.994,-0.03274
457.168,-0.03495
457.341,-0.03595
457.515,-0.0343
457.689,-0.02978
457.862,-0.02535
458.036,-0.02419
458.21,-0.02059
458.383,-0.01967
458.557,-0.01939
458.73,-0.01361
458.904,-0.01022
459.078,-0.01025
459.251,-0.00871
459.425,-0.00882
459.599,-0.01119
459.772,-0.01235
459.946,-0.0119
460.12,-0.01309
460.293,-0.01334
460.467,-0.01137
460.64,-0.01096
460.814,-0.01156
460.988,-0.01091
461.161,-0.01166
461.335,-0.01303
461.509,-0.01428
461.682,-0.01588
461.856,-0.01468
462.029,-0.01265
462.203,-0.01497
462.377,-0.01879
462.55,-0.01899
462.724,-0.0193
